
> db-ha-manager-frontend@0.1.0 dev
> vite


  VITE v5.4.21  ready in 178 ms

  ➜  Local:   http://localhost:3000/
  ➜  Network: http://192.168.32.130:3000/
  ➜  Network: http://192.168.123.129:3000/
Killed

> db-ha-manager-frontend@0.1.0 dev
> vite


  VITE v5.4.21  ready in 235 ms

  ➜  Local:   http://localhost:3000/
  ➜  Network: http://192.168.32.130:3000/
  ➜  Network: http://192.168.123.129:3000/
12:53:38 PM [vite] http proxy error: /api/tasks
Error: connect ECONNREFUSED 127.0.0.1:8000
    at TCPConnectWrap.afterConnect [as oncomplete] (node:net:1645:16)
12:58:43 PM [vite] http proxy error: /api/tasks
Error: connect ECONNREFUSED 127.0.0.1:8000
    at TCPConnectWrap.afterConnect [as oncomplete] (node:net:1645:16)
12:59:44 PM [vite] http proxy error: /api/tasks
Error: connect ECONNREFUSED 127.0.0.1:8000
    at TCPConnectWrap.afterConnect [as oncomplete] (node:net:1645:16)

> db-ha-manager-frontend@0.1.0 dev
> vite


  VITE v5.4.21  ready in 302 ms

  ➜  Local:   http://localhost:3000/
  ➜  Network: http://192.168.32.130:3000/
  ➜  Network: http://192.168.123.129:3000/
3:16:45 PM [vite] hmr update /src/pages/SetupWizard.tsx
3:16:52 PM [vite] hmr update /src/pages/SetupWizard.tsx
3:16:56 PM [vite] hmr update /src/pages/SetupWizard.tsx
3:17:02 PM [vite] hmr update /src/pages/SetupWizard.tsx
3:17:10 PM [vite] hmr update /src/pages/SetupWizard.tsx
3:17:14 PM [vite] hmr update /src/pages/SetupWizard.tsx
3:17:18 PM [vite] hmr update /src/pages/SetupWizard.tsx
3:17:26 PM [vite] hmr update /src/pages/SetupWizard.tsx
3:17:37 PM [vite] hmr update /src/pages/SetupWizard.tsx
3:34:18 PM [vite] hmr update /src/pages/SetupWizard.tsx
3:35:57 PM [vite] hmr update /src/pages/SetupWizard.tsx
3:52:08 PM [vite] hmr update /src/pages/SetupWizard.tsx
3:52:12 PM [vite] hmr update /src/pages/SetupWizard.tsx
3:52:17 PM [vite] hmr update /src/pages/SetupWizard.tsx
3:52:23 PM [vite] hmr update /src/pages/SetupWizard.tsx
3:52:23 PM [vite] Internal server error: /home/lujingwei/DB-HA-Manager/frontend/src/pages/SetupWizard.tsx: Expecting Unicode escape sequence \uXXXX. (995:28)

  993 |         title: '主备 IP 相同',
  994 |         content: (
> 995 |           <Space direction=\"vertical\" size={8}>
      |                             ^
  996 |             <Text>主备同机存在数据风险，请确认您已理解风险。</Text>
  997 |             <Text type=\"secondary\">继续将沿用单机路径策略，请确保具备隔离与备份计划。</Text>
  998 |           </Space>
  Plugin: vite:react-babel
  File: /home/lujingwei/DB-HA-Manager/frontend/src/pages/SetupWizard.tsx:995:28
  993|          title: '主备 IP 相同',
  994|          content: (
  995|            <Space direction=\"vertical\" size={8}>
     |                              ^
  996|              <Text>主备同机存在数据风险，请确认您已理解风险。</Text>
  997|              <Text type=\"secondary\">继续将沿用单机路径策略，请确保具备隔离与备份计划。</Text>
      at constructor (/home/lujingwei/DB-HA-Manager/frontend/node_modules/@babel/parser/lib/index.js:365:19)
      at TypeScriptParserMixin.raise (/home/lujingwei/DB-HA-Manager/frontend/node_modules/@babel/parser/lib/index.js:6599:19)
      at TypeScriptParserMixin.readWord1 (/home/lujingwei/DB-HA-Manager/frontend/node_modules/@babel/parser/lib/index.js:6559:16)
      at TypeScriptParserMixin.readWord (/home/lujingwei/DB-HA-Manager/frontend/node_modules/@babel/parser/lib/index.js:6579:23)
      at TypeScriptParserMixin.getTokenFromCode (/home/lujingwei/DB-HA-Manager/frontend/node_modules/@babel/parser/lib/index.js:6298:14)
      at TypeScriptParserMixin.getTokenFromCode (/home/lujingwei/DB-HA-Manager/frontend/node_modules/@babel/parser/lib/index.js:4797:11)
      at TypeScriptParserMixin.getTokenFromCode (/home/lujingwei/DB-HA-Manager/frontend/node_modules/@babel/parser/lib/index.js:9987:11)
      at TypeScriptParserMixin.nextToken (/home/lujingwei/DB-HA-Manager/frontend/node_modules/@babel/parser/lib/index.js:5782:10)
      at TypeScriptParserMixin.next (/home/lujingwei/DB-HA-Manager/frontend/node_modules/@babel/parser/lib/index.js:5692:10)
      at TypeScriptParserMixin.eat (/home/lujingwei/DB-HA-Manager/frontend/node_modules/@babel/parser/lib/index.js:5696:12)
      at TypeScriptParserMixin.jsxParseAttribute (/home/lujingwei/DB-HA-Manager/frontend/node_modules/@babel/parser/lib/index.js:4653:23)
      at TypeScriptParserMixin.jsxParseOpeningElementAfterName (/home/lujingwei/DB-HA-Manager/frontend/node_modules/@babel/parser/lib/index.js:4667:28)
      at TypeScriptParserMixin.jsxParseOpeningElementAfterName (/home/lujingwei/DB-HA-Manager/frontend/node_modules/@babel/parser/lib/index.js:10043:18)
      at TypeScriptParserMixin.jsxParseOpeningElementAt (/home/lujingwei/DB-HA-Manager/frontend/node_modules/@babel/parser/lib/index.js:4662:17)
      at TypeScriptParserMixin.jsxParseElementAt (/home/lujingwei/DB-HA-Manager/frontend/node_modules/@babel/parser/lib/index.js:4686:33)
      at TypeScriptParserMixin.jsxParseElement (/home/lujingwei/DB-HA-Manager/frontend/node_modules/@babel/parser/lib/index.js:4749:17)
      at TypeScriptParserMixin.parseExprAtom (/home/lujingwei/DB-HA-Manager/frontend/node_modules/@babel/parser/lib/index.js:4759:19)
      at TypeScriptParserMixin.parseExprSubscripts (/home/lujingwei/DB-HA-Manager/frontend/node_modules/@babel/parser/lib/index.js:11081:23)
      at TypeScriptParserMixin.parseUpdate (/home/lujingwei/DB-HA-Manager/frontend/node_modules/@babel/parser/lib/index.js:11066:21)
      at TypeScriptParserMixin.parseMaybeUnary (/home/lujingwei/DB-HA-Manager/frontend/node_modules/@babel/parser/lib/index.js:11046:23)
      at TypeScriptParserMixin.parseMaybeUnary (/home/lujingwei/DB-HA-Manager/frontend/node_modules/@babel/parser/lib/index.js:9837:18)
      at TypeScriptParserMixin.parseMaybeUnaryOrPrivate (/home/lujingwei/DB-HA-Manager/frontend/node_modules/@babel/parser/lib/index.js:10899:61)
      at TypeScriptParserMixin.parseExprOps (/home/lujingwei/DB-HA-Manager/frontend/node_modules/@babel/parser/lib/index.js:10904:23)
      at TypeScriptParserMixin.parseMaybeConditional (/home/lujingwei/DB-HA-Manager/frontend/node_modules/@babel/parser/lib/index.js:10881:23)
      at TypeScriptParserMixin.parseMaybeAssign (/home/lujingwei/DB-HA-Manager/frontend/node_modules/@babel/parser/lib/index.js:10831:21)
      at /home/lujingwei/DB-HA-Manager/frontend/node_modules/@babel/parser/lib/index.js:9775:39
      at TypeScriptParserMixin.tryParse (/home/lujingwei/DB-HA-Manager/frontend/node_modules/@babel/parser/lib/index.js:6907:20)
      at TypeScriptParserMixin.parseMaybeAssign (/home/lujingwei/DB-HA-Manager/frontend/node_modules/@babel/parser/lib/index.js:9775:18)
      at /home/lujingwei/DB-HA-Manager/frontend/node_modules/@babel/parser/lib/index.js:10800:39
      at TypeScriptParserMixin.allowInAnd (/home/lujingwei/DB-HA-Manager/frontend/node_modules/@babel/parser/lib/index.js:12426:12)
      at TypeScriptParserMixin.parseMaybeAssignAllowIn (/home/lujingwei/DB-HA-Manager/frontend/node_modules/@babel/parser/lib/index.js:10800:17)
      at TypeScriptParserMixin.parseMaybeAssignAllowInOrVoidPattern (/home/lujingwei/DB-HA-Manager/frontend/node_modules/@babel/parser/lib/index.js:12493:17)
      at TypeScriptParserMixin.parseParenAndDistinguishExpression (/home/lujingwei/DB-HA-Manager/frontend/node_modules/@babel/parser/lib/index.js:11675:28)
      at TypeScriptParserMixin.parseExprAtom (/home/lujingwei/DB-HA-Manager/frontend/node_modules/@babel/parser/lib/index.js:11331:23)
      at TypeScriptParserMixin.parseExprAtom (/home/lujingwei/DB-HA-Manager/frontend/node_modules/@babel/parser/lib/index.js:4764:20)
      at TypeScriptParserMixin.parseExprSubscripts (/home/lujingwei/DB-HA-Manager/frontend/node_modules/@babel/parser/lib/index.js:11081:23)
      at TypeScriptParserMixin.parseUpdate (/home/lujingwei/DB-HA-Manager/frontend/node_modules/@babel/parser/lib/index.js:11066:21)
      at TypeScriptParserMixin.parseMaybeUnary (/home/lujingwei/DB-HA-Manager/frontend/node_modules/@babel/parser/lib/index.js:11046:23)
      at TypeScriptParserMixin.parseMaybeUnary (/home/lujingwei/DB-HA-Manager/frontend/node_modules/@babel/parser/lib/index.js:9837:18)
      at TypeScriptParserMixin.parseMaybeUnaryOrPrivate (/home/lujingwei/DB-HA-Manager/frontend/node_modules/@babel/parser/lib/index.js:10899:61)
      at TypeScriptParserMixin.parseExprOps (/home/lujingwei/DB-HA-Manager/frontend/node_modules/@babel/parser/lib/index.js:10904:23)
      at TypeScriptParserMixin.parseMaybeConditional (/home/lujingwei/DB-HA-Manager/frontend/node_modules/@babel/parser/lib/index.js:10881:23)
      at TypeScriptParserMixin.parseMaybeAssign (/home/lujingwei/DB-HA-Manager/frontend/node_modules/@babel/parser/lib/index.js:10831:21)
      at TypeScriptParserMixin.parseMaybeAssign (/home/lujingwei/DB-HA-Manager/frontend/node_modules/@babel/parser/lib/index.js:9786:20)
      at /home/lujingwei/DB-HA-Manager/frontend/node_modules/@babel/parser/lib/index.js:10800:39
      at TypeScriptParserMixin.allowInAnd (/home/lujingwei/DB-HA-Manager/frontend/node_modules/@babel/parser/lib/index.js:12426:12)
      at TypeScriptParserMixin.parseMaybeAssignAllowIn (/home/lujingwei/DB-HA-Manager/frontend/node_modules/@babel/parser/lib/index.js:10800:17)
      at TypeScriptParserMixin.parseMaybeAssignAllowInOrVoidPattern (/home/lujingwei/DB-HA-Manager/frontend/node_modules/@babel/parser/lib/index.js:12493:17)
      at TypeScriptParserMixin.parseObjectProperty (/home/lujingwei/DB-HA-Manager/frontend/node_modules/@babel/parser/lib/index.js:11950:83)
      at TypeScriptParserMixin.parseObjPropValue (/home/lujingwei/DB-HA-Manager/frontend/node_modules/@babel/parser/lib/index.js:11978:100)
3:52:26 PM [vite] hmr update /src/pages/SetupWizard.tsx
3:52:26 PM [vite] Internal server error: /home/lujingwei/DB-HA-Manager/frontend/src/pages/SetupWizard.tsx: Expecting Unicode escape sequence \uXXXX. (995:28)

  993 |         title: '主备 IP 相同',
  994 |         content: (
> 995 |           <Space direction=\"vertical\" size={8}>
      |                             ^
  996 |             <Text>主备同机存在数据风险，请确认您已理解风险。</Text>
  997 |             <Text type=\"secondary\">继续将沿用单机路径策略，请确保具备隔离与备份计划。</Text>
  998 |           </Space>
  Plugin: vite:react-babel
  File: /home/lujingwei/DB-HA-Manager/frontend/src/pages/SetupWizard.tsx:995:28
  993|          title: '主备 IP 相同',
  994|          content: (
  995|            <Space direction=\"vertical\" size={8}>
     |                              ^
  996|              <Text>主备同机存在数据风险，请确认您已理解风险。</Text>
  997|              <Text type=\"secondary\">继续将沿用单机路径策略，请确保具备隔离与备份计划。</Text>
      at constructor (/home/lujingwei/DB-HA-Manager/frontend/node_modules/@babel/parser/lib/index.js:365:19)
      at TypeScriptParserMixin.raise (/home/lujingwei/DB-HA-Manager/frontend/node_modules/@babel/parser/lib/index.js:6599:19)
      at TypeScriptParserMixin.readWord1 (/home/lujingwei/DB-HA-Manager/frontend/node_modules/@babel/parser/lib/index.js:6559:16)
      at TypeScriptParserMixin.readWord (/home/lujingwei/DB-HA-Manager/frontend/node_modules/@babel/parser/lib/index.js:6579:23)
      at TypeScriptParserMixin.getTokenFromCode (/home/lujingwei/DB-HA-Manager/frontend/node_modules/@babel/parser/lib/index.js:6298:14)
      at TypeScriptParserMixin.getTokenFromCode (/home/lujingwei/DB-HA-Manager/frontend/node_modules/@babel/parser/lib/index.js:4797:11)
      at TypeScriptParserMixin.getTokenFromCode (/home/lujingwei/DB-HA-Manager/frontend/node_modules/@babel/parser/lib/index.js:9987:11)
      at TypeScriptParserMixin.nextToken (/home/lujingwei/DB-HA-Manager/frontend/node_modules/@babel/parser/lib/index.js:5782:10)
      at TypeScriptParserMixin.next (/home/lujingwei/DB-HA-Manager/frontend/node_modules/@babel/parser/lib/index.js:5692:10)
      at TypeScriptParserMixin.eat (/home/lujingwei/DB-HA-Manager/frontend/node_modules/@babel/parser/lib/index.js:5696:12)
      at TypeScriptParserMixin.jsxParseAttribute (/home/lujingwei/DB-HA-Manager/frontend/node_modules/@babel/parser/lib/index.js:4653:23)
      at TypeScriptParserMixin.jsxParseOpeningElementAfterName (/home/lujingwei/DB-HA-Manager/frontend/node_modules/@babel/parser/lib/index.js:4667:28)
      at TypeScriptParserMixin.jsxParseOpeningElementAfterName (/home/lujingwei/DB-HA-Manager/frontend/node_modules/@babel/parser/lib/index.js:10043:18)
      at TypeScriptParserMixin.jsxParseOpeningElementAt (/home/lujingwei/DB-HA-Manager/frontend/node_modules/@babel/parser/lib/index.js:4662:17)
      at TypeScriptParserMixin.jsxParseElementAt (/home/lujingwei/DB-HA-Manager/frontend/node_modules/@babel/parser/lib/index.js:4686:33)
      at TypeScriptParserMixin.jsxParseElement (/home/lujingwei/DB-HA-Manager/frontend/node_modules/@babel/parser/lib/index.js:4749:17)
      at TypeScriptParserMixin.parseExprAtom (/home/lujingwei/DB-HA-Manager/frontend/node_modules/@babel/parser/lib/index.js:4759:19)
      at TypeScriptParserMixin.parseExprSubscripts (/home/lujingwei/DB-HA-Manager/frontend/node_modules/@babel/parser/lib/index.js:11081:23)
      at TypeScriptParserMixin.parseUpdate (/home/lujingwei/DB-HA-Manager/frontend/node_modules/@babel/parser/lib/index.js:11066:21)
      at TypeScriptParserMixin.parseMaybeUnary (/home/lujingwei/DB-HA-Manager/frontend/node_modules/@babel/parser/lib/index.js:11046:23)
      at TypeScriptParserMixin.parseMaybeUnary (/home/lujingwei/DB-HA-Manager/frontend/node_modules/@babel/parser/lib/index.js:9837:18)
      at TypeScriptParserMixin.parseMaybeUnaryOrPrivate (/home/lujingwei/DB-HA-Manager/frontend/node_modules/@babel/parser/lib/index.js:10899:61)
      at TypeScriptParserMixin.parseExprOps (/home/lujingwei/DB-HA-Manager/frontend/node_modules/@babel/parser/lib/index.js:10904:23)
      at TypeScriptParserMixin.parseMaybeConditional (/home/lujingwei/DB-HA-Manager/frontend/node_modules/@babel/parser/lib/index.js:10881:23)
      at TypeScriptParserMixin.parseMaybeAssign (/home/lujingwei/DB-HA-Manager/frontend/node_modules/@babel/parser/lib/index.js:10831:21)
      at /home/lujingwei/DB-HA-Manager/frontend/node_modules/@babel/parser/lib/index.js:9775:39
      at TypeScriptParserMixin.tryParse (/home/lujingwei/DB-HA-Manager/frontend/node_modules/@babel/parser/lib/index.js:6907:20)
      at TypeScriptParserMixin.parseMaybeAssign (/home/lujingwei/DB-HA-Manager/frontend/node_modules/@babel/parser/lib/index.js:9775:18)
      at /home/lujingwei/DB-HA-Manager/frontend/node_modules/@babel/parser/lib/index.js:10800:39
      at TypeScriptParserMixin.allowInAnd (/home/lujingwei/DB-HA-Manager/frontend/node_modules/@babel/parser/lib/index.js:12426:12)
      at TypeScriptParserMixin.parseMaybeAssignAllowIn (/home/lujingwei/DB-HA-Manager/frontend/node_modules/@babel/parser/lib/index.js:10800:17)
      at TypeScriptParserMixin.parseMaybeAssignAllowInOrVoidPattern (/home/lujingwei/DB-HA-Manager/frontend/node_modules/@babel/parser/lib/index.js:12493:17)
      at TypeScriptParserMixin.parseParenAndDistinguishExpression (/home/lujingwei/DB-HA-Manager/frontend/node_modules/@babel/parser/lib/index.js:11675:28)
      at TypeScriptParserMixin.parseExprAtom (/home/lujingwei/DB-HA-Manager/frontend/node_modules/@babel/parser/lib/index.js:11331:23)
      at TypeScriptParserMixin.parseExprAtom (/home/lujingwei/DB-HA-Manager/frontend/node_modules/@babel/parser/lib/index.js:4764:20)
      at TypeScriptParserMixin.parseExprSubscripts (/home/lujingwei/DB-HA-Manager/frontend/node_modules/@babel/parser/lib/index.js:11081:23)
      at TypeScriptParserMixin.parseUpdate (/home/lujingwei/DB-HA-Manager/frontend/node_modules/@babel/parser/lib/index.js:11066:21)
      at TypeScriptParserMixin.parseMaybeUnary (/home/lujingwei/DB-HA-Manager/frontend/node_modules/@babel/parser/lib/index.js:11046:23)
      at TypeScriptParserMixin.parseMaybeUnary (/home/lujingwei/DB-HA-Manager/frontend/node_modules/@babel/parser/lib/index.js:9837:18)
      at TypeScriptParserMixin.parseMaybeUnaryOrPrivate (/home/lujingwei/DB-HA-Manager/frontend/node_modules/@babel/parser/lib/index.js:10899:61)
      at TypeScriptParserMixin.parseExprOps (/home/lujingwei/DB-HA-Manager/frontend/node_modules/@babel/parser/lib/index.js:10904:23)
      at TypeScriptParserMixin.parseMaybeConditional (/home/lujingwei/DB-HA-Manager/frontend/node_modules/@babel/parser/lib/index.js:10881:23)
      at TypeScriptParserMixin.parseMaybeAssign (/home/lujingwei/DB-HA-Manager/frontend/node_modules/@babel/parser/lib/index.js:10831:21)
      at TypeScriptParserMixin.parseMaybeAssign (/home/lujingwei/DB-HA-Manager/frontend/node_modules/@babel/parser/lib/index.js:9786:20)
      at /home/lujingwei/DB-HA-Manager/frontend/node_modules/@babel/parser/lib/index.js:10800:39
      at TypeScriptParserMixin.allowInAnd (/home/lujingwei/DB-HA-Manager/frontend/node_modules/@babel/parser/lib/index.js:12426:12)
      at TypeScriptParserMixin.parseMaybeAssignAllowIn (/home/lujingwei/DB-HA-Manager/frontend/node_modules/@babel/parser/lib/index.js:10800:17)
      at TypeScriptParserMixin.parseMaybeAssignAllowInOrVoidPattern (/home/lujingwei/DB-HA-Manager/frontend/node_modules/@babel/parser/lib/index.js:12493:17)
      at TypeScriptParserMixin.parseObjectProperty (/home/lujingwei/DB-HA-Manager/frontend/node_modules/@babel/parser/lib/index.js:11950:83)
      at TypeScriptParserMixin.parseObjPropValue (/home/lujingwei/DB-HA-Manager/frontend/node_modules/@babel/parser/lib/index.js:11978:100)
3:52:33 PM [vite] hmr update /src/pages/SetupWizard.tsx
3:52:33 PM [vite] Internal server error: /home/lujingwei/DB-HA-Manager/frontend/src/pages/SetupWizard.tsx: Expecting Unicode escape sequence \uXXXX. (995:28)

  993 |         title: '主备 IP 相同',
  994 |         content: (
> 995 |           <Space direction=\"vertical\" size={8}>
      |                             ^
  996 |             <Text>主备同机存在数据风险，请确认您已理解风险。</Text>
  997 |             <Text type=\"secondary\">继续将沿用单机路径策略，请确保具备隔离与备份计划。</Text>
  998 |           </Space>
  Plugin: vite:react-babel
  File: /home/lujingwei/DB-HA-Manager/frontend/src/pages/SetupWizard.tsx:995:28
  993|          title: '主备 IP 相同',
  994|          content: (
  995|            <Space direction=\"vertical\" size={8}>
     |                              ^
  996|              <Text>主备同机存在数据风险，请确认您已理解风险。</Text>
  997|              <Text type=\"secondary\">继续将沿用单机路径策略，请确保具备隔离与备份计划。</Text>
      at constructor (/home/lujingwei/DB-HA-Manager/frontend/node_modules/@babel/parser/lib/index.js:365:19)
      at TypeScriptParserMixin.raise (/home/lujingwei/DB-HA-Manager/frontend/node_modules/@babel/parser/lib/index.js:6599:19)
      at TypeScriptParserMixin.readWord1 (/home/lujingwei/DB-HA-Manager/frontend/node_modules/@babel/parser/lib/index.js:6559:16)
      at TypeScriptParserMixin.readWord (/home/lujingwei/DB-HA-Manager/frontend/node_modules/@babel/parser/lib/index.js:6579:23)
      at TypeScriptParserMixin.getTokenFromCode (/home/lujingwei/DB-HA-Manager/frontend/node_modules/@babel/parser/lib/index.js:6298:14)
      at TypeScriptParserMixin.getTokenFromCode (/home/lujingwei/DB-HA-Manager/frontend/node_modules/@babel/parser/lib/index.js:4797:11)
      at TypeScriptParserMixin.getTokenFromCode (/home/lujingwei/DB-HA-Manager/frontend/node_modules/@babel/parser/lib/index.js:9987:11)
      at TypeScriptParserMixin.nextToken (/home/lujingwei/DB-HA-Manager/frontend/node_modules/@babel/parser/lib/index.js:5782:10)
      at TypeScriptParserMixin.next (/home/lujingwei/DB-HA-Manager/frontend/node_modules/@babel/parser/lib/index.js:5692:10)
      at TypeScriptParserMixin.eat (/home/lujingwei/DB-HA-Manager/frontend/node_modules/@babel/parser/lib/index.js:5696:12)
      at TypeScriptParserMixin.jsxParseAttribute (/home/lujingwei/DB-HA-Manager/frontend/node_modules/@babel/parser/lib/index.js:4653:23)
      at TypeScriptParserMixin.jsxParseOpeningElementAfterName (/home/lujingwei/DB-HA-Manager/frontend/node_modules/@babel/parser/lib/index.js:4667:28)
      at TypeScriptParserMixin.jsxParseOpeningElementAfterName (/home/lujingwei/DB-HA-Manager/frontend/node_modules/@babel/parser/lib/index.js:10043:18)
      at TypeScriptParserMixin.jsxParseOpeningElementAt (/home/lujingwei/DB-HA-Manager/frontend/node_modules/@babel/parser/lib/index.js:4662:17)
      at TypeScriptParserMixin.jsxParseElementAt (/home/lujingwei/DB-HA-Manager/frontend/node_modules/@babel/parser/lib/index.js:4686:33)
      at TypeScriptParserMixin.jsxParseElement (/home/lujingwei/DB-HA-Manager/frontend/node_modules/@babel/parser/lib/index.js:4749:17)
      at TypeScriptParserMixin.parseExprAtom (/home/lujingwei/DB-HA-Manager/frontend/node_modules/@babel/parser/lib/index.js:4759:19)
      at TypeScriptParserMixin.parseExprSubscripts (/home/lujingwei/DB-HA-Manager/frontend/node_modules/@babel/parser/lib/index.js:11081:23)
      at TypeScriptParserMixin.parseUpdate (/home/lujingwei/DB-HA-Manager/frontend/node_modules/@babel/parser/lib/index.js:11066:21)
      at TypeScriptParserMixin.parseMaybeUnary (/home/lujingwei/DB-HA-Manager/frontend/node_modules/@babel/parser/lib/index.js:11046:23)
      at TypeScriptParserMixin.parseMaybeUnary (/home/lujingwei/DB-HA-Manager/frontend/node_modules/@babel/parser/lib/index.js:9837:18)
      at TypeScriptParserMixin.parseMaybeUnaryOrPrivate (/home/lujingwei/DB-HA-Manager/frontend/node_modules/@babel/parser/lib/index.js:10899:61)
      at TypeScriptParserMixin.parseExprOps (/home/lujingwei/DB-HA-Manager/frontend/node_modules/@babel/parser/lib/index.js:10904:23)
      at TypeScriptParserMixin.parseMaybeConditional (/home/lujingwei/DB-HA-Manager/frontend/node_modules/@babel/parser/lib/index.js:10881:23)
      at TypeScriptParserMixin.parseMaybeAssign (/home/lujingwei/DB-HA-Manager/frontend/node_modules/@babel/parser/lib/index.js:10831:21)
      at /home/lujingwei/DB-HA-Manager/frontend/node_modules/@babel/parser/lib/index.js:9775:39
      at TypeScriptParserMixin.tryParse (/home/lujingwei/DB-HA-Manager/frontend/node_modules/@babel/parser/lib/index.js:6907:20)
      at TypeScriptParserMixin.parseMaybeAssign (/home/lujingwei/DB-HA-Manager/frontend/node_modules/@babel/parser/lib/index.js:9775:18)
      at /home/lujingwei/DB-HA-Manager/frontend/node_modules/@babel/parser/lib/index.js:10800:39
      at TypeScriptParserMixin.allowInAnd (/home/lujingwei/DB-HA-Manager/frontend/node_modules/@babel/parser/lib/index.js:12426:12)
      at TypeScriptParserMixin.parseMaybeAssignAllowIn (/home/lujingwei/DB-HA-Manager/frontend/node_modules/@babel/parser/lib/index.js:10800:17)
      at TypeScriptParserMixin.parseMaybeAssignAllowInOrVoidPattern (/home/lujingwei/DB-HA-Manager/frontend/node_modules/@babel/parser/lib/index.js:12493:17)
      at TypeScriptParserMixin.parseParenAndDistinguishExpression (/home/lujingwei/DB-HA-Manager/frontend/node_modules/@babel/parser/lib/index.js:11675:28)
      at TypeScriptParserMixin.parseExprAtom (/home/lujingwei/DB-HA-Manager/frontend/node_modules/@babel/parser/lib/index.js:11331:23)
      at TypeScriptParserMixin.parseExprAtom (/home/lujingwei/DB-HA-Manager/frontend/node_modules/@babel/parser/lib/index.js:4764:20)
      at TypeScriptParserMixin.parseExprSubscripts (/home/lujingwei/DB-HA-Manager/frontend/node_modules/@babel/parser/lib/index.js:11081:23)
      at TypeScriptParserMixin.parseUpdate (/home/lujingwei/DB-HA-Manager/frontend/node_modules/@babel/parser/lib/index.js:11066:21)
      at TypeScriptParserMixin.parseMaybeUnary (/home/lujingwei/DB-HA-Manager/frontend/node_modules/@babel/parser/lib/index.js:11046:23)
      at TypeScriptParserMixin.parseMaybeUnary (/home/lujingwei/DB-HA-Manager/frontend/node_modules/@babel/parser/lib/index.js:9837:18)
      at TypeScriptParserMixin.parseMaybeUnaryOrPrivate (/home/lujingwei/DB-HA-Manager/frontend/node_modules/@babel/parser/lib/index.js:10899:61)
      at TypeScriptParserMixin.parseExprOps (/home/lujingwei/DB-HA-Manager/frontend/node_modules/@babel/parser/lib/index.js:10904:23)
      at TypeScriptParserMixin.parseMaybeConditional (/home/lujingwei/DB-HA-Manager/frontend/node_modules/@babel/parser/lib/index.js:10881:23)
      at TypeScriptParserMixin.parseMaybeAssign (/home/lujingwei/DB-HA-Manager/frontend/node_modules/@babel/parser/lib/index.js:10831:21)
      at TypeScriptParserMixin.parseMaybeAssign (/home/lujingwei/DB-HA-Manager/frontend/node_modules/@babel/parser/lib/index.js:9786:20)
      at /home/lujingwei/DB-HA-Manager/frontend/node_modules/@babel/parser/lib/index.js:10800:39
      at TypeScriptParserMixin.allowInAnd (/home/lujingwei/DB-HA-Manager/frontend/node_modules/@babel/parser/lib/index.js:12426:12)
      at TypeScriptParserMixin.parseMaybeAssignAllowIn (/home/lujingwei/DB-HA-Manager/frontend/node_modules/@babel/parser/lib/index.js:10800:17)
      at TypeScriptParserMixin.parseMaybeAssignAllowInOrVoidPattern (/home/lujingwei/DB-HA-Manager/frontend/node_modules/@babel/parser/lib/index.js:12493:17)
      at TypeScriptParserMixin.parseObjectProperty (/home/lujingwei/DB-HA-Manager/frontend/node_modules/@babel/parser/lib/index.js:11950:83)
      at TypeScriptParserMixin.parseObjPropValue (/home/lujingwei/DB-HA-Manager/frontend/node_modules/@babel/parser/lib/index.js:11978:100)
3:52:38 PM [vite] hmr update /src/pages/SetupWizard.tsx
3:52:38 PM [vite] Internal server error: /home/lujingwei/DB-HA-Manager/frontend/src/pages/SetupWizard.tsx: Expecting Unicode escape sequence \uXXXX. (995:28)

  993 |         title: '主备 IP 相同',
  994 |         content: (
> 995 |           <Space direction=\"vertical\" size={8}>
      |                             ^
  996 |             <Text>主备同机存在数据风险，请确认您已理解风险。</Text>
  997 |             <Text type=\"secondary\">继续将沿用单机路径策略，请确保具备隔离与备份计划。</Text>
  998 |           </Space>
  Plugin: vite:react-babel
  File: /home/lujingwei/DB-HA-Manager/frontend/src/pages/SetupWizard.tsx:995:28
  993|          title: '主备 IP 相同',
  994|          content: (
  995|            <Space direction=\"vertical\" size={8}>
     |                              ^
  996|              <Text>主备同机存在数据风险，请确认您已理解风险。</Text>
  997|              <Text type=\"secondary\">继续将沿用单机路径策略，请确保具备隔离与备份计划。</Text>
      at constructor (/home/lujingwei/DB-HA-Manager/frontend/node_modules/@babel/parser/lib/index.js:365:19)
      at TypeScriptParserMixin.raise (/home/lujingwei/DB-HA-Manager/frontend/node_modules/@babel/parser/lib/index.js:6599:19)
      at TypeScriptParserMixin.readWord1 (/home/lujingwei/DB-HA-Manager/frontend/node_modules/@babel/parser/lib/index.js:6559:16)
      at TypeScriptParserMixin.readWord (/home/lujingwei/DB-HA-Manager/frontend/node_modules/@babel/parser/lib/index.js:6579:23)
      at TypeScriptParserMixin.getTokenFromCode (/home/lujingwei/DB-HA-Manager/frontend/node_modules/@babel/parser/lib/index.js:6298:14)
      at TypeScriptParserMixin.getTokenFromCode (/home/lujingwei/DB-HA-Manager/frontend/node_modules/@babel/parser/lib/index.js:4797:11)
      at TypeScriptParserMixin.getTokenFromCode (/home/lujingwei/DB-HA-Manager/frontend/node_modules/@babel/parser/lib/index.js:9987:11)
      at TypeScriptParserMixin.nextToken (/home/lujingwei/DB-HA-Manager/frontend/node_modules/@babel/parser/lib/index.js:5782:10)
      at TypeScriptParserMixin.next (/home/lujingwei/DB-HA-Manager/frontend/node_modules/@babel/parser/lib/index.js:5692:10)
      at TypeScriptParserMixin.eat (/home/lujingwei/DB-HA-Manager/frontend/node_modules/@babel/parser/lib/index.js:5696:12)
      at TypeScriptParserMixin.jsxParseAttribute (/home/lujingwei/DB-HA-Manager/frontend/node_modules/@babel/parser/lib/index.js:4653:23)
      at TypeScriptParserMixin.jsxParseOpeningElementAfterName (/home/lujingwei/DB-HA-Manager/frontend/node_modules/@babel/parser/lib/index.js:4667:28)
      at TypeScriptParserMixin.jsxParseOpeningElementAfterName (/home/lujingwei/DB-HA-Manager/frontend/node_modules/@babel/parser/lib/index.js:10043:18)
      at TypeScriptParserMixin.jsxParseOpeningElementAt (/home/lujingwei/DB-HA-Manager/frontend/node_modules/@babel/parser/lib/index.js:4662:17)
      at TypeScriptParserMixin.jsxParseElementAt (/home/lujingwei/DB-HA-Manager/frontend/node_modules/@babel/parser/lib/index.js:4686:33)
      at TypeScriptParserMixin.jsxParseElement (/home/lujingwei/DB-HA-Manager/frontend/node_modules/@babel/parser/lib/index.js:4749:17)
      at TypeScriptParserMixin.parseExprAtom (/home/lujingwei/DB-HA-Manager/frontend/node_modules/@babel/parser/lib/index.js:4759:19)
      at TypeScriptParserMixin.parseExprSubscripts (/home/lujingwei/DB-HA-Manager/frontend/node_modules/@babel/parser/lib/index.js:11081:23)
      at TypeScriptParserMixin.parseUpdate (/home/lujingwei/DB-HA-Manager/frontend/node_modules/@babel/parser/lib/index.js:11066:21)
      at TypeScriptParserMixin.parseMaybeUnary (/home/lujingwei/DB-HA-Manager/frontend/node_modules/@babel/parser/lib/index.js:11046:23)
      at TypeScriptParserMixin.parseMaybeUnary (/home/lujingwei/DB-HA-Manager/frontend/node_modules/@babel/parser/lib/index.js:9837:18)
      at TypeScriptParserMixin.parseMaybeUnaryOrPrivate (/home/lujingwei/DB-HA-Manager/frontend/node_modules/@babel/parser/lib/index.js:10899:61)
      at TypeScriptParserMixin.parseExprOps (/home/lujingwei/DB-HA-Manager/frontend/node_modules/@babel/parser/lib/index.js:10904:23)
      at TypeScriptParserMixin.parseMaybeConditional (/home/lujingwei/DB-HA-Manager/frontend/node_modules/@babel/parser/lib/index.js:10881:23)
      at TypeScriptParserMixin.parseMaybeAssign (/home/lujingwei/DB-HA-Manager/frontend/node_modules/@babel/parser/lib/index.js:10831:21)
      at /home/lujingwei/DB-HA-Manager/frontend/node_modules/@babel/parser/lib/index.js:9775:39
      at TypeScriptParserMixin.tryParse (/home/lujingwei/DB-HA-Manager/frontend/node_modules/@babel/parser/lib/index.js:6907:20)
      at TypeScriptParserMixin.parseMaybeAssign (/home/lujingwei/DB-HA-Manager/frontend/node_modules/@babel/parser/lib/index.js:9775:18)
      at /home/lujingwei/DB-HA-Manager/frontend/node_modules/@babel/parser/lib/index.js:10800:39
      at TypeScriptParserMixin.allowInAnd (/home/lujingwei/DB-HA-Manager/frontend/node_modules/@babel/parser/lib/index.js:12426:12)
      at TypeScriptParserMixin.parseMaybeAssignAllowIn (/home/lujingwei/DB-HA-Manager/frontend/node_modules/@babel/parser/lib/index.js:10800:17)
      at TypeScriptParserMixin.parseMaybeAssignAllowInOrVoidPattern (/home/lujingwei/DB-HA-Manager/frontend/node_modules/@babel/parser/lib/index.js:12493:17)
      at TypeScriptParserMixin.parseParenAndDistinguishExpression (/home/lujingwei/DB-HA-Manager/frontend/node_modules/@babel/parser/lib/index.js:11675:28)
      at TypeScriptParserMixin.parseExprAtom (/home/lujingwei/DB-HA-Manager/frontend/node_modules/@babel/parser/lib/index.js:11331:23)
      at TypeScriptParserMixin.parseExprAtom (/home/lujingwei/DB-HA-Manager/frontend/node_modules/@babel/parser/lib/index.js:4764:20)
      at TypeScriptParserMixin.parseExprSubscripts (/home/lujingwei/DB-HA-Manager/frontend/node_modules/@babel/parser/lib/index.js:11081:23)
      at TypeScriptParserMixin.parseUpdate (/home/lujingwei/DB-HA-Manager/frontend/node_modules/@babel/parser/lib/index.js:11066:21)
      at TypeScriptParserMixin.parseMaybeUnary (/home/lujingwei/DB-HA-Manager/frontend/node_modules/@babel/parser/lib/index.js:11046:23)
      at TypeScriptParserMixin.parseMaybeUnary (/home/lujingwei/DB-HA-Manager/frontend/node_modules/@babel/parser/lib/index.js:9837:18)
      at TypeScriptParserMixin.parseMaybeUnaryOrPrivate (/home/lujingwei/DB-HA-Manager/frontend/node_modules/@babel/parser/lib/index.js:10899:61)
      at TypeScriptParserMixin.parseExprOps (/home/lujingwei/DB-HA-Manager/frontend/node_modules/@babel/parser/lib/index.js:10904:23)
      at TypeScriptParserMixin.parseMaybeConditional (/home/lujingwei/DB-HA-Manager/frontend/node_modules/@babel/parser/lib/index.js:10881:23)
      at TypeScriptParserMixin.parseMaybeAssign (/home/lujingwei/DB-HA-Manager/frontend/node_modules/@babel/parser/lib/index.js:10831:21)
      at TypeScriptParserMixin.parseMaybeAssign (/home/lujingwei/DB-HA-Manager/frontend/node_modules/@babel/parser/lib/index.js:9786:20)
      at /home/lujingwei/DB-HA-Manager/frontend/node_modules/@babel/parser/lib/index.js:10800:39
      at TypeScriptParserMixin.allowInAnd (/home/lujingwei/DB-HA-Manager/frontend/node_modules/@babel/parser/lib/index.js:12426:12)
      at TypeScriptParserMixin.parseMaybeAssignAllowIn (/home/lujingwei/DB-HA-Manager/frontend/node_modules/@babel/parser/lib/index.js:10800:17)
      at TypeScriptParserMixin.parseMaybeAssignAllowInOrVoidPattern (/home/lujingwei/DB-HA-Manager/frontend/node_modules/@babel/parser/lib/index.js:12493:17)
      at TypeScriptParserMixin.parseObjectProperty (/home/lujingwei/DB-HA-Manager/frontend/node_modules/@babel/parser/lib/index.js:11950:83)
      at TypeScriptParserMixin.parseObjPropValue (/home/lujingwei/DB-HA-Manager/frontend/node_modules/@babel/parser/lib/index.js:11978:100)
3:52:42 PM [vite] hmr update /src/pages/SetupWizard.tsx
3:52:42 PM [vite] Internal server error: /home/lujingwei/DB-HA-Manager/frontend/src/pages/SetupWizard.tsx: Expecting Unicode escape sequence \uXXXX. (995:28)

  993 |         title: '主备 IP 相同',
  994 |         content: (
> 995 |           <Space direction=\"vertical\" size={8}>
      |                             ^
  996 |             <Text>主备同机存在数据风险，请确认您已理解风险。</Text>
  997 |             <Text type=\"secondary\">继续将沿用单机路径策略，请确保具备隔离与备份计划。</Text>
  998 |           </Space>
  Plugin: vite:react-babel
  File: /home/lujingwei/DB-HA-Manager/frontend/src/pages/SetupWizard.tsx:995:28
  993|          title: '主备 IP 相同',
  994|          content: (
  995|            <Space direction=\"vertical\" size={8}>
     |                              ^
  996|              <Text>主备同机存在数据风险，请确认您已理解风险。</Text>
  997|              <Text type=\"secondary\">继续将沿用单机路径策略，请确保具备隔离与备份计划。</Text>
      at constructor (/home/lujingwei/DB-HA-Manager/frontend/node_modules/@babel/parser/lib/index.js:365:19)
      at TypeScriptParserMixin.raise (/home/lujingwei/DB-HA-Manager/frontend/node_modules/@babel/parser/lib/index.js:6599:19)
      at TypeScriptParserMixin.readWord1 (/home/lujingwei/DB-HA-Manager/frontend/node_modules/@babel/parser/lib/index.js:6559:16)
      at TypeScriptParserMixin.readWord (/home/lujingwei/DB-HA-Manager/frontend/node_modules/@babel/parser/lib/index.js:6579:23)
      at TypeScriptParserMixin.getTokenFromCode (/home/lujingwei/DB-HA-Manager/frontend/node_modules/@babel/parser/lib/index.js:6298:14)
      at TypeScriptParserMixin.getTokenFromCode (/home/lujingwei/DB-HA-Manager/frontend/node_modules/@babel/parser/lib/index.js:4797:11)
      at TypeScriptParserMixin.getTokenFromCode (/home/lujingwei/DB-HA-Manager/frontend/node_modules/@babel/parser/lib/index.js:9987:11)
      at TypeScriptParserMixin.nextToken (/home/lujingwei/DB-HA-Manager/frontend/node_modules/@babel/parser/lib/index.js:5782:10)
      at TypeScriptParserMixin.next (/home/lujingwei/DB-HA-Manager/frontend/node_modules/@babel/parser/lib/index.js:5692:10)
      at TypeScriptParserMixin.eat (/home/lujingwei/DB-HA-Manager/frontend/node_modules/@babel/parser/lib/index.js:5696:12)
      at TypeScriptParserMixin.jsxParseAttribute (/home/lujingwei/DB-HA-Manager/frontend/node_modules/@babel/parser/lib/index.js:4653:23)
      at TypeScriptParserMixin.jsxParseOpeningElementAfterName (/home/lujingwei/DB-HA-Manager/frontend/node_modules/@babel/parser/lib/index.js:4667:28)
      at TypeScriptParserMixin.jsxParseOpeningElementAfterName (/home/lujingwei/DB-HA-Manager/frontend/node_modules/@babel/parser/lib/index.js:10043:18)
      at TypeScriptParserMixin.jsxParseOpeningElementAt (/home/lujingwei/DB-HA-Manager/frontend/node_modules/@babel/parser/lib/index.js:4662:17)
      at TypeScriptParserMixin.jsxParseElementAt (/home/lujingwei/DB-HA-Manager/frontend/node_modules/@babel/parser/lib/index.js:4686:33)
      at TypeScriptParserMixin.jsxParseElement (/home/lujingwei/DB-HA-Manager/frontend/node_modules/@babel/parser/lib/index.js:4749:17)
      at TypeScriptParserMixin.parseExprAtom (/home/lujingwei/DB-HA-Manager/frontend/node_modules/@babel/parser/lib/index.js:4759:19)
      at TypeScriptParserMixin.parseExprSubscripts (/home/lujingwei/DB-HA-Manager/frontend/node_modules/@babel/parser/lib/index.js:11081:23)
      at TypeScriptParserMixin.parseUpdate (/home/lujingwei/DB-HA-Manager/frontend/node_modules/@babel/parser/lib/index.js:11066:21)
      at TypeScriptParserMixin.parseMaybeUnary (/home/lujingwei/DB-HA-Manager/frontend/node_modules/@babel/parser/lib/index.js:11046:23)
      at TypeScriptParserMixin.parseMaybeUnary (/home/lujingwei/DB-HA-Manager/frontend/node_modules/@babel/parser/lib/index.js:9837:18)
      at TypeScriptParserMixin.parseMaybeUnaryOrPrivate (/home/lujingwei/DB-HA-Manager/frontend/node_modules/@babel/parser/lib/index.js:10899:61)
      at TypeScriptParserMixin.parseExprOps (/home/lujingwei/DB-HA-Manager/frontend/node_modules/@babel/parser/lib/index.js:10904:23)
      at TypeScriptParserMixin.parseMaybeConditional (/home/lujingwei/DB-HA-Manager/frontend/node_modules/@babel/parser/lib/index.js:10881:23)
      at TypeScriptParserMixin.parseMaybeAssign (/home/lujingwei/DB-HA-Manager/frontend/node_modules/@babel/parser/lib/index.js:10831:21)
      at /home/lujingwei/DB-HA-Manager/frontend/node_modules/@babel/parser/lib/index.js:9775:39
      at TypeScriptParserMixin.tryParse (/home/lujingwei/DB-HA-Manager/frontend/node_modules/@babel/parser/lib/index.js:6907:20)
      at TypeScriptParserMixin.parseMaybeAssign (/home/lujingwei/DB-HA-Manager/frontend/node_modules/@babel/parser/lib/index.js:9775:18)
      at /home/lujingwei/DB-HA-Manager/frontend/node_modules/@babel/parser/lib/index.js:10800:39
      at TypeScriptParserMixin.allowInAnd (/home/lujingwei/DB-HA-Manager/frontend/node_modules/@babel/parser/lib/index.js:12426:12)
      at TypeScriptParserMixin.parseMaybeAssignAllowIn (/home/lujingwei/DB-HA-Manager/frontend/node_modules/@babel/parser/lib/index.js:10800:17)
      at TypeScriptParserMixin.parseMaybeAssignAllowInOrVoidPattern (/home/lujingwei/DB-HA-Manager/frontend/node_modules/@babel/parser/lib/index.js:12493:17)
      at TypeScriptParserMixin.parseParenAndDistinguishExpression (/home/lujingwei/DB-HA-Manager/frontend/node_modules/@babel/parser/lib/index.js:11675:28)
      at TypeScriptParserMixin.parseExprAtom (/home/lujingwei/DB-HA-Manager/frontend/node_modules/@babel/parser/lib/index.js:11331:23)
      at TypeScriptParserMixin.parseExprAtom (/home/lujingwei/DB-HA-Manager/frontend/node_modules/@babel/parser/lib/index.js:4764:20)
      at TypeScriptParserMixin.parseExprSubscripts (/home/lujingwei/DB-HA-Manager/frontend/node_modules/@babel/parser/lib/index.js:11081:23)
      at TypeScriptParserMixin.parseUpdate (/home/lujingwei/DB-HA-Manager/frontend/node_modules/@babel/parser/lib/index.js:11066:21)
      at TypeScriptParserMixin.parseMaybeUnary (/home/lujingwei/DB-HA-Manager/frontend/node_modules/@babel/parser/lib/index.js:11046:23)
      at TypeScriptParserMixin.parseMaybeUnary (/home/lujingwei/DB-HA-Manager/frontend/node_modules/@babel/parser/lib/index.js:9837:18)
      at TypeScriptParserMixin.parseMaybeUnaryOrPrivate (/home/lujingwei/DB-HA-Manager/frontend/node_modules/@babel/parser/lib/index.js:10899:61)
      at TypeScriptParserMixin.parseExprOps (/home/lujingwei/DB-HA-Manager/frontend/node_modules/@babel/parser/lib/index.js:10904:23)
      at TypeScriptParserMixin.parseMaybeConditional (/home/lujingwei/DB-HA-Manager/frontend/node_modules/@babel/parser/lib/index.js:10881:23)
      at TypeScriptParserMixin.parseMaybeAssign (/home/lujingwei/DB-HA-Manager/frontend/node_modules/@babel/parser/lib/index.js:10831:21)
      at TypeScriptParserMixin.parseMaybeAssign (/home/lujingwei/DB-HA-Manager/frontend/node_modules/@babel/parser/lib/index.js:9786:20)
      at /home/lujingwei/DB-HA-Manager/frontend/node_modules/@babel/parser/lib/index.js:10800:39
      at TypeScriptParserMixin.allowInAnd (/home/lujingwei/DB-HA-Manager/frontend/node_modules/@babel/parser/lib/index.js:12426:12)
      at TypeScriptParserMixin.parseMaybeAssignAllowIn (/home/lujingwei/DB-HA-Manager/frontend/node_modules/@babel/parser/lib/index.js:10800:17)
      at TypeScriptParserMixin.parseMaybeAssignAllowInOrVoidPattern (/home/lujingwei/DB-HA-Manager/frontend/node_modules/@babel/parser/lib/index.js:12493:17)
      at TypeScriptParserMixin.parseObjectProperty (/home/lujingwei/DB-HA-Manager/frontend/node_modules/@babel/parser/lib/index.js:11950:83)
      at TypeScriptParserMixin.parseObjPropValue (/home/lujingwei/DB-HA-Manager/frontend/node_modules/@babel/parser/lib/index.js:11978:100)
3:52:44 PM [vite] hmr update /src/pages/SetupWizard.tsx
3:52:44 PM [vite] Internal server error: /home/lujingwei/DB-HA-Manager/frontend/src/pages/SetupWizard.tsx: Expecting Unicode escape sequence \uXXXX. (995:28)

  993 |         title: '主备 IP 相同',
  994 |         content: (
> 995 |           <Space direction=\"vertical\" size={8}>
      |                             ^
  996 |             <Text>主备同机存在数据风险，请确认您已理解风险。</Text>
  997 |             <Text type=\"secondary\">继续将沿用单机路径策略，请确保具备隔离与备份计划。</Text>
  998 |           </Space>
  Plugin: vite:react-babel
  File: /home/lujingwei/DB-HA-Manager/frontend/src/pages/SetupWizard.tsx:995:28
  993|          title: '主备 IP 相同',
  994|          content: (
  995|            <Space direction=\"vertical\" size={8}>
     |                              ^
  996|              <Text>主备同机存在数据风险，请确认您已理解风险。</Text>
  997|              <Text type=\"secondary\">继续将沿用单机路径策略，请确保具备隔离与备份计划。</Text>
      at constructor (/home/lujingwei/DB-HA-Manager/frontend/node_modules/@babel/parser/lib/index.js:365:19)
      at TypeScriptParserMixin.raise (/home/lujingwei/DB-HA-Manager/frontend/node_modules/@babel/parser/lib/index.js:6599:19)
      at TypeScriptParserMixin.readWord1 (/home/lujingwei/DB-HA-Manager/frontend/node_modules/@babel/parser/lib/index.js:6559:16)
      at TypeScriptParserMixin.readWord (/home/lujingwei/DB-HA-Manager/frontend/node_modules/@babel/parser/lib/index.js:6579:23)
      at TypeScriptParserMixin.getTokenFromCode (/home/lujingwei/DB-HA-Manager/frontend/node_modules/@babel/parser/lib/index.js:6298:14)
      at TypeScriptParserMixin.getTokenFromCode (/home/lujingwei/DB-HA-Manager/frontend/node_modules/@babel/parser/lib/index.js:4797:11)
      at TypeScriptParserMixin.getTokenFromCode (/home/lujingwei/DB-HA-Manager/frontend/node_modules/@babel/parser/lib/index.js:9987:11)
      at TypeScriptParserMixin.nextToken (/home/lujingwei/DB-HA-Manager/frontend/node_modules/@babel/parser/lib/index.js:5782:10)
      at TypeScriptParserMixin.next (/home/lujingwei/DB-HA-Manager/frontend/node_modules/@babel/parser/lib/index.js:5692:10)
      at TypeScriptParserMixin.eat (/home/lujingwei/DB-HA-Manager/frontend/node_modules/@babel/parser/lib/index.js:5696:12)
      at TypeScriptParserMixin.jsxParseAttribute (/home/lujingwei/DB-HA-Manager/frontend/node_modules/@babel/parser/lib/index.js:4653:23)
      at TypeScriptParserMixin.jsxParseOpeningElementAfterName (/home/lujingwei/DB-HA-Manager/frontend/node_modules/@babel/parser/lib/index.js:4667:28)
      at TypeScriptParserMixin.jsxParseOpeningElementAfterName (/home/lujingwei/DB-HA-Manager/frontend/node_modules/@babel/parser/lib/index.js:10043:18)
      at TypeScriptParserMixin.jsxParseOpeningElementAt (/home/lujingwei/DB-HA-Manager/frontend/node_modules/@babel/parser/lib/index.js:4662:17)
      at TypeScriptParserMixin.jsxParseElementAt (/home/lujingwei/DB-HA-Manager/frontend/node_modules/@babel/parser/lib/index.js:4686:33)
      at TypeScriptParserMixin.jsxParseElement (/home/lujingwei/DB-HA-Manager/frontend/node_modules/@babel/parser/lib/index.js:4749:17)
      at TypeScriptParserMixin.parseExprAtom (/home/lujingwei/DB-HA-Manager/frontend/node_modules/@babel/parser/lib/index.js:4759:19)
      at TypeScriptParserMixin.parseExprSubscripts (/home/lujingwei/DB-HA-Manager/frontend/node_modules/@babel/parser/lib/index.js:11081:23)
      at TypeScriptParserMixin.parseUpdate (/home/lujingwei/DB-HA-Manager/frontend/node_modules/@babel/parser/lib/index.js:11066:21)
      at TypeScriptParserMixin.parseMaybeUnary (/home/lujingwei/DB-HA-Manager/frontend/node_modules/@babel/parser/lib/index.js:11046:23)
      at TypeScriptParserMixin.parseMaybeUnary (/home/lujingwei/DB-HA-Manager/frontend/node_modules/@babel/parser/lib/index.js:9837:18)
      at TypeScriptParserMixin.parseMaybeUnaryOrPrivate (/home/lujingwei/DB-HA-Manager/frontend/node_modules/@babel/parser/lib/index.js:10899:61)
      at TypeScriptParserMixin.parseExprOps (/home/lujingwei/DB-HA-Manager/frontend/node_modules/@babel/parser/lib/index.js:10904:23)
      at TypeScriptParserMixin.parseMaybeConditional (/home/lujingwei/DB-HA-Manager/frontend/node_modules/@babel/parser/lib/index.js:10881:23)
      at TypeScriptParserMixin.parseMaybeAssign (/home/lujingwei/DB-HA-Manager/frontend/node_modules/@babel/parser/lib/index.js:10831:21)
      at /home/lujingwei/DB-HA-Manager/frontend/node_modules/@babel/parser/lib/index.js:9775:39
      at TypeScriptParserMixin.tryParse (/home/lujingwei/DB-HA-Manager/frontend/node_modules/@babel/parser/lib/index.js:6907:20)
      at TypeScriptParserMixin.parseMaybeAssign (/home/lujingwei/DB-HA-Manager/frontend/node_modules/@babel/parser/lib/index.js:9775:18)
      at /home/lujingwei/DB-HA-Manager/frontend/node_modules/@babel/parser/lib/index.js:10800:39
      at TypeScriptParserMixin.allowInAnd (/home/lujingwei/DB-HA-Manager/frontend/node_modules/@babel/parser/lib/index.js:12426:12)
      at TypeScriptParserMixin.parseMaybeAssignAllowIn (/home/lujingwei/DB-HA-Manager/frontend/node_modules/@babel/parser/lib/index.js:10800:17)
      at TypeScriptParserMixin.parseMaybeAssignAllowInOrVoidPattern (/home/lujingwei/DB-HA-Manager/frontend/node_modules/@babel/parser/lib/index.js:12493:17)
      at TypeScriptParserMixin.parseParenAndDistinguishExpression (/home/lujingwei/DB-HA-Manager/frontend/node_modules/@babel/parser/lib/index.js:11675:28)
      at TypeScriptParserMixin.parseExprAtom (/home/lujingwei/DB-HA-Manager/frontend/node_modules/@babel/parser/lib/index.js:11331:23)
      at TypeScriptParserMixin.parseExprAtom (/home/lujingwei/DB-HA-Manager/frontend/node_modules/@babel/parser/lib/index.js:4764:20)
      at TypeScriptParserMixin.parseExprSubscripts (/home/lujingwei/DB-HA-Manager/frontend/node_modules/@babel/parser/lib/index.js:11081:23)
      at TypeScriptParserMixin.parseUpdate (/home/lujingwei/DB-HA-Manager/frontend/node_modules/@babel/parser/lib/index.js:11066:21)
      at TypeScriptParserMixin.parseMaybeUnary (/home/lujingwei/DB-HA-Manager/frontend/node_modules/@babel/parser/lib/index.js:11046:23)
      at TypeScriptParserMixin.parseMaybeUnary (/home/lujingwei/DB-HA-Manager/frontend/node_modules/@babel/parser/lib/index.js:9837:18)
      at TypeScriptParserMixin.parseMaybeUnaryOrPrivate (/home/lujingwei/DB-HA-Manager/frontend/node_modules/@babel/parser/lib/index.js:10899:61)
      at TypeScriptParserMixin.parseExprOps (/home/lujingwei/DB-HA-Manager/frontend/node_modules/@babel/parser/lib/index.js:10904:23)
      at TypeScriptParserMixin.parseMaybeConditional (/home/lujingwei/DB-HA-Manager/frontend/node_modules/@babel/parser/lib/index.js:10881:23)
      at TypeScriptParserMixin.parseMaybeAssign (/home/lujingwei/DB-HA-Manager/frontend/node_modules/@babel/parser/lib/index.js:10831:21)
      at TypeScriptParserMixin.parseMaybeAssign (/home/lujingwei/DB-HA-Manager/frontend/node_modules/@babel/parser/lib/index.js:9786:20)
      at /home/lujingwei/DB-HA-Manager/frontend/node_modules/@babel/parser/lib/index.js:10800:39
      at TypeScriptParserMixin.allowInAnd (/home/lujingwei/DB-HA-Manager/frontend/node_modules/@babel/parser/lib/index.js:12426:12)
      at TypeScriptParserMixin.parseMaybeAssignAllowIn (/home/lujingwei/DB-HA-Manager/frontend/node_modules/@babel/parser/lib/index.js:10800:17)
      at TypeScriptParserMixin.parseMaybeAssignAllowInOrVoidPattern (/home/lujingwei/DB-HA-Manager/frontend/node_modules/@babel/parser/lib/index.js:12493:17)
      at TypeScriptParserMixin.parseObjectProperty (/home/lujingwei/DB-HA-Manager/frontend/node_modules/@babel/parser/lib/index.js:11950:83)
      at TypeScriptParserMixin.parseObjPropValue (/home/lujingwei/DB-HA-Manager/frontend/node_modules/@babel/parser/lib/index.js:11978:100)
3:52:48 PM [vite] hmr update /src/pages/SetupWizard.tsx
3:52:48 PM [vite] Internal server error: /home/lujingwei/DB-HA-Manager/frontend/src/pages/SetupWizard.tsx: Expecting Unicode escape sequence \uXXXX. (995:28)

  993 |         title: '主备 IP 相同',
  994 |         content: (
> 995 |           <Space direction=\"vertical\" size={8}>
      |                             ^
  996 |             <Text>主备同机存在数据风险，请确认您已理解风险。</Text>
  997 |             <Text type=\"secondary\">继续将沿用单机路径策略，请确保具备隔离与备份计划。</Text>
  998 |           </Space>
  Plugin: vite:react-babel
  File: /home/lujingwei/DB-HA-Manager/frontend/src/pages/SetupWizard.tsx:995:28
  993|          title: '主备 IP 相同',
  994|          content: (
  995|            <Space direction=\"vertical\" size={8}>
     |                              ^
  996|              <Text>主备同机存在数据风险，请确认您已理解风险。</Text>
  997|              <Text type=\"secondary\">继续将沿用单机路径策略，请确保具备隔离与备份计划。</Text>
      at constructor (/home/lujingwei/DB-HA-Manager/frontend/node_modules/@babel/parser/lib/index.js:365:19)
      at TypeScriptParserMixin.raise (/home/lujingwei/DB-HA-Manager/frontend/node_modules/@babel/parser/lib/index.js:6599:19)
      at TypeScriptParserMixin.readWord1 (/home/lujingwei/DB-HA-Manager/frontend/node_modules/@babel/parser/lib/index.js:6559:16)
      at TypeScriptParserMixin.readWord (/home/lujingwei/DB-HA-Manager/frontend/node_modules/@babel/parser/lib/index.js:6579:23)
      at TypeScriptParserMixin.getTokenFromCode (/home/lujingwei/DB-HA-Manager/frontend/node_modules/@babel/parser/lib/index.js:6298:14)
      at TypeScriptParserMixin.getTokenFromCode (/home/lujingwei/DB-HA-Manager/frontend/node_modules/@babel/parser/lib/index.js:4797:11)
      at TypeScriptParserMixin.getTokenFromCode (/home/lujingwei/DB-HA-Manager/frontend/node_modules/@babel/parser/lib/index.js:9987:11)
      at TypeScriptParserMixin.nextToken (/home/lujingwei/DB-HA-Manager/frontend/node_modules/@babel/parser/lib/index.js:5782:10)
      at TypeScriptParserMixin.next (/home/lujingwei/DB-HA-Manager/frontend/node_modules/@babel/parser/lib/index.js:5692:10)
      at TypeScriptParserMixin.eat (/home/lujingwei/DB-HA-Manager/frontend/node_modules/@babel/parser/lib/index.js:5696:12)
      at TypeScriptParserMixin.jsxParseAttribute (/home/lujingwei/DB-HA-Manager/frontend/node_modules/@babel/parser/lib/index.js:4653:23)
      at TypeScriptParserMixin.jsxParseOpeningElementAfterName (/home/lujingwei/DB-HA-Manager/frontend/node_modules/@babel/parser/lib/index.js:4667:28)
      at TypeScriptParserMixin.jsxParseOpeningElementAfterName (/home/lujingwei/DB-HA-Manager/frontend/node_modules/@babel/parser/lib/index.js:10043:18)
      at TypeScriptParserMixin.jsxParseOpeningElementAt (/home/lujingwei/DB-HA-Manager/frontend/node_modules/@babel/parser/lib/index.js:4662:17)
      at TypeScriptParserMixin.jsxParseElementAt (/home/lujingwei/DB-HA-Manager/frontend/node_modules/@babel/parser/lib/index.js:4686:33)
      at TypeScriptParserMixin.jsxParseElement (/home/lujingwei/DB-HA-Manager/frontend/node_modules/@babel/parser/lib/index.js:4749:17)
      at TypeScriptParserMixin.parseExprAtom (/home/lujingwei/DB-HA-Manager/frontend/node_modules/@babel/parser/lib/index.js:4759:19)
      at TypeScriptParserMixin.parseExprSubscripts (/home/lujingwei/DB-HA-Manager/frontend/node_modules/@babel/parser/lib/index.js:11081:23)
      at TypeScriptParserMixin.parseUpdate (/home/lujingwei/DB-HA-Manager/frontend/node_modules/@babel/parser/lib/index.js:11066:21)
      at TypeScriptParserMixin.parseMaybeUnary (/home/lujingwei/DB-HA-Manager/frontend/node_modules/@babel/parser/lib/index.js:11046:23)
      at TypeScriptParserMixin.parseMaybeUnary (/home/lujingwei/DB-HA-Manager/frontend/node_modules/@babel/parser/lib/index.js:9837:18)
      at TypeScriptParserMixin.parseMaybeUnaryOrPrivate (/home/lujingwei/DB-HA-Manager/frontend/node_modules/@babel/parser/lib/index.js:10899:61)
      at TypeScriptParserMixin.parseExprOps (/home/lujingwei/DB-HA-Manager/frontend/node_modules/@babel/parser/lib/index.js:10904:23)
      at TypeScriptParserMixin.parseMaybeConditional (/home/lujingwei/DB-HA-Manager/frontend/node_modules/@babel/parser/lib/index.js:10881:23)
      at TypeScriptParserMixin.parseMaybeAssign (/home/lujingwei/DB-HA-Manager/frontend/node_modules/@babel/parser/lib/index.js:10831:21)
      at /home/lujingwei/DB-HA-Manager/frontend/node_modules/@babel/parser/lib/index.js:9775:39
      at TypeScriptParserMixin.tryParse (/home/lujingwei/DB-HA-Manager/frontend/node_modules/@babel/parser/lib/index.js:6907:20)
      at TypeScriptParserMixin.parseMaybeAssign (/home/lujingwei/DB-HA-Manager/frontend/node_modules/@babel/parser/lib/index.js:9775:18)
      at /home/lujingwei/DB-HA-Manager/frontend/node_modules/@babel/parser/lib/index.js:10800:39
      at TypeScriptParserMixin.allowInAnd (/home/lujingwei/DB-HA-Manager/frontend/node_modules/@babel/parser/lib/index.js:12426:12)
      at TypeScriptParserMixin.parseMaybeAssignAllowIn (/home/lujingwei/DB-HA-Manager/frontend/node_modules/@babel/parser/lib/index.js:10800:17)
      at TypeScriptParserMixin.parseMaybeAssignAllowInOrVoidPattern (/home/lujingwei/DB-HA-Manager/frontend/node_modules/@babel/parser/lib/index.js:12493:17)
      at TypeScriptParserMixin.parseParenAndDistinguishExpression (/home/lujingwei/DB-HA-Manager/frontend/node_modules/@babel/parser/lib/index.js:11675:28)
      at TypeScriptParserMixin.parseExprAtom (/home/lujingwei/DB-HA-Manager/frontend/node_modules/@babel/parser/lib/index.js:11331:23)
      at TypeScriptParserMixin.parseExprAtom (/home/lujingwei/DB-HA-Manager/frontend/node_modules/@babel/parser/lib/index.js:4764:20)
      at TypeScriptParserMixin.parseExprSubscripts (/home/lujingwei/DB-HA-Manager/frontend/node_modules/@babel/parser/lib/index.js:11081:23)
      at TypeScriptParserMixin.parseUpdate (/home/lujingwei/DB-HA-Manager/frontend/node_modules/@babel/parser/lib/index.js:11066:21)
      at TypeScriptParserMixin.parseMaybeUnary (/home/lujingwei/DB-HA-Manager/frontend/node_modules/@babel/parser/lib/index.js:11046:23)
      at TypeScriptParserMixin.parseMaybeUnary (/home/lujingwei/DB-HA-Manager/frontend/node_modules/@babel/parser/lib/index.js:9837:18)
      at TypeScriptParserMixin.parseMaybeUnaryOrPrivate (/home/lujingwei/DB-HA-Manager/frontend/node_modules/@babel/parser/lib/index.js:10899:61)
      at TypeScriptParserMixin.parseExprOps (/home/lujingwei/DB-HA-Manager/frontend/node_modules/@babel/parser/lib/index.js:10904:23)
      at TypeScriptParserMixin.parseMaybeConditional (/home/lujingwei/DB-HA-Manager/frontend/node_modules/@babel/parser/lib/index.js:10881:23)
      at TypeScriptParserMixin.parseMaybeAssign (/home/lujingwei/DB-HA-Manager/frontend/node_modules/@babel/parser/lib/index.js:10831:21)
      at TypeScriptParserMixin.parseMaybeAssign (/home/lujingwei/DB-HA-Manager/frontend/node_modules/@babel/parser/lib/index.js:9786:20)
      at /home/lujingwei/DB-HA-Manager/frontend/node_modules/@babel/parser/lib/index.js:10800:39
      at TypeScriptParserMixin.allowInAnd (/home/lujingwei/DB-HA-Manager/frontend/node_modules/@babel/parser/lib/index.js:12426:12)
      at TypeScriptParserMixin.parseMaybeAssignAllowIn (/home/lujingwei/DB-HA-Manager/frontend/node_modules/@babel/parser/lib/index.js:10800:17)
      at TypeScriptParserMixin.parseMaybeAssignAllowInOrVoidPattern (/home/lujingwei/DB-HA-Manager/frontend/node_modules/@babel/parser/lib/index.js:12493:17)
      at TypeScriptParserMixin.parseObjectProperty (/home/lujingwei/DB-HA-Manager/frontend/node_modules/@babel/parser/lib/index.js:11950:83)
      at TypeScriptParserMixin.parseObjPropValue (/home/lujingwei/DB-HA-Manager/frontend/node_modules/@babel/parser/lib/index.js:11978:100)
3:52:51 PM [vite] hmr update /src/pages/SetupWizard.tsx
3:52:51 PM [vite] Internal server error: /home/lujingwei/DB-HA-Manager/frontend/src/pages/SetupWizard.tsx: Expecting Unicode escape sequence \uXXXX. (995:28)

  993 |         title: '主备 IP 相同',
  994 |         content: (
> 995 |           <Space direction=\"vertical\" size={8}>
      |                             ^
  996 |             <Text>主备同机存在数据风险，请确认您已理解风险。</Text>
  997 |             <Text type=\"secondary\">继续将沿用单机路径策略，请确保具备隔离与备份计划。</Text>
  998 |           </Space>
  Plugin: vite:react-babel
  File: /home/lujingwei/DB-HA-Manager/frontend/src/pages/SetupWizard.tsx:995:28
  993|          title: '主备 IP 相同',
  994|          content: (
  995|            <Space direction=\"vertical\" size={8}>
     |                              ^
  996|              <Text>主备同机存在数据风险，请确认您已理解风险。</Text>
  997|              <Text type=\"secondary\">继续将沿用单机路径策略，请确保具备隔离与备份计划。</Text>
      at constructor (/home/lujingwei/DB-HA-Manager/frontend/node_modules/@babel/parser/lib/index.js:365:19)
      at TypeScriptParserMixin.raise (/home/lujingwei/DB-HA-Manager/frontend/node_modules/@babel/parser/lib/index.js:6599:19)
      at TypeScriptParserMixin.readWord1 (/home/lujingwei/DB-HA-Manager/frontend/node_modules/@babel/parser/lib/index.js:6559:16)
      at TypeScriptParserMixin.readWord (/home/lujingwei/DB-HA-Manager/frontend/node_modules/@babel/parser/lib/index.js:6579:23)
      at TypeScriptParserMixin.getTokenFromCode (/home/lujingwei/DB-HA-Manager/frontend/node_modules/@babel/parser/lib/index.js:6298:14)
      at TypeScriptParserMixin.getTokenFromCode (/home/lujingwei/DB-HA-Manager/frontend/node_modules/@babel/parser/lib/index.js:4797:11)
      at TypeScriptParserMixin.getTokenFromCode (/home/lujingwei/DB-HA-Manager/frontend/node_modules/@babel/parser/lib/index.js:9987:11)
      at TypeScriptParserMixin.nextToken (/home/lujingwei/DB-HA-Manager/frontend/node_modules/@babel/parser/lib/index.js:5782:10)
      at TypeScriptParserMixin.next (/home/lujingwei/DB-HA-Manager/frontend/node_modules/@babel/parser/lib/index.js:5692:10)
      at TypeScriptParserMixin.eat (/home/lujingwei/DB-HA-Manager/frontend/node_modules/@babel/parser/lib/index.js:5696:12)
      at TypeScriptParserMixin.jsxParseAttribute (/home/lujingwei/DB-HA-Manager/frontend/node_modules/@babel/parser/lib/index.js:4653:23)
      at TypeScriptParserMixin.jsxParseOpeningElementAfterName (/home/lujingwei/DB-HA-Manager/frontend/node_modules/@babel/parser/lib/index.js:4667:28)
      at TypeScriptParserMixin.jsxParseOpeningElementAfterName (/home/lujingwei/DB-HA-Manager/frontend/node_modules/@babel/parser/lib/index.js:10043:18)
      at TypeScriptParserMixin.jsxParseOpeningElementAt (/home/lujingwei/DB-HA-Manager/frontend/node_modules/@babel/parser/lib/index.js:4662:17)
      at TypeScriptParserMixin.jsxParseElementAt (/home/lujingwei/DB-HA-Manager/frontend/node_modules/@babel/parser/lib/index.js:4686:33)
      at TypeScriptParserMixin.jsxParseElement (/home/lujingwei/DB-HA-Manager/frontend/node_modules/@babel/parser/lib/index.js:4749:17)
      at TypeScriptParserMixin.parseExprAtom (/home/lujingwei/DB-HA-Manager/frontend/node_modules/@babel/parser/lib/index.js:4759:19)
      at TypeScriptParserMixin.parseExprSubscripts (/home/lujingwei/DB-HA-Manager/frontend/node_modules/@babel/parser/lib/index.js:11081:23)
      at TypeScriptParserMixin.parseUpdate (/home/lujingwei/DB-HA-Manager/frontend/node_modules/@babel/parser/lib/index.js:11066:21)
      at TypeScriptParserMixin.parseMaybeUnary (/home/lujingwei/DB-HA-Manager/frontend/node_modules/@babel/parser/lib/index.js:11046:23)
      at TypeScriptParserMixin.parseMaybeUnary (/home/lujingwei/DB-HA-Manager/frontend/node_modules/@babel/parser/lib/index.js:9837:18)
      at TypeScriptParserMixin.parseMaybeUnaryOrPrivate (/home/lujingwei/DB-HA-Manager/frontend/node_modules/@babel/parser/lib/index.js:10899:61)
      at TypeScriptParserMixin.parseExprOps (/home/lujingwei/DB-HA-Manager/frontend/node_modules/@babel/parser/lib/index.js:10904:23)
      at TypeScriptParserMixin.parseMaybeConditional (/home/lujingwei/DB-HA-Manager/frontend/node_modules/@babel/parser/lib/index.js:10881:23)
      at TypeScriptParserMixin.parseMaybeAssign (/home/lujingwei/DB-HA-Manager/frontend/node_modules/@babel/parser/lib/index.js:10831:21)
      at /home/lujingwei/DB-HA-Manager/frontend/node_modules/@babel/parser/lib/index.js:9775:39
      at TypeScriptParserMixin.tryParse (/home/lujingwei/DB-HA-Manager/frontend/node_modules/@babel/parser/lib/index.js:6907:20)
      at TypeScriptParserMixin.parseMaybeAssign (/home/lujingwei/DB-HA-Manager/frontend/node_modules/@babel/parser/lib/index.js:9775:18)
      at /home/lujingwei/DB-HA-Manager/frontend/node_modules/@babel/parser/lib/index.js:10800:39
      at TypeScriptParserMixin.allowInAnd (/home/lujingwei/DB-HA-Manager/frontend/node_modules/@babel/parser/lib/index.js:12426:12)
      at TypeScriptParserMixin.parseMaybeAssignAllowIn (/home/lujingwei/DB-HA-Manager/frontend/node_modules/@babel/parser/lib/index.js:10800:17)
      at TypeScriptParserMixin.parseMaybeAssignAllowInOrVoidPattern (/home/lujingwei/DB-HA-Manager/frontend/node_modules/@babel/parser/lib/index.js:12493:17)
      at TypeScriptParserMixin.parseParenAndDistinguishExpression (/home/lujingwei/DB-HA-Manager/frontend/node_modules/@babel/parser/lib/index.js:11675:28)
      at TypeScriptParserMixin.parseExprAtom (/home/lujingwei/DB-HA-Manager/frontend/node_modules/@babel/parser/lib/index.js:11331:23)
      at TypeScriptParserMixin.parseExprAtom (/home/lujingwei/DB-HA-Manager/frontend/node_modules/@babel/parser/lib/index.js:4764:20)
      at TypeScriptParserMixin.parseExprSubscripts (/home/lujingwei/DB-HA-Manager/frontend/node_modules/@babel/parser/lib/index.js:11081:23)
      at TypeScriptParserMixin.parseUpdate (/home/lujingwei/DB-HA-Manager/frontend/node_modules/@babel/parser/lib/index.js:11066:21)
      at TypeScriptParserMixin.parseMaybeUnary (/home/lujingwei/DB-HA-Manager/frontend/node_modules/@babel/parser/lib/index.js:11046:23)
      at TypeScriptParserMixin.parseMaybeUnary (/home/lujingwei/DB-HA-Manager/frontend/node_modules/@babel/parser/lib/index.js:9837:18)
      at TypeScriptParserMixin.parseMaybeUnaryOrPrivate (/home/lujingwei/DB-HA-Manager/frontend/node_modules/@babel/parser/lib/index.js:10899:61)
      at TypeScriptParserMixin.parseExprOps (/home/lujingwei/DB-HA-Manager/frontend/node_modules/@babel/parser/lib/index.js:10904:23)
      at TypeScriptParserMixin.parseMaybeConditional (/home/lujingwei/DB-HA-Manager/frontend/node_modules/@babel/parser/lib/index.js:10881:23)
      at TypeScriptParserMixin.parseMaybeAssign (/home/lujingwei/DB-HA-Manager/frontend/node_modules/@babel/parser/lib/index.js:10831:21)
      at TypeScriptParserMixin.parseMaybeAssign (/home/lujingwei/DB-HA-Manager/frontend/node_modules/@babel/parser/lib/index.js:9786:20)
      at /home/lujingwei/DB-HA-Manager/frontend/node_modules/@babel/parser/lib/index.js:10800:39
      at TypeScriptParserMixin.allowInAnd (/home/lujingwei/DB-HA-Manager/frontend/node_modules/@babel/parser/lib/index.js:12426:12)
      at TypeScriptParserMixin.parseMaybeAssignAllowIn (/home/lujingwei/DB-HA-Manager/frontend/node_modules/@babel/parser/lib/index.js:10800:17)
      at TypeScriptParserMixin.parseMaybeAssignAllowInOrVoidPattern (/home/lujingwei/DB-HA-Manager/frontend/node_modules/@babel/parser/lib/index.js:12493:17)
      at TypeScriptParserMixin.parseObjectProperty (/home/lujingwei/DB-HA-Manager/frontend/node_modules/@babel/parser/lib/index.js:11950:83)
      at TypeScriptParserMixin.parseObjPropValue (/home/lujingwei/DB-HA-Manager/frontend/node_modules/@babel/parser/lib/index.js:11978:100)
3:52:54 PM [vite] hmr update /src/pages/SetupWizard.tsx
3:52:54 PM [vite] Internal server error: /home/lujingwei/DB-HA-Manager/frontend/src/pages/SetupWizard.tsx: Expecting Unicode escape sequence \uXXXX. (995:28)

  993 |         title: '主备 IP 相同',
  994 |         content: (
> 995 |           <Space direction=\"vertical\" size={8}>
      |                             ^
  996 |             <Text>主备同机存在数据风险，请确认您已理解风险。</Text>
  997 |             <Text type=\"secondary\">继续将沿用单机路径策略，请确保具备隔离与备份计划。</Text>
  998 |           </Space>
  Plugin: vite:react-babel
  File: /home/lujingwei/DB-HA-Manager/frontend/src/pages/SetupWizard.tsx:995:28
  993|          title: '主备 IP 相同',
  994|          content: (
  995|            <Space direction=\"vertical\" size={8}>
     |                              ^
  996|              <Text>主备同机存在数据风险，请确认您已理解风险。</Text>
  997|              <Text type=\"secondary\">继续将沿用单机路径策略，请确保具备隔离与备份计划。</Text>
      at constructor (/home/lujingwei/DB-HA-Manager/frontend/node_modules/@babel/parser/lib/index.js:365:19)
      at TypeScriptParserMixin.raise (/home/lujingwei/DB-HA-Manager/frontend/node_modules/@babel/parser/lib/index.js:6599:19)
      at TypeScriptParserMixin.readWord1 (/home/lujingwei/DB-HA-Manager/frontend/node_modules/@babel/parser/lib/index.js:6559:16)
      at TypeScriptParserMixin.readWord (/home/lujingwei/DB-HA-Manager/frontend/node_modules/@babel/parser/lib/index.js:6579:23)
      at TypeScriptParserMixin.getTokenFromCode (/home/lujingwei/DB-HA-Manager/frontend/node_modules/@babel/parser/lib/index.js:6298:14)
      at TypeScriptParserMixin.getTokenFromCode (/home/lujingwei/DB-HA-Manager/frontend/node_modules/@babel/parser/lib/index.js:4797:11)
      at TypeScriptParserMixin.getTokenFromCode (/home/lujingwei/DB-HA-Manager/frontend/node_modules/@babel/parser/lib/index.js:9987:11)
      at TypeScriptParserMixin.nextToken (/home/lujingwei/DB-HA-Manager/frontend/node_modules/@babel/parser/lib/index.js:5782:10)
      at TypeScriptParserMixin.next (/home/lujingwei/DB-HA-Manager/frontend/node_modules/@babel/parser/lib/index.js:5692:10)
      at TypeScriptParserMixin.eat (/home/lujingwei/DB-HA-Manager/frontend/node_modules/@babel/parser/lib/index.js:5696:12)
      at TypeScriptParserMixin.jsxParseAttribute (/home/lujingwei/DB-HA-Manager/frontend/node_modules/@babel/parser/lib/index.js:4653:23)
      at TypeScriptParserMixin.jsxParseOpeningElementAfterName (/home/lujingwei/DB-HA-Manager/frontend/node_modules/@babel/parser/lib/index.js:4667:28)
      at TypeScriptParserMixin.jsxParseOpeningElementAfterName (/home/lujingwei/DB-HA-Manager/frontend/node_modules/@babel/parser/lib/index.js:10043:18)
      at TypeScriptParserMixin.jsxParseOpeningElementAt (/home/lujingwei/DB-HA-Manager/frontend/node_modules/@babel/parser/lib/index.js:4662:17)
      at TypeScriptParserMixin.jsxParseElementAt (/home/lujingwei/DB-HA-Manager/frontend/node_modules/@babel/parser/lib/index.js:4686:33)
      at TypeScriptParserMixin.jsxParseElement (/home/lujingwei/DB-HA-Manager/frontend/node_modules/@babel/parser/lib/index.js:4749:17)
      at TypeScriptParserMixin.parseExprAtom (/home/lujingwei/DB-HA-Manager/frontend/node_modules/@babel/parser/lib/index.js:4759:19)
      at TypeScriptParserMixin.parseExprSubscripts (/home/lujingwei/DB-HA-Manager/frontend/node_modules/@babel/parser/lib/index.js:11081:23)
      at TypeScriptParserMixin.parseUpdate (/home/lujingwei/DB-HA-Manager/frontend/node_modules/@babel/parser/lib/index.js:11066:21)
      at TypeScriptParserMixin.parseMaybeUnary (/home/lujingwei/DB-HA-Manager/frontend/node_modules/@babel/parser/lib/index.js:11046:23)
      at TypeScriptParserMixin.parseMaybeUnary (/home/lujingwei/DB-HA-Manager/frontend/node_modules/@babel/parser/lib/index.js:9837:18)
      at TypeScriptParserMixin.parseMaybeUnaryOrPrivate (/home/lujingwei/DB-HA-Manager/frontend/node_modules/@babel/parser/lib/index.js:10899:61)
      at TypeScriptParserMixin.parseExprOps (/home/lujingwei/DB-HA-Manager/frontend/node_modules/@babel/parser/lib/index.js:10904:23)
      at TypeScriptParserMixin.parseMaybeConditional (/home/lujingwei/DB-HA-Manager/frontend/node_modules/@babel/parser/lib/index.js:10881:23)
      at TypeScriptParserMixin.parseMaybeAssign (/home/lujingwei/DB-HA-Manager/frontend/node_modules/@babel/parser/lib/index.js:10831:21)
      at /home/lujingwei/DB-HA-Manager/frontend/node_modules/@babel/parser/lib/index.js:9775:39
      at TypeScriptParserMixin.tryParse (/home/lujingwei/DB-HA-Manager/frontend/node_modules/@babel/parser/lib/index.js:6907:20)
      at TypeScriptParserMixin.parseMaybeAssign (/home/lujingwei/DB-HA-Manager/frontend/node_modules/@babel/parser/lib/index.js:9775:18)
      at /home/lujingwei/DB-HA-Manager/frontend/node_modules/@babel/parser/lib/index.js:10800:39
      at TypeScriptParserMixin.allowInAnd (/home/lujingwei/DB-HA-Manager/frontend/node_modules/@babel/parser/lib/index.js:12426:12)
      at TypeScriptParserMixin.parseMaybeAssignAllowIn (/home/lujingwei/DB-HA-Manager/frontend/node_modules/@babel/parser/lib/index.js:10800:17)
      at TypeScriptParserMixin.parseMaybeAssignAllowInOrVoidPattern (/home/lujingwei/DB-HA-Manager/frontend/node_modules/@babel/parser/lib/index.js:12493:17)
      at TypeScriptParserMixin.parseParenAndDistinguishExpression (/home/lujingwei/DB-HA-Manager/frontend/node_modules/@babel/parser/lib/index.js:11675:28)
      at TypeScriptParserMixin.parseExprAtom (/home/lujingwei/DB-HA-Manager/frontend/node_modules/@babel/parser/lib/index.js:11331:23)
      at TypeScriptParserMixin.parseExprAtom (/home/lujingwei/DB-HA-Manager/frontend/node_modules/@babel/parser/lib/index.js:4764:20)
      at TypeScriptParserMixin.parseExprSubscripts (/home/lujingwei/DB-HA-Manager/frontend/node_modules/@babel/parser/lib/index.js:11081:23)
      at TypeScriptParserMixin.parseUpdate (/home/lujingwei/DB-HA-Manager/frontend/node_modules/@babel/parser/lib/index.js:11066:21)
      at TypeScriptParserMixin.parseMaybeUnary (/home/lujingwei/DB-HA-Manager/frontend/node_modules/@babel/parser/lib/index.js:11046:23)
      at TypeScriptParserMixin.parseMaybeUnary (/home/lujingwei/DB-HA-Manager/frontend/node_modules/@babel/parser/lib/index.js:9837:18)
      at TypeScriptParserMixin.parseMaybeUnaryOrPrivate (/home/lujingwei/DB-HA-Manager/frontend/node_modules/@babel/parser/lib/index.js:10899:61)
      at TypeScriptParserMixin.parseExprOps (/home/lujingwei/DB-HA-Manager/frontend/node_modules/@babel/parser/lib/index.js:10904:23)
      at TypeScriptParserMixin.parseMaybeConditional (/home/lujingwei/DB-HA-Manager/frontend/node_modules/@babel/parser/lib/index.js:10881:23)
      at TypeScriptParserMixin.parseMaybeAssign (/home/lujingwei/DB-HA-Manager/frontend/node_modules/@babel/parser/lib/index.js:10831:21)
      at TypeScriptParserMixin.parseMaybeAssign (/home/lujingwei/DB-HA-Manager/frontend/node_modules/@babel/parser/lib/index.js:9786:20)
      at /home/lujingwei/DB-HA-Manager/frontend/node_modules/@babel/parser/lib/index.js:10800:39
      at TypeScriptParserMixin.allowInAnd (/home/lujingwei/DB-HA-Manager/frontend/node_modules/@babel/parser/lib/index.js:12426:12)
      at TypeScriptParserMixin.parseMaybeAssignAllowIn (/home/lujingwei/DB-HA-Manager/frontend/node_modules/@babel/parser/lib/index.js:10800:17)
      at TypeScriptParserMixin.parseMaybeAssignAllowInOrVoidPattern (/home/lujingwei/DB-HA-Manager/frontend/node_modules/@babel/parser/lib/index.js:12493:17)
      at TypeScriptParserMixin.parseObjectProperty (/home/lujingwei/DB-HA-Manager/frontend/node_modules/@babel/parser/lib/index.js:11950:83)
      at TypeScriptParserMixin.parseObjPropValue (/home/lujingwei/DB-HA-Manager/frontend/node_modules/@babel/parser/lib/index.js:11978:100)
3:52:57 PM [vite] hmr update /src/pages/SetupWizard.tsx
3:52:57 PM [vite] Internal server error: /home/lujingwei/DB-HA-Manager/frontend/src/pages/SetupWizard.tsx: Expecting Unicode escape sequence \uXXXX. (995:28)

  993 |         title: '主备 IP 相同',
  994 |         content: (
> 995 |           <Space direction=\"vertical\" size={8}>
      |                             ^
  996 |             <Text>主备同机存在数据风险，请确认您已理解风险。</Text>
  997 |             <Text type=\"secondary\">继续将沿用单机路径策略，请确保具备隔离与备份计划。</Text>
  998 |           </Space>
  Plugin: vite:react-babel
  File: /home/lujingwei/DB-HA-Manager/frontend/src/pages/SetupWizard.tsx:995:28
  993|          title: '主备 IP 相同',
  994|          content: (
  995|            <Space direction=\"vertical\" size={8}>
     |                              ^
  996|              <Text>主备同机存在数据风险，请确认您已理解风险。</Text>
  997|              <Text type=\"secondary\">继续将沿用单机路径策略，请确保具备隔离与备份计划。</Text>
      at constructor (/home/lujingwei/DB-HA-Manager/frontend/node_modules/@babel/parser/lib/index.js:365:19)
      at TypeScriptParserMixin.raise (/home/lujingwei/DB-HA-Manager/frontend/node_modules/@babel/parser/lib/index.js:6599:19)
      at TypeScriptParserMixin.readWord1 (/home/lujingwei/DB-HA-Manager/frontend/node_modules/@babel/parser/lib/index.js:6559:16)
      at TypeScriptParserMixin.readWord (/home/lujingwei/DB-HA-Manager/frontend/node_modules/@babel/parser/lib/index.js:6579:23)
      at TypeScriptParserMixin.getTokenFromCode (/home/lujingwei/DB-HA-Manager/frontend/node_modules/@babel/parser/lib/index.js:6298:14)
      at TypeScriptParserMixin.getTokenFromCode (/home/lujingwei/DB-HA-Manager/frontend/node_modules/@babel/parser/lib/index.js:4797:11)
      at TypeScriptParserMixin.getTokenFromCode (/home/lujingwei/DB-HA-Manager/frontend/node_modules/@babel/parser/lib/index.js:9987:11)
      at TypeScriptParserMixin.nextToken (/home/lujingwei/DB-HA-Manager/frontend/node_modules/@babel/parser/lib/index.js:5782:10)
      at TypeScriptParserMixin.next (/home/lujingwei/DB-HA-Manager/frontend/node_modules/@babel/parser/lib/index.js:5692:10)
      at TypeScriptParserMixin.eat (/home/lujingwei/DB-HA-Manager/frontend/node_modules/@babel/parser/lib/index.js:5696:12)
      at TypeScriptParserMixin.jsxParseAttribute (/home/lujingwei/DB-HA-Manager/frontend/node_modules/@babel/parser/lib/index.js:4653:23)
      at TypeScriptParserMixin.jsxParseOpeningElementAfterName (/home/lujingwei/DB-HA-Manager/frontend/node_modules/@babel/parser/lib/index.js:4667:28)
      at TypeScriptParserMixin.jsxParseOpeningElementAfterName (/home/lujingwei/DB-HA-Manager/frontend/node_modules/@babel/parser/lib/index.js:10043:18)
      at TypeScriptParserMixin.jsxParseOpeningElementAt (/home/lujingwei/DB-HA-Manager/frontend/node_modules/@babel/parser/lib/index.js:4662:17)
      at TypeScriptParserMixin.jsxParseElementAt (/home/lujingwei/DB-HA-Manager/frontend/node_modules/@babel/parser/lib/index.js:4686:33)
      at TypeScriptParserMixin.jsxParseElement (/home/lujingwei/DB-HA-Manager/frontend/node_modules/@babel/parser/lib/index.js:4749:17)
      at TypeScriptParserMixin.parseExprAtom (/home/lujingwei/DB-HA-Manager/frontend/node_modules/@babel/parser/lib/index.js:4759:19)
      at TypeScriptParserMixin.parseExprSubscripts (/home/lujingwei/DB-HA-Manager/frontend/node_modules/@babel/parser/lib/index.js:11081:23)
      at TypeScriptParserMixin.parseUpdate (/home/lujingwei/DB-HA-Manager/frontend/node_modules/@babel/parser/lib/index.js:11066:21)
      at TypeScriptParserMixin.parseMaybeUnary (/home/lujingwei/DB-HA-Manager/frontend/node_modules/@babel/parser/lib/index.js:11046:23)
      at TypeScriptParserMixin.parseMaybeUnary (/home/lujingwei/DB-HA-Manager/frontend/node_modules/@babel/parser/lib/index.js:9837:18)
      at TypeScriptParserMixin.parseMaybeUnaryOrPrivate (/home/lujingwei/DB-HA-Manager/frontend/node_modules/@babel/parser/lib/index.js:10899:61)
      at TypeScriptParserMixin.parseExprOps (/home/lujingwei/DB-HA-Manager/frontend/node_modules/@babel/parser/lib/index.js:10904:23)
      at TypeScriptParserMixin.parseMaybeConditional (/home/lujingwei/DB-HA-Manager/frontend/node_modules/@babel/parser/lib/index.js:10881:23)
      at TypeScriptParserMixin.parseMaybeAssign (/home/lujingwei/DB-HA-Manager/frontend/node_modules/@babel/parser/lib/index.js:10831:21)
      at /home/lujingwei/DB-HA-Manager/frontend/node_modules/@babel/parser/lib/index.js:9775:39
      at TypeScriptParserMixin.tryParse (/home/lujingwei/DB-HA-Manager/frontend/node_modules/@babel/parser/lib/index.js:6907:20)
      at TypeScriptParserMixin.parseMaybeAssign (/home/lujingwei/DB-HA-Manager/frontend/node_modules/@babel/parser/lib/index.js:9775:18)
      at /home/lujingwei/DB-HA-Manager/frontend/node_modules/@babel/parser/lib/index.js:10800:39
      at TypeScriptParserMixin.allowInAnd (/home/lujingwei/DB-HA-Manager/frontend/node_modules/@babel/parser/lib/index.js:12426:12)
      at TypeScriptParserMixin.parseMaybeAssignAllowIn (/home/lujingwei/DB-HA-Manager/frontend/node_modules/@babel/parser/lib/index.js:10800:17)
      at TypeScriptParserMixin.parseMaybeAssignAllowInOrVoidPattern (/home/lujingwei/DB-HA-Manager/frontend/node_modules/@babel/parser/lib/index.js:12493:17)
      at TypeScriptParserMixin.parseParenAndDistinguishExpression (/home/lujingwei/DB-HA-Manager/frontend/node_modules/@babel/parser/lib/index.js:11675:28)
      at TypeScriptParserMixin.parseExprAtom (/home/lujingwei/DB-HA-Manager/frontend/node_modules/@babel/parser/lib/index.js:11331:23)
      at TypeScriptParserMixin.parseExprAtom (/home/lujingwei/DB-HA-Manager/frontend/node_modules/@babel/parser/lib/index.js:4764:20)
      at TypeScriptParserMixin.parseExprSubscripts (/home/lujingwei/DB-HA-Manager/frontend/node_modules/@babel/parser/lib/index.js:11081:23)
      at TypeScriptParserMixin.parseUpdate (/home/lujingwei/DB-HA-Manager/frontend/node_modules/@babel/parser/lib/index.js:11066:21)
      at TypeScriptParserMixin.parseMaybeUnary (/home/lujingwei/DB-HA-Manager/frontend/node_modules/@babel/parser/lib/index.js:11046:23)
      at TypeScriptParserMixin.parseMaybeUnary (/home/lujingwei/DB-HA-Manager/frontend/node_modules/@babel/parser/lib/index.js:9837:18)
      at TypeScriptParserMixin.parseMaybeUnaryOrPrivate (/home/lujingwei/DB-HA-Manager/frontend/node_modules/@babel/parser/lib/index.js:10899:61)
      at TypeScriptParserMixin.parseExprOps (/home/lujingwei/DB-HA-Manager/frontend/node_modules/@babel/parser/lib/index.js:10904:23)
      at TypeScriptParserMixin.parseMaybeConditional (/home/lujingwei/DB-HA-Manager/frontend/node_modules/@babel/parser/lib/index.js:10881:23)
      at TypeScriptParserMixin.parseMaybeAssign (/home/lujingwei/DB-HA-Manager/frontend/node_modules/@babel/parser/lib/index.js:10831:21)
      at TypeScriptParserMixin.parseMaybeAssign (/home/lujingwei/DB-HA-Manager/frontend/node_modules/@babel/parser/lib/index.js:9786:20)
      at /home/lujingwei/DB-HA-Manager/frontend/node_modules/@babel/parser/lib/index.js:10800:39
      at TypeScriptParserMixin.allowInAnd (/home/lujingwei/DB-HA-Manager/frontend/node_modules/@babel/parser/lib/index.js:12426:12)
      at TypeScriptParserMixin.parseMaybeAssignAllowIn (/home/lujingwei/DB-HA-Manager/frontend/node_modules/@babel/parser/lib/index.js:10800:17)
      at TypeScriptParserMixin.parseMaybeAssignAllowInOrVoidPattern (/home/lujingwei/DB-HA-Manager/frontend/node_modules/@babel/parser/lib/index.js:12493:17)
      at TypeScriptParserMixin.parseObjectProperty (/home/lujingwei/DB-HA-Manager/frontend/node_modules/@babel/parser/lib/index.js:11950:83)
      at TypeScriptParserMixin.parseObjPropValue (/home/lujingwei/DB-HA-Manager/frontend/node_modules/@babel/parser/lib/index.js:11978:100)
3:53:00 PM [vite] hmr update /src/pages/SetupWizard.tsx
3:53:00 PM [vite] Internal server error: /home/lujingwei/DB-HA-Manager/frontend/src/pages/SetupWizard.tsx: Expecting Unicode escape sequence \uXXXX. (995:28)

  993 |         title: '主备 IP 相同',
  994 |         content: (
> 995 |           <Space direction=\"vertical\" size={8}>
      |                             ^
  996 |             <Text>主备同机存在数据风险，请确认您已理解风险。</Text>
  997 |             <Text type=\"secondary\">继续将沿用单机路径策略，请确保具备隔离与备份计划。</Text>
  998 |           </Space>
  Plugin: vite:react-babel
  File: /home/lujingwei/DB-HA-Manager/frontend/src/pages/SetupWizard.tsx:995:28
  993|          title: '主备 IP 相同',
  994|          content: (
  995|            <Space direction=\"vertical\" size={8}>
     |                              ^
  996|              <Text>主备同机存在数据风险，请确认您已理解风险。</Text>
  997|              <Text type=\"secondary\">继续将沿用单机路径策略，请确保具备隔离与备份计划。</Text>
      at constructor (/home/lujingwei/DB-HA-Manager/frontend/node_modules/@babel/parser/lib/index.js:365:19)
      at TypeScriptParserMixin.raise (/home/lujingwei/DB-HA-Manager/frontend/node_modules/@babel/parser/lib/index.js:6599:19)
      at TypeScriptParserMixin.readWord1 (/home/lujingwei/DB-HA-Manager/frontend/node_modules/@babel/parser/lib/index.js:6559:16)
      at TypeScriptParserMixin.readWord (/home/lujingwei/DB-HA-Manager/frontend/node_modules/@babel/parser/lib/index.js:6579:23)
      at TypeScriptParserMixin.getTokenFromCode (/home/lujingwei/DB-HA-Manager/frontend/node_modules/@babel/parser/lib/index.js:6298:14)
      at TypeScriptParserMixin.getTokenFromCode (/home/lujingwei/DB-HA-Manager/frontend/node_modules/@babel/parser/lib/index.js:4797:11)
      at TypeScriptParserMixin.getTokenFromCode (/home/lujingwei/DB-HA-Manager/frontend/node_modules/@babel/parser/lib/index.js:9987:11)
      at TypeScriptParserMixin.nextToken (/home/lujingwei/DB-HA-Manager/frontend/node_modules/@babel/parser/lib/index.js:5782:10)
      at TypeScriptParserMixin.next (/home/lujingwei/DB-HA-Manager/frontend/node_modules/@babel/parser/lib/index.js:5692:10)
      at TypeScriptParserMixin.eat (/home/lujingwei/DB-HA-Manager/frontend/node_modules/@babel/parser/lib/index.js:5696:12)
      at TypeScriptParserMixin.jsxParseAttribute (/home/lujingwei/DB-HA-Manager/frontend/node_modules/@babel/parser/lib/index.js:4653:23)
      at TypeScriptParserMixin.jsxParseOpeningElementAfterName (/home/lujingwei/DB-HA-Manager/frontend/node_modules/@babel/parser/lib/index.js:4667:28)
      at TypeScriptParserMixin.jsxParseOpeningElementAfterName (/home/lujingwei/DB-HA-Manager/frontend/node_modules/@babel/parser/lib/index.js:10043:18)
      at TypeScriptParserMixin.jsxParseOpeningElementAt (/home/lujingwei/DB-HA-Manager/frontend/node_modules/@babel/parser/lib/index.js:4662:17)
      at TypeScriptParserMixin.jsxParseElementAt (/home/lujingwei/DB-HA-Manager/frontend/node_modules/@babel/parser/lib/index.js:4686:33)
      at TypeScriptParserMixin.jsxParseElement (/home/lujingwei/DB-HA-Manager/frontend/node_modules/@babel/parser/lib/index.js:4749:17)
      at TypeScriptParserMixin.parseExprAtom (/home/lujingwei/DB-HA-Manager/frontend/node_modules/@babel/parser/lib/index.js:4759:19)
      at TypeScriptParserMixin.parseExprSubscripts (/home/lujingwei/DB-HA-Manager/frontend/node_modules/@babel/parser/lib/index.js:11081:23)
      at TypeScriptParserMixin.parseUpdate (/home/lujingwei/DB-HA-Manager/frontend/node_modules/@babel/parser/lib/index.js:11066:21)
      at TypeScriptParserMixin.parseMaybeUnary (/home/lujingwei/DB-HA-Manager/frontend/node_modules/@babel/parser/lib/index.js:11046:23)
      at TypeScriptParserMixin.parseMaybeUnary (/home/lujingwei/DB-HA-Manager/frontend/node_modules/@babel/parser/lib/index.js:9837:18)
      at TypeScriptParserMixin.parseMaybeUnaryOrPrivate (/home/lujingwei/DB-HA-Manager/frontend/node_modules/@babel/parser/lib/index.js:10899:61)
      at TypeScriptParserMixin.parseExprOps (/home/lujingwei/DB-HA-Manager/frontend/node_modules/@babel/parser/lib/index.js:10904:23)
      at TypeScriptParserMixin.parseMaybeConditional (/home/lujingwei/DB-HA-Manager/frontend/node_modules/@babel/parser/lib/index.js:10881:23)
      at TypeScriptParserMixin.parseMaybeAssign (/home/lujingwei/DB-HA-Manager/frontend/node_modules/@babel/parser/lib/index.js:10831:21)
      at /home/lujingwei/DB-HA-Manager/frontend/node_modules/@babel/parser/lib/index.js:9775:39
      at TypeScriptParserMixin.tryParse (/home/lujingwei/DB-HA-Manager/frontend/node_modules/@babel/parser/lib/index.js:6907:20)
      at TypeScriptParserMixin.parseMaybeAssign (/home/lujingwei/DB-HA-Manager/frontend/node_modules/@babel/parser/lib/index.js:9775:18)
      at /home/lujingwei/DB-HA-Manager/frontend/node_modules/@babel/parser/lib/index.js:10800:39
      at TypeScriptParserMixin.allowInAnd (/home/lujingwei/DB-HA-Manager/frontend/node_modules/@babel/parser/lib/index.js:12426:12)
      at TypeScriptParserMixin.parseMaybeAssignAllowIn (/home/lujingwei/DB-HA-Manager/frontend/node_modules/@babel/parser/lib/index.js:10800:17)
      at TypeScriptParserMixin.parseMaybeAssignAllowInOrVoidPattern (/home/lujingwei/DB-HA-Manager/frontend/node_modules/@babel/parser/lib/index.js:12493:17)
      at TypeScriptParserMixin.parseParenAndDistinguishExpression (/home/lujingwei/DB-HA-Manager/frontend/node_modules/@babel/parser/lib/index.js:11675:28)
      at TypeScriptParserMixin.parseExprAtom (/home/lujingwei/DB-HA-Manager/frontend/node_modules/@babel/parser/lib/index.js:11331:23)
      at TypeScriptParserMixin.parseExprAtom (/home/lujingwei/DB-HA-Manager/frontend/node_modules/@babel/parser/lib/index.js:4764:20)
      at TypeScriptParserMixin.parseExprSubscripts (/home/lujingwei/DB-HA-Manager/frontend/node_modules/@babel/parser/lib/index.js:11081:23)
      at TypeScriptParserMixin.parseUpdate (/home/lujingwei/DB-HA-Manager/frontend/node_modules/@babel/parser/lib/index.js:11066:21)
      at TypeScriptParserMixin.parseMaybeUnary (/home/lujingwei/DB-HA-Manager/frontend/node_modules/@babel/parser/lib/index.js:11046:23)
      at TypeScriptParserMixin.parseMaybeUnary (/home/lujingwei/DB-HA-Manager/frontend/node_modules/@babel/parser/lib/index.js:9837:18)
      at TypeScriptParserMixin.parseMaybeUnaryOrPrivate (/home/lujingwei/DB-HA-Manager/frontend/node_modules/@babel/parser/lib/index.js:10899:61)
      at TypeScriptParserMixin.parseExprOps (/home/lujingwei/DB-HA-Manager/frontend/node_modules/@babel/parser/lib/index.js:10904:23)
      at TypeScriptParserMixin.parseMaybeConditional (/home/lujingwei/DB-HA-Manager/frontend/node_modules/@babel/parser/lib/index.js:10881:23)
      at TypeScriptParserMixin.parseMaybeAssign (/home/lujingwei/DB-HA-Manager/frontend/node_modules/@babel/parser/lib/index.js:10831:21)
      at TypeScriptParserMixin.parseMaybeAssign (/home/lujingwei/DB-HA-Manager/frontend/node_modules/@babel/parser/lib/index.js:9786:20)
      at /home/lujingwei/DB-HA-Manager/frontend/node_modules/@babel/parser/lib/index.js:10800:39
      at TypeScriptParserMixin.allowInAnd (/home/lujingwei/DB-HA-Manager/frontend/node_modules/@babel/parser/lib/index.js:12426:12)
      at TypeScriptParserMixin.parseMaybeAssignAllowIn (/home/lujingwei/DB-HA-Manager/frontend/node_modules/@babel/parser/lib/index.js:10800:17)
      at TypeScriptParserMixin.parseMaybeAssignAllowInOrVoidPattern (/home/lujingwei/DB-HA-Manager/frontend/node_modules/@babel/parser/lib/index.js:12493:17)
      at TypeScriptParserMixin.parseObjectProperty (/home/lujingwei/DB-HA-Manager/frontend/node_modules/@babel/parser/lib/index.js:11950:83)
      at TypeScriptParserMixin.parseObjPropValue (/home/lujingwei/DB-HA-Manager/frontend/node_modules/@babel/parser/lib/index.js:11978:100)
3:53:03 PM [vite] hmr update /src/pages/SetupWizard.tsx
3:53:03 PM [vite] Internal server error: /home/lujingwei/DB-HA-Manager/frontend/src/pages/SetupWizard.tsx: Expecting Unicode escape sequence \uXXXX. (995:28)

  993 |         title: '主备 IP 相同',
  994 |         content: (
> 995 |           <Space direction=\"vertical\" size={8}>
      |                             ^
  996 |             <Text>主备同机存在数据风险，请确认您已理解风险。</Text>
  997 |             <Text type=\"secondary\">继续将沿用单机路径策略，请确保具备隔离与备份计划。</Text>
  998 |           </Space>
  Plugin: vite:react-babel
  File: /home/lujingwei/DB-HA-Manager/frontend/src/pages/SetupWizard.tsx:995:28
  993|          title: '主备 IP 相同',
  994|          content: (
  995|            <Space direction=\"vertical\" size={8}>
     |                              ^
  996|              <Text>主备同机存在数据风险，请确认您已理解风险。</Text>
  997|              <Text type=\"secondary\">继续将沿用单机路径策略，请确保具备隔离与备份计划。</Text>
      at constructor (/home/lujingwei/DB-HA-Manager/frontend/node_modules/@babel/parser/lib/index.js:365:19)
      at TypeScriptParserMixin.raise (/home/lujingwei/DB-HA-Manager/frontend/node_modules/@babel/parser/lib/index.js:6599:19)
      at TypeScriptParserMixin.readWord1 (/home/lujingwei/DB-HA-Manager/frontend/node_modules/@babel/parser/lib/index.js:6559:16)
      at TypeScriptParserMixin.readWord (/home/lujingwei/DB-HA-Manager/frontend/node_modules/@babel/parser/lib/index.js:6579:23)
      at TypeScriptParserMixin.getTokenFromCode (/home/lujingwei/DB-HA-Manager/frontend/node_modules/@babel/parser/lib/index.js:6298:14)
      at TypeScriptParserMixin.getTokenFromCode (/home/lujingwei/DB-HA-Manager/frontend/node_modules/@babel/parser/lib/index.js:4797:11)
      at TypeScriptParserMixin.getTokenFromCode (/home/lujingwei/DB-HA-Manager/frontend/node_modules/@babel/parser/lib/index.js:9987:11)
      at TypeScriptParserMixin.nextToken (/home/lujingwei/DB-HA-Manager/frontend/node_modules/@babel/parser/lib/index.js:5782:10)
      at TypeScriptParserMixin.next (/home/lujingwei/DB-HA-Manager/frontend/node_modules/@babel/parser/lib/index.js:5692:10)
      at TypeScriptParserMixin.eat (/home/lujingwei/DB-HA-Manager/frontend/node_modules/@babel/parser/lib/index.js:5696:12)
      at TypeScriptParserMixin.jsxParseAttribute (/home/lujingwei/DB-HA-Manager/frontend/node_modules/@babel/parser/lib/index.js:4653:23)
      at TypeScriptParserMixin.jsxParseOpeningElementAfterName (/home/lujingwei/DB-HA-Manager/frontend/node_modules/@babel/parser/lib/index.js:4667:28)
      at TypeScriptParserMixin.jsxParseOpeningElementAfterName (/home/lujingwei/DB-HA-Manager/frontend/node_modules/@babel/parser/lib/index.js:10043:18)
      at TypeScriptParserMixin.jsxParseOpeningElementAt (/home/lujingwei/DB-HA-Manager/frontend/node_modules/@babel/parser/lib/index.js:4662:17)
      at TypeScriptParserMixin.jsxParseElementAt (/home/lujingwei/DB-HA-Manager/frontend/node_modules/@babel/parser/lib/index.js:4686:33)
      at TypeScriptParserMixin.jsxParseElement (/home/lujingwei/DB-HA-Manager/frontend/node_modules/@babel/parser/lib/index.js:4749:17)
      at TypeScriptParserMixin.parseExprAtom (/home/lujingwei/DB-HA-Manager/frontend/node_modules/@babel/parser/lib/index.js:4759:19)
      at TypeScriptParserMixin.parseExprSubscripts (/home/lujingwei/DB-HA-Manager/frontend/node_modules/@babel/parser/lib/index.js:11081:23)
      at TypeScriptParserMixin.parseUpdate (/home/lujingwei/DB-HA-Manager/frontend/node_modules/@babel/parser/lib/index.js:11066:21)
      at TypeScriptParserMixin.parseMaybeUnary (/home/lujingwei/DB-HA-Manager/frontend/node_modules/@babel/parser/lib/index.js:11046:23)
      at TypeScriptParserMixin.parseMaybeUnary (/home/lujingwei/DB-HA-Manager/frontend/node_modules/@babel/parser/lib/index.js:9837:18)
      at TypeScriptParserMixin.parseMaybeUnaryOrPrivate (/home/lujingwei/DB-HA-Manager/frontend/node_modules/@babel/parser/lib/index.js:10899:61)
      at TypeScriptParserMixin.parseExprOps (/home/lujingwei/DB-HA-Manager/frontend/node_modules/@babel/parser/lib/index.js:10904:23)
      at TypeScriptParserMixin.parseMaybeConditional (/home/lujingwei/DB-HA-Manager/frontend/node_modules/@babel/parser/lib/index.js:10881:23)
      at TypeScriptParserMixin.parseMaybeAssign (/home/lujingwei/DB-HA-Manager/frontend/node_modules/@babel/parser/lib/index.js:10831:21)
      at /home/lujingwei/DB-HA-Manager/frontend/node_modules/@babel/parser/lib/index.js:9775:39
      at TypeScriptParserMixin.tryParse (/home/lujingwei/DB-HA-Manager/frontend/node_modules/@babel/parser/lib/index.js:6907:20)
      at TypeScriptParserMixin.parseMaybeAssign (/home/lujingwei/DB-HA-Manager/frontend/node_modules/@babel/parser/lib/index.js:9775:18)
      at /home/lujingwei/DB-HA-Manager/frontend/node_modules/@babel/parser/lib/index.js:10800:39
      at TypeScriptParserMixin.allowInAnd (/home/lujingwei/DB-HA-Manager/frontend/node_modules/@babel/parser/lib/index.js:12426:12)
      at TypeScriptParserMixin.parseMaybeAssignAllowIn (/home/lujingwei/DB-HA-Manager/frontend/node_modules/@babel/parser/lib/index.js:10800:17)
      at TypeScriptParserMixin.parseMaybeAssignAllowInOrVoidPattern (/home/lujingwei/DB-HA-Manager/frontend/node_modules/@babel/parser/lib/index.js:12493:17)
      at TypeScriptParserMixin.parseParenAndDistinguishExpression (/home/lujingwei/DB-HA-Manager/frontend/node_modules/@babel/parser/lib/index.js:11675:28)
      at TypeScriptParserMixin.parseExprAtom (/home/lujingwei/DB-HA-Manager/frontend/node_modules/@babel/parser/lib/index.js:11331:23)
      at TypeScriptParserMixin.parseExprAtom (/home/lujingwei/DB-HA-Manager/frontend/node_modules/@babel/parser/lib/index.js:4764:20)
      at TypeScriptParserMixin.parseExprSubscripts (/home/lujingwei/DB-HA-Manager/frontend/node_modules/@babel/parser/lib/index.js:11081:23)
      at TypeScriptParserMixin.parseUpdate (/home/lujingwei/DB-HA-Manager/frontend/node_modules/@babel/parser/lib/index.js:11066:21)
      at TypeScriptParserMixin.parseMaybeUnary (/home/lujingwei/DB-HA-Manager/frontend/node_modules/@babel/parser/lib/index.js:11046:23)
      at TypeScriptParserMixin.parseMaybeUnary (/home/lujingwei/DB-HA-Manager/frontend/node_modules/@babel/parser/lib/index.js:9837:18)
      at TypeScriptParserMixin.parseMaybeUnaryOrPrivate (/home/lujingwei/DB-HA-Manager/frontend/node_modules/@babel/parser/lib/index.js:10899:61)
      at TypeScriptParserMixin.parseExprOps (/home/lujingwei/DB-HA-Manager/frontend/node_modules/@babel/parser/lib/index.js:10904:23)
      at TypeScriptParserMixin.parseMaybeConditional (/home/lujingwei/DB-HA-Manager/frontend/node_modules/@babel/parser/lib/index.js:10881:23)
      at TypeScriptParserMixin.parseMaybeAssign (/home/lujingwei/DB-HA-Manager/frontend/node_modules/@babel/parser/lib/index.js:10831:21)
      at TypeScriptParserMixin.parseMaybeAssign (/home/lujingwei/DB-HA-Manager/frontend/node_modules/@babel/parser/lib/index.js:9786:20)
      at /home/lujingwei/DB-HA-Manager/frontend/node_modules/@babel/parser/lib/index.js:10800:39
      at TypeScriptParserMixin.allowInAnd (/home/lujingwei/DB-HA-Manager/frontend/node_modules/@babel/parser/lib/index.js:12426:12)
      at TypeScriptParserMixin.parseMaybeAssignAllowIn (/home/lujingwei/DB-HA-Manager/frontend/node_modules/@babel/parser/lib/index.js:10800:17)
      at TypeScriptParserMixin.parseMaybeAssignAllowInOrVoidPattern (/home/lujingwei/DB-HA-Manager/frontend/node_modules/@babel/parser/lib/index.js:12493:17)
      at TypeScriptParserMixin.parseObjectProperty (/home/lujingwei/DB-HA-Manager/frontend/node_modules/@babel/parser/lib/index.js:11950:83)
      at TypeScriptParserMixin.parseObjPropValue (/home/lujingwei/DB-HA-Manager/frontend/node_modules/@babel/parser/lib/index.js:11978:100)
3:53:05 PM [vite] hmr update /src/pages/SetupWizard.tsx
3:53:05 PM [vite] Internal server error: /home/lujingwei/DB-HA-Manager/frontend/src/pages/SetupWizard.tsx: Expecting Unicode escape sequence \uXXXX. (995:28)

  993 |         title: '主备 IP 相同',
  994 |         content: (
> 995 |           <Space direction=\"vertical\" size={8}>
      |                             ^
  996 |             <Text>主备同机存在数据风险，请确认您已理解风险。</Text>
  997 |             <Text type=\"secondary\">继续将沿用单机路径策略，请确保具备隔离与备份计划。</Text>
  998 |           </Space>
  Plugin: vite:react-babel
  File: /home/lujingwei/DB-HA-Manager/frontend/src/pages/SetupWizard.tsx:995:28
  993|          title: '主备 IP 相同',
  994|          content: (
  995|            <Space direction=\"vertical\" size={8}>
     |                              ^
  996|              <Text>主备同机存在数据风险，请确认您已理解风险。</Text>
  997|              <Text type=\"secondary\">继续将沿用单机路径策略，请确保具备隔离与备份计划。</Text>
      at constructor (/home/lujingwei/DB-HA-Manager/frontend/node_modules/@babel/parser/lib/index.js:365:19)
      at TypeScriptParserMixin.raise (/home/lujingwei/DB-HA-Manager/frontend/node_modules/@babel/parser/lib/index.js:6599:19)
      at TypeScriptParserMixin.readWord1 (/home/lujingwei/DB-HA-Manager/frontend/node_modules/@babel/parser/lib/index.js:6559:16)
      at TypeScriptParserMixin.readWord (/home/lujingwei/DB-HA-Manager/frontend/node_modules/@babel/parser/lib/index.js:6579:23)
      at TypeScriptParserMixin.getTokenFromCode (/home/lujingwei/DB-HA-Manager/frontend/node_modules/@babel/parser/lib/index.js:6298:14)
      at TypeScriptParserMixin.getTokenFromCode (/home/lujingwei/DB-HA-Manager/frontend/node_modules/@babel/parser/lib/index.js:4797:11)
      at TypeScriptParserMixin.getTokenFromCode (/home/lujingwei/DB-HA-Manager/frontend/node_modules/@babel/parser/lib/index.js:9987:11)
      at TypeScriptParserMixin.nextToken (/home/lujingwei/DB-HA-Manager/frontend/node_modules/@babel/parser/lib/index.js:5782:10)
      at TypeScriptParserMixin.next (/home/lujingwei/DB-HA-Manager/frontend/node_modules/@babel/parser/lib/index.js:5692:10)
      at TypeScriptParserMixin.eat (/home/lujingwei/DB-HA-Manager/frontend/node_modules/@babel/parser/lib/index.js:5696:12)
      at TypeScriptParserMixin.jsxParseAttribute (/home/lujingwei/DB-HA-Manager/frontend/node_modules/@babel/parser/lib/index.js:4653:23)
      at TypeScriptParserMixin.jsxParseOpeningElementAfterName (/home/lujingwei/DB-HA-Manager/frontend/node_modules/@babel/parser/lib/index.js:4667:28)
      at TypeScriptParserMixin.jsxParseOpeningElementAfterName (/home/lujingwei/DB-HA-Manager/frontend/node_modules/@babel/parser/lib/index.js:10043:18)
      at TypeScriptParserMixin.jsxParseOpeningElementAt (/home/lujingwei/DB-HA-Manager/frontend/node_modules/@babel/parser/lib/index.js:4662:17)
      at TypeScriptParserMixin.jsxParseElementAt (/home/lujingwei/DB-HA-Manager/frontend/node_modules/@babel/parser/lib/index.js:4686:33)
      at TypeScriptParserMixin.jsxParseElement (/home/lujingwei/DB-HA-Manager/frontend/node_modules/@babel/parser/lib/index.js:4749:17)
      at TypeScriptParserMixin.parseExprAtom (/home/lujingwei/DB-HA-Manager/frontend/node_modules/@babel/parser/lib/index.js:4759:19)
      at TypeScriptParserMixin.parseExprSubscripts (/home/lujingwei/DB-HA-Manager/frontend/node_modules/@babel/parser/lib/index.js:11081:23)
      at TypeScriptParserMixin.parseUpdate (/home/lujingwei/DB-HA-Manager/frontend/node_modules/@babel/parser/lib/index.js:11066:21)
      at TypeScriptParserMixin.parseMaybeUnary (/home/lujingwei/DB-HA-Manager/frontend/node_modules/@babel/parser/lib/index.js:11046:23)
      at TypeScriptParserMixin.parseMaybeUnary (/home/lujingwei/DB-HA-Manager/frontend/node_modules/@babel/parser/lib/index.js:9837:18)
      at TypeScriptParserMixin.parseMaybeUnaryOrPrivate (/home/lujingwei/DB-HA-Manager/frontend/node_modules/@babel/parser/lib/index.js:10899:61)
      at TypeScriptParserMixin.parseExprOps (/home/lujingwei/DB-HA-Manager/frontend/node_modules/@babel/parser/lib/index.js:10904:23)
      at TypeScriptParserMixin.parseMaybeConditional (/home/lujingwei/DB-HA-Manager/frontend/node_modules/@babel/parser/lib/index.js:10881:23)
      at TypeScriptParserMixin.parseMaybeAssign (/home/lujingwei/DB-HA-Manager/frontend/node_modules/@babel/parser/lib/index.js:10831:21)
      at /home/lujingwei/DB-HA-Manager/frontend/node_modules/@babel/parser/lib/index.js:9775:39
      at TypeScriptParserMixin.tryParse (/home/lujingwei/DB-HA-Manager/frontend/node_modules/@babel/parser/lib/index.js:6907:20)
      at TypeScriptParserMixin.parseMaybeAssign (/home/lujingwei/DB-HA-Manager/frontend/node_modules/@babel/parser/lib/index.js:9775:18)
      at /home/lujingwei/DB-HA-Manager/frontend/node_modules/@babel/parser/lib/index.js:10800:39
      at TypeScriptParserMixin.allowInAnd (/home/lujingwei/DB-HA-Manager/frontend/node_modules/@babel/parser/lib/index.js:12426:12)
      at TypeScriptParserMixin.parseMaybeAssignAllowIn (/home/lujingwei/DB-HA-Manager/frontend/node_modules/@babel/parser/lib/index.js:10800:17)
      at TypeScriptParserMixin.parseMaybeAssignAllowInOrVoidPattern (/home/lujingwei/DB-HA-Manager/frontend/node_modules/@babel/parser/lib/index.js:12493:17)
      at TypeScriptParserMixin.parseParenAndDistinguishExpression (/home/lujingwei/DB-HA-Manager/frontend/node_modules/@babel/parser/lib/index.js:11675:28)
      at TypeScriptParserMixin.parseExprAtom (/home/lujingwei/DB-HA-Manager/frontend/node_modules/@babel/parser/lib/index.js:11331:23)
      at TypeScriptParserMixin.parseExprAtom (/home/lujingwei/DB-HA-Manager/frontend/node_modules/@babel/parser/lib/index.js:4764:20)
      at TypeScriptParserMixin.parseExprSubscripts (/home/lujingwei/DB-HA-Manager/frontend/node_modules/@babel/parser/lib/index.js:11081:23)
      at TypeScriptParserMixin.parseUpdate (/home/lujingwei/DB-HA-Manager/frontend/node_modules/@babel/parser/lib/index.js:11066:21)
      at TypeScriptParserMixin.parseMaybeUnary (/home/lujingwei/DB-HA-Manager/frontend/node_modules/@babel/parser/lib/index.js:11046:23)
      at TypeScriptParserMixin.parseMaybeUnary (/home/lujingwei/DB-HA-Manager/frontend/node_modules/@babel/parser/lib/index.js:9837:18)
      at TypeScriptParserMixin.parseMaybeUnaryOrPrivate (/home/lujingwei/DB-HA-Manager/frontend/node_modules/@babel/parser/lib/index.js:10899:61)
      at TypeScriptParserMixin.parseExprOps (/home/lujingwei/DB-HA-Manager/frontend/node_modules/@babel/parser/lib/index.js:10904:23)
      at TypeScriptParserMixin.parseMaybeConditional (/home/lujingwei/DB-HA-Manager/frontend/node_modules/@babel/parser/lib/index.js:10881:23)
      at TypeScriptParserMixin.parseMaybeAssign (/home/lujingwei/DB-HA-Manager/frontend/node_modules/@babel/parser/lib/index.js:10831:21)
      at TypeScriptParserMixin.parseMaybeAssign (/home/lujingwei/DB-HA-Manager/frontend/node_modules/@babel/parser/lib/index.js:9786:20)
      at /home/lujingwei/DB-HA-Manager/frontend/node_modules/@babel/parser/lib/index.js:10800:39
      at TypeScriptParserMixin.allowInAnd (/home/lujingwei/DB-HA-Manager/frontend/node_modules/@babel/parser/lib/index.js:12426:12)
      at TypeScriptParserMixin.parseMaybeAssignAllowIn (/home/lujingwei/DB-HA-Manager/frontend/node_modules/@babel/parser/lib/index.js:10800:17)
      at TypeScriptParserMixin.parseMaybeAssignAllowInOrVoidPattern (/home/lujingwei/DB-HA-Manager/frontend/node_modules/@babel/parser/lib/index.js:12493:17)
      at TypeScriptParserMixin.parseObjectProperty (/home/lujingwei/DB-HA-Manager/frontend/node_modules/@babel/parser/lib/index.js:11950:83)
      at TypeScriptParserMixin.parseObjPropValue (/home/lujingwei/DB-HA-Manager/frontend/node_modules/@babel/parser/lib/index.js:11978:100)
3:53:08 PM [vite] hmr update /src/pages/SetupWizard.tsx
3:53:08 PM [vite] Internal server error: /home/lujingwei/DB-HA-Manager/frontend/src/pages/SetupWizard.tsx: Expecting Unicode escape sequence \uXXXX. (995:28)

  993 |         title: '主备 IP 相同',
  994 |         content: (
> 995 |           <Space direction=\"vertical\" size={8}>
      |                             ^
  996 |             <Text>主备同机存在数据风险，请确认您已理解风险。</Text>
  997 |             <Text type=\"secondary\">继续将沿用单机路径策略，请确保具备隔离与备份计划。</Text>
  998 |           </Space>
  Plugin: vite:react-babel
  File: /home/lujingwei/DB-HA-Manager/frontend/src/pages/SetupWizard.tsx:995:28
  993|          title: '主备 IP 相同',
  994|          content: (
  995|            <Space direction=\"vertical\" size={8}>
     |                              ^
  996|              <Text>主备同机存在数据风险，请确认您已理解风险。</Text>
  997|              <Text type=\"secondary\">继续将沿用单机路径策略，请确保具备隔离与备份计划。</Text>
      at constructor (/home/lujingwei/DB-HA-Manager/frontend/node_modules/@babel/parser/lib/index.js:365:19)
      at TypeScriptParserMixin.raise (/home/lujingwei/DB-HA-Manager/frontend/node_modules/@babel/parser/lib/index.js:6599:19)
      at TypeScriptParserMixin.readWord1 (/home/lujingwei/DB-HA-Manager/frontend/node_modules/@babel/parser/lib/index.js:6559:16)
      at TypeScriptParserMixin.readWord (/home/lujingwei/DB-HA-Manager/frontend/node_modules/@babel/parser/lib/index.js:6579:23)
      at TypeScriptParserMixin.getTokenFromCode (/home/lujingwei/DB-HA-Manager/frontend/node_modules/@babel/parser/lib/index.js:6298:14)
      at TypeScriptParserMixin.getTokenFromCode (/home/lujingwei/DB-HA-Manager/frontend/node_modules/@babel/parser/lib/index.js:4797:11)
      at TypeScriptParserMixin.getTokenFromCode (/home/lujingwei/DB-HA-Manager/frontend/node_modules/@babel/parser/lib/index.js:9987:11)
      at TypeScriptParserMixin.nextToken (/home/lujingwei/DB-HA-Manager/frontend/node_modules/@babel/parser/lib/index.js:5782:10)
      at TypeScriptParserMixin.next (/home/lujingwei/DB-HA-Manager/frontend/node_modules/@babel/parser/lib/index.js:5692:10)
      at TypeScriptParserMixin.eat (/home/lujingwei/DB-HA-Manager/frontend/node_modules/@babel/parser/lib/index.js:5696:12)
      at TypeScriptParserMixin.jsxParseAttribute (/home/lujingwei/DB-HA-Manager/frontend/node_modules/@babel/parser/lib/index.js:4653:23)
      at TypeScriptParserMixin.jsxParseOpeningElementAfterName (/home/lujingwei/DB-HA-Manager/frontend/node_modules/@babel/parser/lib/index.js:4667:28)
      at TypeScriptParserMixin.jsxParseOpeningElementAfterName (/home/lujingwei/DB-HA-Manager/frontend/node_modules/@babel/parser/lib/index.js:10043:18)
      at TypeScriptParserMixin.jsxParseOpeningElementAt (/home/lujingwei/DB-HA-Manager/frontend/node_modules/@babel/parser/lib/index.js:4662:17)
      at TypeScriptParserMixin.jsxParseElementAt (/home/lujingwei/DB-HA-Manager/frontend/node_modules/@babel/parser/lib/index.js:4686:33)
      at TypeScriptParserMixin.jsxParseElement (/home/lujingwei/DB-HA-Manager/frontend/node_modules/@babel/parser/lib/index.js:4749:17)
      at TypeScriptParserMixin.parseExprAtom (/home/lujingwei/DB-HA-Manager/frontend/node_modules/@babel/parser/lib/index.js:4759:19)
      at TypeScriptParserMixin.parseExprSubscripts (/home/lujingwei/DB-HA-Manager/frontend/node_modules/@babel/parser/lib/index.js:11081:23)
      at TypeScriptParserMixin.parseUpdate (/home/lujingwei/DB-HA-Manager/frontend/node_modules/@babel/parser/lib/index.js:11066:21)
      at TypeScriptParserMixin.parseMaybeUnary (/home/lujingwei/DB-HA-Manager/frontend/node_modules/@babel/parser/lib/index.js:11046:23)
      at TypeScriptParserMixin.parseMaybeUnary (/home/lujingwei/DB-HA-Manager/frontend/node_modules/@babel/parser/lib/index.js:9837:18)
      at TypeScriptParserMixin.parseMaybeUnaryOrPrivate (/home/lujingwei/DB-HA-Manager/frontend/node_modules/@babel/parser/lib/index.js:10899:61)
      at TypeScriptParserMixin.parseExprOps (/home/lujingwei/DB-HA-Manager/frontend/node_modules/@babel/parser/lib/index.js:10904:23)
      at TypeScriptParserMixin.parseMaybeConditional (/home/lujingwei/DB-HA-Manager/frontend/node_modules/@babel/parser/lib/index.js:10881:23)
      at TypeScriptParserMixin.parseMaybeAssign (/home/lujingwei/DB-HA-Manager/frontend/node_modules/@babel/parser/lib/index.js:10831:21)
      at /home/lujingwei/DB-HA-Manager/frontend/node_modules/@babel/parser/lib/index.js:9775:39
      at TypeScriptParserMixin.tryParse (/home/lujingwei/DB-HA-Manager/frontend/node_modules/@babel/parser/lib/index.js:6907:20)
      at TypeScriptParserMixin.parseMaybeAssign (/home/lujingwei/DB-HA-Manager/frontend/node_modules/@babel/parser/lib/index.js:9775:18)
      at /home/lujingwei/DB-HA-Manager/frontend/node_modules/@babel/parser/lib/index.js:10800:39
      at TypeScriptParserMixin.allowInAnd (/home/lujingwei/DB-HA-Manager/frontend/node_modules/@babel/parser/lib/index.js:12426:12)
      at TypeScriptParserMixin.parseMaybeAssignAllowIn (/home/lujingwei/DB-HA-Manager/frontend/node_modules/@babel/parser/lib/index.js:10800:17)
      at TypeScriptParserMixin.parseMaybeAssignAllowInOrVoidPattern (/home/lujingwei/DB-HA-Manager/frontend/node_modules/@babel/parser/lib/index.js:12493:17)
      at TypeScriptParserMixin.parseParenAndDistinguishExpression (/home/lujingwei/DB-HA-Manager/frontend/node_modules/@babel/parser/lib/index.js:11675:28)
      at TypeScriptParserMixin.parseExprAtom (/home/lujingwei/DB-HA-Manager/frontend/node_modules/@babel/parser/lib/index.js:11331:23)
      at TypeScriptParserMixin.parseExprAtom (/home/lujingwei/DB-HA-Manager/frontend/node_modules/@babel/parser/lib/index.js:4764:20)
      at TypeScriptParserMixin.parseExprSubscripts (/home/lujingwei/DB-HA-Manager/frontend/node_modules/@babel/parser/lib/index.js:11081:23)
      at TypeScriptParserMixin.parseUpdate (/home/lujingwei/DB-HA-Manager/frontend/node_modules/@babel/parser/lib/index.js:11066:21)
      at TypeScriptParserMixin.parseMaybeUnary (/home/lujingwei/DB-HA-Manager/frontend/node_modules/@babel/parser/lib/index.js:11046:23)
      at TypeScriptParserMixin.parseMaybeUnary (/home/lujingwei/DB-HA-Manager/frontend/node_modules/@babel/parser/lib/index.js:9837:18)
      at TypeScriptParserMixin.parseMaybeUnaryOrPrivate (/home/lujingwei/DB-HA-Manager/frontend/node_modules/@babel/parser/lib/index.js:10899:61)
      at TypeScriptParserMixin.parseExprOps (/home/lujingwei/DB-HA-Manager/frontend/node_modules/@babel/parser/lib/index.js:10904:23)
      at TypeScriptParserMixin.parseMaybeConditional (/home/lujingwei/DB-HA-Manager/frontend/node_modules/@babel/parser/lib/index.js:10881:23)
      at TypeScriptParserMixin.parseMaybeAssign (/home/lujingwei/DB-HA-Manager/frontend/node_modules/@babel/parser/lib/index.js:10831:21)
      at TypeScriptParserMixin.parseMaybeAssign (/home/lujingwei/DB-HA-Manager/frontend/node_modules/@babel/parser/lib/index.js:9786:20)
      at /home/lujingwei/DB-HA-Manager/frontend/node_modules/@babel/parser/lib/index.js:10800:39
      at TypeScriptParserMixin.allowInAnd (/home/lujingwei/DB-HA-Manager/frontend/node_modules/@babel/parser/lib/index.js:12426:12)
      at TypeScriptParserMixin.parseMaybeAssignAllowIn (/home/lujingwei/DB-HA-Manager/frontend/node_modules/@babel/parser/lib/index.js:10800:17)
      at TypeScriptParserMixin.parseMaybeAssignAllowInOrVoidPattern (/home/lujingwei/DB-HA-Manager/frontend/node_modules/@babel/parser/lib/index.js:12493:17)
      at TypeScriptParserMixin.parseObjectProperty (/home/lujingwei/DB-HA-Manager/frontend/node_modules/@babel/parser/lib/index.js:11950:83)
      at TypeScriptParserMixin.parseObjPropValue (/home/lujingwei/DB-HA-Manager/frontend/node_modules/@babel/parser/lib/index.js:11978:100)
3:53:11 PM [vite] hmr update /src/pages/SetupWizard.tsx
3:53:11 PM [vite] Internal server error: /home/lujingwei/DB-HA-Manager/frontend/src/pages/SetupWizard.tsx: Expecting Unicode escape sequence \uXXXX. (995:28)

  993 |         title: '主备 IP 相同',
  994 |         content: (
> 995 |           <Space direction=\"vertical\" size={8}>
      |                             ^
  996 |             <Text>主备同机存在数据风险，请确认您已理解风险。</Text>
  997 |             <Text type=\"secondary\">继续将沿用单机路径策略，请确保具备隔离与备份计划。</Text>
  998 |           </Space>
  Plugin: vite:react-babel
  File: /home/lujingwei/DB-HA-Manager/frontend/src/pages/SetupWizard.tsx:995:28
  993|          title: '主备 IP 相同',
  994|          content: (
  995|            <Space direction=\"vertical\" size={8}>
     |                              ^
  996|              <Text>主备同机存在数据风险，请确认您已理解风险。</Text>
  997|              <Text type=\"secondary\">继续将沿用单机路径策略，请确保具备隔离与备份计划。</Text>
      at constructor (/home/lujingwei/DB-HA-Manager/frontend/node_modules/@babel/parser/lib/index.js:365:19)
      at TypeScriptParserMixin.raise (/home/lujingwei/DB-HA-Manager/frontend/node_modules/@babel/parser/lib/index.js:6599:19)
      at TypeScriptParserMixin.readWord1 (/home/lujingwei/DB-HA-Manager/frontend/node_modules/@babel/parser/lib/index.js:6559:16)
      at TypeScriptParserMixin.readWord (/home/lujingwei/DB-HA-Manager/frontend/node_modules/@babel/parser/lib/index.js:6579:23)
      at TypeScriptParserMixin.getTokenFromCode (/home/lujingwei/DB-HA-Manager/frontend/node_modules/@babel/parser/lib/index.js:6298:14)
      at TypeScriptParserMixin.getTokenFromCode (/home/lujingwei/DB-HA-Manager/frontend/node_modules/@babel/parser/lib/index.js:4797:11)
      at TypeScriptParserMixin.getTokenFromCode (/home/lujingwei/DB-HA-Manager/frontend/node_modules/@babel/parser/lib/index.js:9987:11)
      at TypeScriptParserMixin.nextToken (/home/lujingwei/DB-HA-Manager/frontend/node_modules/@babel/parser/lib/index.js:5782:10)
      at TypeScriptParserMixin.next (/home/lujingwei/DB-HA-Manager/frontend/node_modules/@babel/parser/lib/index.js:5692:10)
      at TypeScriptParserMixin.eat (/home/lujingwei/DB-HA-Manager/frontend/node_modules/@babel/parser/lib/index.js:5696:12)
      at TypeScriptParserMixin.jsxParseAttribute (/home/lujingwei/DB-HA-Manager/frontend/node_modules/@babel/parser/lib/index.js:4653:23)
      at TypeScriptParserMixin.jsxParseOpeningElementAfterName (/home/lujingwei/DB-HA-Manager/frontend/node_modules/@babel/parser/lib/index.js:4667:28)
      at TypeScriptParserMixin.jsxParseOpeningElementAfterName (/home/lujingwei/DB-HA-Manager/frontend/node_modules/@babel/parser/lib/index.js:10043:18)
      at TypeScriptParserMixin.jsxParseOpeningElementAt (/home/lujingwei/DB-HA-Manager/frontend/node_modules/@babel/parser/lib/index.js:4662:17)
      at TypeScriptParserMixin.jsxParseElementAt (/home/lujingwei/DB-HA-Manager/frontend/node_modules/@babel/parser/lib/index.js:4686:33)
      at TypeScriptParserMixin.jsxParseElement (/home/lujingwei/DB-HA-Manager/frontend/node_modules/@babel/parser/lib/index.js:4749:17)
      at TypeScriptParserMixin.parseExprAtom (/home/lujingwei/DB-HA-Manager/frontend/node_modules/@babel/parser/lib/index.js:4759:19)
      at TypeScriptParserMixin.parseExprSubscripts (/home/lujingwei/DB-HA-Manager/frontend/node_modules/@babel/parser/lib/index.js:11081:23)
      at TypeScriptParserMixin.parseUpdate (/home/lujingwei/DB-HA-Manager/frontend/node_modules/@babel/parser/lib/index.js:11066:21)
      at TypeScriptParserMixin.parseMaybeUnary (/home/lujingwei/DB-HA-Manager/frontend/node_modules/@babel/parser/lib/index.js:11046:23)
      at TypeScriptParserMixin.parseMaybeUnary (/home/lujingwei/DB-HA-Manager/frontend/node_modules/@babel/parser/lib/index.js:9837:18)
      at TypeScriptParserMixin.parseMaybeUnaryOrPrivate (/home/lujingwei/DB-HA-Manager/frontend/node_modules/@babel/parser/lib/index.js:10899:61)
      at TypeScriptParserMixin.parseExprOps (/home/lujingwei/DB-HA-Manager/frontend/node_modules/@babel/parser/lib/index.js:10904:23)
      at TypeScriptParserMixin.parseMaybeConditional (/home/lujingwei/DB-HA-Manager/frontend/node_modules/@babel/parser/lib/index.js:10881:23)
      at TypeScriptParserMixin.parseMaybeAssign (/home/lujingwei/DB-HA-Manager/frontend/node_modules/@babel/parser/lib/index.js:10831:21)
      at /home/lujingwei/DB-HA-Manager/frontend/node_modules/@babel/parser/lib/index.js:9775:39
      at TypeScriptParserMixin.tryParse (/home/lujingwei/DB-HA-Manager/frontend/node_modules/@babel/parser/lib/index.js:6907:20)
      at TypeScriptParserMixin.parseMaybeAssign (/home/lujingwei/DB-HA-Manager/frontend/node_modules/@babel/parser/lib/index.js:9775:18)
      at /home/lujingwei/DB-HA-Manager/frontend/node_modules/@babel/parser/lib/index.js:10800:39
      at TypeScriptParserMixin.allowInAnd (/home/lujingwei/DB-HA-Manager/frontend/node_modules/@babel/parser/lib/index.js:12426:12)
      at TypeScriptParserMixin.parseMaybeAssignAllowIn (/home/lujingwei/DB-HA-Manager/frontend/node_modules/@babel/parser/lib/index.js:10800:17)
      at TypeScriptParserMixin.parseMaybeAssignAllowInOrVoidPattern (/home/lujingwei/DB-HA-Manager/frontend/node_modules/@babel/parser/lib/index.js:12493:17)
      at TypeScriptParserMixin.parseParenAndDistinguishExpression (/home/lujingwei/DB-HA-Manager/frontend/node_modules/@babel/parser/lib/index.js:11675:28)
      at TypeScriptParserMixin.parseExprAtom (/home/lujingwei/DB-HA-Manager/frontend/node_modules/@babel/parser/lib/index.js:11331:23)
      at TypeScriptParserMixin.parseExprAtom (/home/lujingwei/DB-HA-Manager/frontend/node_modules/@babel/parser/lib/index.js:4764:20)
      at TypeScriptParserMixin.parseExprSubscripts (/home/lujingwei/DB-HA-Manager/frontend/node_modules/@babel/parser/lib/index.js:11081:23)
      at TypeScriptParserMixin.parseUpdate (/home/lujingwei/DB-HA-Manager/frontend/node_modules/@babel/parser/lib/index.js:11066:21)
      at TypeScriptParserMixin.parseMaybeUnary (/home/lujingwei/DB-HA-Manager/frontend/node_modules/@babel/parser/lib/index.js:11046:23)
      at TypeScriptParserMixin.parseMaybeUnary (/home/lujingwei/DB-HA-Manager/frontend/node_modules/@babel/parser/lib/index.js:9837:18)
      at TypeScriptParserMixin.parseMaybeUnaryOrPrivate (/home/lujingwei/DB-HA-Manager/frontend/node_modules/@babel/parser/lib/index.js:10899:61)
      at TypeScriptParserMixin.parseExprOps (/home/lujingwei/DB-HA-Manager/frontend/node_modules/@babel/parser/lib/index.js:10904:23)
      at TypeScriptParserMixin.parseMaybeConditional (/home/lujingwei/DB-HA-Manager/frontend/node_modules/@babel/parser/lib/index.js:10881:23)
      at TypeScriptParserMixin.parseMaybeAssign (/home/lujingwei/DB-HA-Manager/frontend/node_modules/@babel/parser/lib/index.js:10831:21)
      at TypeScriptParserMixin.parseMaybeAssign (/home/lujingwei/DB-HA-Manager/frontend/node_modules/@babel/parser/lib/index.js:9786:20)
      at /home/lujingwei/DB-HA-Manager/frontend/node_modules/@babel/parser/lib/index.js:10800:39
      at TypeScriptParserMixin.allowInAnd (/home/lujingwei/DB-HA-Manager/frontend/node_modules/@babel/parser/lib/index.js:12426:12)
      at TypeScriptParserMixin.parseMaybeAssignAllowIn (/home/lujingwei/DB-HA-Manager/frontend/node_modules/@babel/parser/lib/index.js:10800:17)
      at TypeScriptParserMixin.parseMaybeAssignAllowInOrVoidPattern (/home/lujingwei/DB-HA-Manager/frontend/node_modules/@babel/parser/lib/index.js:12493:17)
      at TypeScriptParserMixin.parseObjectProperty (/home/lujingwei/DB-HA-Manager/frontend/node_modules/@babel/parser/lib/index.js:11950:83)
      at TypeScriptParserMixin.parseObjPropValue (/home/lujingwei/DB-HA-Manager/frontend/node_modules/@babel/parser/lib/index.js:11978:100)
3:53:14 PM [vite] hmr update /src/pages/SetupWizard.tsx
3:53:14 PM [vite] Internal server error: /home/lujingwei/DB-HA-Manager/frontend/src/pages/SetupWizard.tsx: Expecting Unicode escape sequence \uXXXX. (995:28)

  993 |         title: '主备 IP 相同',
  994 |         content: (
> 995 |           <Space direction=\"vertical\" size={8}>
      |                             ^
  996 |             <Text>主备同机存在数据风险，请确认您已理解风险。</Text>
  997 |             <Text type=\"secondary\">继续将沿用单机路径策略，请确保具备隔离与备份计划。</Text>
  998 |           </Space>
  Plugin: vite:react-babel
  File: /home/lujingwei/DB-HA-Manager/frontend/src/pages/SetupWizard.tsx:995:28
  993|          title: '主备 IP 相同',
  994|          content: (
  995|            <Space direction=\"vertical\" size={8}>
     |                              ^
  996|              <Text>主备同机存在数据风险，请确认您已理解风险。</Text>
  997|              <Text type=\"secondary\">继续将沿用单机路径策略，请确保具备隔离与备份计划。</Text>
      at constructor (/home/lujingwei/DB-HA-Manager/frontend/node_modules/@babel/parser/lib/index.js:365:19)
      at TypeScriptParserMixin.raise (/home/lujingwei/DB-HA-Manager/frontend/node_modules/@babel/parser/lib/index.js:6599:19)
      at TypeScriptParserMixin.readWord1 (/home/lujingwei/DB-HA-Manager/frontend/node_modules/@babel/parser/lib/index.js:6559:16)
      at TypeScriptParserMixin.readWord (/home/lujingwei/DB-HA-Manager/frontend/node_modules/@babel/parser/lib/index.js:6579:23)
      at TypeScriptParserMixin.getTokenFromCode (/home/lujingwei/DB-HA-Manager/frontend/node_modules/@babel/parser/lib/index.js:6298:14)
      at TypeScriptParserMixin.getTokenFromCode (/home/lujingwei/DB-HA-Manager/frontend/node_modules/@babel/parser/lib/index.js:4797:11)
      at TypeScriptParserMixin.getTokenFromCode (/home/lujingwei/DB-HA-Manager/frontend/node_modules/@babel/parser/lib/index.js:9987:11)
      at TypeScriptParserMixin.nextToken (/home/lujingwei/DB-HA-Manager/frontend/node_modules/@babel/parser/lib/index.js:5782:10)
      at TypeScriptParserMixin.next (/home/lujingwei/DB-HA-Manager/frontend/node_modules/@babel/parser/lib/index.js:5692:10)
      at TypeScriptParserMixin.eat (/home/lujingwei/DB-HA-Manager/frontend/node_modules/@babel/parser/lib/index.js:5696:12)
      at TypeScriptParserMixin.jsxParseAttribute (/home/lujingwei/DB-HA-Manager/frontend/node_modules/@babel/parser/lib/index.js:4653:23)
      at TypeScriptParserMixin.jsxParseOpeningElementAfterName (/home/lujingwei/DB-HA-Manager/frontend/node_modules/@babel/parser/lib/index.js:4667:28)
      at TypeScriptParserMixin.jsxParseOpeningElementAfterName (/home/lujingwei/DB-HA-Manager/frontend/node_modules/@babel/parser/lib/index.js:10043:18)
      at TypeScriptParserMixin.jsxParseOpeningElementAt (/home/lujingwei/DB-HA-Manager/frontend/node_modules/@babel/parser/lib/index.js:4662:17)
      at TypeScriptParserMixin.jsxParseElementAt (/home/lujingwei/DB-HA-Manager/frontend/node_modules/@babel/parser/lib/index.js:4686:33)
      at TypeScriptParserMixin.jsxParseElement (/home/lujingwei/DB-HA-Manager/frontend/node_modules/@babel/parser/lib/index.js:4749:17)
      at TypeScriptParserMixin.parseExprAtom (/home/lujingwei/DB-HA-Manager/frontend/node_modules/@babel/parser/lib/index.js:4759:19)
      at TypeScriptParserMixin.parseExprSubscripts (/home/lujingwei/DB-HA-Manager/frontend/node_modules/@babel/parser/lib/index.js:11081:23)
      at TypeScriptParserMixin.parseUpdate (/home/lujingwei/DB-HA-Manager/frontend/node_modules/@babel/parser/lib/index.js:11066:21)
      at TypeScriptParserMixin.parseMaybeUnary (/home/lujingwei/DB-HA-Manager/frontend/node_modules/@babel/parser/lib/index.js:11046:23)
      at TypeScriptParserMixin.parseMaybeUnary (/home/lujingwei/DB-HA-Manager/frontend/node_modules/@babel/parser/lib/index.js:9837:18)
      at TypeScriptParserMixin.parseMaybeUnaryOrPrivate (/home/lujingwei/DB-HA-Manager/frontend/node_modules/@babel/parser/lib/index.js:10899:61)
      at TypeScriptParserMixin.parseExprOps (/home/lujingwei/DB-HA-Manager/frontend/node_modules/@babel/parser/lib/index.js:10904:23)
      at TypeScriptParserMixin.parseMaybeConditional (/home/lujingwei/DB-HA-Manager/frontend/node_modules/@babel/parser/lib/index.js:10881:23)
      at TypeScriptParserMixin.parseMaybeAssign (/home/lujingwei/DB-HA-Manager/frontend/node_modules/@babel/parser/lib/index.js:10831:21)
      at /home/lujingwei/DB-HA-Manager/frontend/node_modules/@babel/parser/lib/index.js:9775:39
      at TypeScriptParserMixin.tryParse (/home/lujingwei/DB-HA-Manager/frontend/node_modules/@babel/parser/lib/index.js:6907:20)
      at TypeScriptParserMixin.parseMaybeAssign (/home/lujingwei/DB-HA-Manager/frontend/node_modules/@babel/parser/lib/index.js:9775:18)
      at /home/lujingwei/DB-HA-Manager/frontend/node_modules/@babel/parser/lib/index.js:10800:39
      at TypeScriptParserMixin.allowInAnd (/home/lujingwei/DB-HA-Manager/frontend/node_modules/@babel/parser/lib/index.js:12426:12)
      at TypeScriptParserMixin.parseMaybeAssignAllowIn (/home/lujingwei/DB-HA-Manager/frontend/node_modules/@babel/parser/lib/index.js:10800:17)
      at TypeScriptParserMixin.parseMaybeAssignAllowInOrVoidPattern (/home/lujingwei/DB-HA-Manager/frontend/node_modules/@babel/parser/lib/index.js:12493:17)
      at TypeScriptParserMixin.parseParenAndDistinguishExpression (/home/lujingwei/DB-HA-Manager/frontend/node_modules/@babel/parser/lib/index.js:11675:28)
      at TypeScriptParserMixin.parseExprAtom (/home/lujingwei/DB-HA-Manager/frontend/node_modules/@babel/parser/lib/index.js:11331:23)
      at TypeScriptParserMixin.parseExprAtom (/home/lujingwei/DB-HA-Manager/frontend/node_modules/@babel/parser/lib/index.js:4764:20)
      at TypeScriptParserMixin.parseExprSubscripts (/home/lujingwei/DB-HA-Manager/frontend/node_modules/@babel/parser/lib/index.js:11081:23)
      at TypeScriptParserMixin.parseUpdate (/home/lujingwei/DB-HA-Manager/frontend/node_modules/@babel/parser/lib/index.js:11066:21)
      at TypeScriptParserMixin.parseMaybeUnary (/home/lujingwei/DB-HA-Manager/frontend/node_modules/@babel/parser/lib/index.js:11046:23)
      at TypeScriptParserMixin.parseMaybeUnary (/home/lujingwei/DB-HA-Manager/frontend/node_modules/@babel/parser/lib/index.js:9837:18)
      at TypeScriptParserMixin.parseMaybeUnaryOrPrivate (/home/lujingwei/DB-HA-Manager/frontend/node_modules/@babel/parser/lib/index.js:10899:61)
      at TypeScriptParserMixin.parseExprOps (/home/lujingwei/DB-HA-Manager/frontend/node_modules/@babel/parser/lib/index.js:10904:23)
      at TypeScriptParserMixin.parseMaybeConditional (/home/lujingwei/DB-HA-Manager/frontend/node_modules/@babel/parser/lib/index.js:10881:23)
      at TypeScriptParserMixin.parseMaybeAssign (/home/lujingwei/DB-HA-Manager/frontend/node_modules/@babel/parser/lib/index.js:10831:21)
      at TypeScriptParserMixin.parseMaybeAssign (/home/lujingwei/DB-HA-Manager/frontend/node_modules/@babel/parser/lib/index.js:9786:20)
      at /home/lujingwei/DB-HA-Manager/frontend/node_modules/@babel/parser/lib/index.js:10800:39
      at TypeScriptParserMixin.allowInAnd (/home/lujingwei/DB-HA-Manager/frontend/node_modules/@babel/parser/lib/index.js:12426:12)
      at TypeScriptParserMixin.parseMaybeAssignAllowIn (/home/lujingwei/DB-HA-Manager/frontend/node_modules/@babel/parser/lib/index.js:10800:17)
      at TypeScriptParserMixin.parseMaybeAssignAllowInOrVoidPattern (/home/lujingwei/DB-HA-Manager/frontend/node_modules/@babel/parser/lib/index.js:12493:17)
      at TypeScriptParserMixin.parseObjectProperty (/home/lujingwei/DB-HA-Manager/frontend/node_modules/@babel/parser/lib/index.js:11950:83)
      at TypeScriptParserMixin.parseObjPropValue (/home/lujingwei/DB-HA-Manager/frontend/node_modules/@babel/parser/lib/index.js:11978:100)
3:53:20 PM [vite] hmr update /src/pages/SetupWizard.tsx
3:53:20 PM [vite] Internal server error: /home/lujingwei/DB-HA-Manager/frontend/src/pages/SetupWizard.tsx: Expecting Unicode escape sequence \uXXXX. (995:28)

  993 |         title: '主备 IP 相同',
  994 |         content: (
> 995 |           <Space direction=\"vertical\" size={8}>
      |                             ^
  996 |             <Text>主备同机存在数据风险，请确认您已理解风险。</Text>
  997 |             <Text type=\"secondary\">继续将沿用单机路径策略，请确保具备隔离与备份计划。</Text>
  998 |           </Space>
  Plugin: vite:react-babel
  File: /home/lujingwei/DB-HA-Manager/frontend/src/pages/SetupWizard.tsx:995:28
  993|          title: '主备 IP 相同',
  994|          content: (
  995|            <Space direction=\"vertical\" size={8}>
     |                              ^
  996|              <Text>主备同机存在数据风险，请确认您已理解风险。</Text>
  997|              <Text type=\"secondary\">继续将沿用单机路径策略，请确保具备隔离与备份计划。</Text>
      at constructor (/home/lujingwei/DB-HA-Manager/frontend/node_modules/@babel/parser/lib/index.js:365:19)
      at TypeScriptParserMixin.raise (/home/lujingwei/DB-HA-Manager/frontend/node_modules/@babel/parser/lib/index.js:6599:19)
      at TypeScriptParserMixin.readWord1 (/home/lujingwei/DB-HA-Manager/frontend/node_modules/@babel/parser/lib/index.js:6559:16)
      at TypeScriptParserMixin.readWord (/home/lujingwei/DB-HA-Manager/frontend/node_modules/@babel/parser/lib/index.js:6579:23)
      at TypeScriptParserMixin.getTokenFromCode (/home/lujingwei/DB-HA-Manager/frontend/node_modules/@babel/parser/lib/index.js:6298:14)
      at TypeScriptParserMixin.getTokenFromCode (/home/lujingwei/DB-HA-Manager/frontend/node_modules/@babel/parser/lib/index.js:4797:11)
      at TypeScriptParserMixin.getTokenFromCode (/home/lujingwei/DB-HA-Manager/frontend/node_modules/@babel/parser/lib/index.js:9987:11)
      at TypeScriptParserMixin.nextToken (/home/lujingwei/DB-HA-Manager/frontend/node_modules/@babel/parser/lib/index.js:5782:10)
      at TypeScriptParserMixin.next (/home/lujingwei/DB-HA-Manager/frontend/node_modules/@babel/parser/lib/index.js:5692:10)
      at TypeScriptParserMixin.eat (/home/lujingwei/DB-HA-Manager/frontend/node_modules/@babel/parser/lib/index.js:5696:12)
      at TypeScriptParserMixin.jsxParseAttribute (/home/lujingwei/DB-HA-Manager/frontend/node_modules/@babel/parser/lib/index.js:4653:23)
      at TypeScriptParserMixin.jsxParseOpeningElementAfterName (/home/lujingwei/DB-HA-Manager/frontend/node_modules/@babel/parser/lib/index.js:4667:28)
      at TypeScriptParserMixin.jsxParseOpeningElementAfterName (/home/lujingwei/DB-HA-Manager/frontend/node_modules/@babel/parser/lib/index.js:10043:18)
      at TypeScriptParserMixin.jsxParseOpeningElementAt (/home/lujingwei/DB-HA-Manager/frontend/node_modules/@babel/parser/lib/index.js:4662:17)
      at TypeScriptParserMixin.jsxParseElementAt (/home/lujingwei/DB-HA-Manager/frontend/node_modules/@babel/parser/lib/index.js:4686:33)
      at TypeScriptParserMixin.jsxParseElement (/home/lujingwei/DB-HA-Manager/frontend/node_modules/@babel/parser/lib/index.js:4749:17)
      at TypeScriptParserMixin.parseExprAtom (/home/lujingwei/DB-HA-Manager/frontend/node_modules/@babel/parser/lib/index.js:4759:19)
      at TypeScriptParserMixin.parseExprSubscripts (/home/lujingwei/DB-HA-Manager/frontend/node_modules/@babel/parser/lib/index.js:11081:23)
      at TypeScriptParserMixin.parseUpdate (/home/lujingwei/DB-HA-Manager/frontend/node_modules/@babel/parser/lib/index.js:11066:21)
      at TypeScriptParserMixin.parseMaybeUnary (/home/lujingwei/DB-HA-Manager/frontend/node_modules/@babel/parser/lib/index.js:11046:23)
      at TypeScriptParserMixin.parseMaybeUnary (/home/lujingwei/DB-HA-Manager/frontend/node_modules/@babel/parser/lib/index.js:9837:18)
      at TypeScriptParserMixin.parseMaybeUnaryOrPrivate (/home/lujingwei/DB-HA-Manager/frontend/node_modules/@babel/parser/lib/index.js:10899:61)
      at TypeScriptParserMixin.parseExprOps (/home/lujingwei/DB-HA-Manager/frontend/node_modules/@babel/parser/lib/index.js:10904:23)
      at TypeScriptParserMixin.parseMaybeConditional (/home/lujingwei/DB-HA-Manager/frontend/node_modules/@babel/parser/lib/index.js:10881:23)
      at TypeScriptParserMixin.parseMaybeAssign (/home/lujingwei/DB-HA-Manager/frontend/node_modules/@babel/parser/lib/index.js:10831:21)
      at /home/lujingwei/DB-HA-Manager/frontend/node_modules/@babel/parser/lib/index.js:9775:39
      at TypeScriptParserMixin.tryParse (/home/lujingwei/DB-HA-Manager/frontend/node_modules/@babel/parser/lib/index.js:6907:20)
      at TypeScriptParserMixin.parseMaybeAssign (/home/lujingwei/DB-HA-Manager/frontend/node_modules/@babel/parser/lib/index.js:9775:18)
      at /home/lujingwei/DB-HA-Manager/frontend/node_modules/@babel/parser/lib/index.js:10800:39
      at TypeScriptParserMixin.allowInAnd (/home/lujingwei/DB-HA-Manager/frontend/node_modules/@babel/parser/lib/index.js:12426:12)
      at TypeScriptParserMixin.parseMaybeAssignAllowIn (/home/lujingwei/DB-HA-Manager/frontend/node_modules/@babel/parser/lib/index.js:10800:17)
      at TypeScriptParserMixin.parseMaybeAssignAllowInOrVoidPattern (/home/lujingwei/DB-HA-Manager/frontend/node_modules/@babel/parser/lib/index.js:12493:17)
      at TypeScriptParserMixin.parseParenAndDistinguishExpression (/home/lujingwei/DB-HA-Manager/frontend/node_modules/@babel/parser/lib/index.js:11675:28)
      at TypeScriptParserMixin.parseExprAtom (/home/lujingwei/DB-HA-Manager/frontend/node_modules/@babel/parser/lib/index.js:11331:23)
      at TypeScriptParserMixin.parseExprAtom (/home/lujingwei/DB-HA-Manager/frontend/node_modules/@babel/parser/lib/index.js:4764:20)
      at TypeScriptParserMixin.parseExprSubscripts (/home/lujingwei/DB-HA-Manager/frontend/node_modules/@babel/parser/lib/index.js:11081:23)
      at TypeScriptParserMixin.parseUpdate (/home/lujingwei/DB-HA-Manager/frontend/node_modules/@babel/parser/lib/index.js:11066:21)
      at TypeScriptParserMixin.parseMaybeUnary (/home/lujingwei/DB-HA-Manager/frontend/node_modules/@babel/parser/lib/index.js:11046:23)
      at TypeScriptParserMixin.parseMaybeUnary (/home/lujingwei/DB-HA-Manager/frontend/node_modules/@babel/parser/lib/index.js:9837:18)
      at TypeScriptParserMixin.parseMaybeUnaryOrPrivate (/home/lujingwei/DB-HA-Manager/frontend/node_modules/@babel/parser/lib/index.js:10899:61)
      at TypeScriptParserMixin.parseExprOps (/home/lujingwei/DB-HA-Manager/frontend/node_modules/@babel/parser/lib/index.js:10904:23)
      at TypeScriptParserMixin.parseMaybeConditional (/home/lujingwei/DB-HA-Manager/frontend/node_modules/@babel/parser/lib/index.js:10881:23)
      at TypeScriptParserMixin.parseMaybeAssign (/home/lujingwei/DB-HA-Manager/frontend/node_modules/@babel/parser/lib/index.js:10831:21)
      at TypeScriptParserMixin.parseMaybeAssign (/home/lujingwei/DB-HA-Manager/frontend/node_modules/@babel/parser/lib/index.js:9786:20)
      at /home/lujingwei/DB-HA-Manager/frontend/node_modules/@babel/parser/lib/index.js:10800:39
      at TypeScriptParserMixin.allowInAnd (/home/lujingwei/DB-HA-Manager/frontend/node_modules/@babel/parser/lib/index.js:12426:12)
      at TypeScriptParserMixin.parseMaybeAssignAllowIn (/home/lujingwei/DB-HA-Manager/frontend/node_modules/@babel/parser/lib/index.js:10800:17)
      at TypeScriptParserMixin.parseMaybeAssignAllowInOrVoidPattern (/home/lujingwei/DB-HA-Manager/frontend/node_modules/@babel/parser/lib/index.js:12493:17)
      at TypeScriptParserMixin.parseObjectProperty (/home/lujingwei/DB-HA-Manager/frontend/node_modules/@babel/parser/lib/index.js:11950:83)
      at TypeScriptParserMixin.parseObjPropValue (/home/lujingwei/DB-HA-Manager/frontend/node_modules/@babel/parser/lib/index.js:11978:100)
3:53:22 PM [vite] hmr update /src/pages/SetupWizard.tsx
3:53:22 PM [vite] Internal server error: /home/lujingwei/DB-HA-Manager/frontend/src/pages/SetupWizard.tsx: Expecting Unicode escape sequence \uXXXX. (995:28)

  993 |         title: '主备 IP 相同',
  994 |         content: (
> 995 |           <Space direction=\"vertical\" size={8}>
      |                             ^
  996 |             <Text>主备同机存在数据风险，请确认您已理解风险。</Text>
  997 |             <Text type=\"secondary\">继续将沿用单机路径策略，请确保具备隔离与备份计划。</Text>
  998 |           </Space>
  Plugin: vite:react-babel
  File: /home/lujingwei/DB-HA-Manager/frontend/src/pages/SetupWizard.tsx:995:28
  993|          title: '主备 IP 相同',
  994|          content: (
  995|            <Space direction=\"vertical\" size={8}>
     |                              ^
  996|              <Text>主备同机存在数据风险，请确认您已理解风险。</Text>
  997|              <Text type=\"secondary\">继续将沿用单机路径策略，请确保具备隔离与备份计划。</Text>
      at constructor (/home/lujingwei/DB-HA-Manager/frontend/node_modules/@babel/parser/lib/index.js:365:19)
      at TypeScriptParserMixin.raise (/home/lujingwei/DB-HA-Manager/frontend/node_modules/@babel/parser/lib/index.js:6599:19)
      at TypeScriptParserMixin.readWord1 (/home/lujingwei/DB-HA-Manager/frontend/node_modules/@babel/parser/lib/index.js:6559:16)
      at TypeScriptParserMixin.readWord (/home/lujingwei/DB-HA-Manager/frontend/node_modules/@babel/parser/lib/index.js:6579:23)
      at TypeScriptParserMixin.getTokenFromCode (/home/lujingwei/DB-HA-Manager/frontend/node_modules/@babel/parser/lib/index.js:6298:14)
      at TypeScriptParserMixin.getTokenFromCode (/home/lujingwei/DB-HA-Manager/frontend/node_modules/@babel/parser/lib/index.js:4797:11)
      at TypeScriptParserMixin.getTokenFromCode (/home/lujingwei/DB-HA-Manager/frontend/node_modules/@babel/parser/lib/index.js:9987:11)
      at TypeScriptParserMixin.nextToken (/home/lujingwei/DB-HA-Manager/frontend/node_modules/@babel/parser/lib/index.js:5782:10)
      at TypeScriptParserMixin.next (/home/lujingwei/DB-HA-Manager/frontend/node_modules/@babel/parser/lib/index.js:5692:10)
      at TypeScriptParserMixin.eat (/home/lujingwei/DB-HA-Manager/frontend/node_modules/@babel/parser/lib/index.js:5696:12)
      at TypeScriptParserMixin.jsxParseAttribute (/home/lujingwei/DB-HA-Manager/frontend/node_modules/@babel/parser/lib/index.js:4653:23)
      at TypeScriptParserMixin.jsxParseOpeningElementAfterName (/home/lujingwei/DB-HA-Manager/frontend/node_modules/@babel/parser/lib/index.js:4667:28)
      at TypeScriptParserMixin.jsxParseOpeningElementAfterName (/home/lujingwei/DB-HA-Manager/frontend/node_modules/@babel/parser/lib/index.js:10043:18)
      at TypeScriptParserMixin.jsxParseOpeningElementAt (/home/lujingwei/DB-HA-Manager/frontend/node_modules/@babel/parser/lib/index.js:4662:17)
      at TypeScriptParserMixin.jsxParseElementAt (/home/lujingwei/DB-HA-Manager/frontend/node_modules/@babel/parser/lib/index.js:4686:33)
      at TypeScriptParserMixin.jsxParseElement (/home/lujingwei/DB-HA-Manager/frontend/node_modules/@babel/parser/lib/index.js:4749:17)
      at TypeScriptParserMixin.parseExprAtom (/home/lujingwei/DB-HA-Manager/frontend/node_modules/@babel/parser/lib/index.js:4759:19)
      at TypeScriptParserMixin.parseExprSubscripts (/home/lujingwei/DB-HA-Manager/frontend/node_modules/@babel/parser/lib/index.js:11081:23)
      at TypeScriptParserMixin.parseUpdate (/home/lujingwei/DB-HA-Manager/frontend/node_modules/@babel/parser/lib/index.js:11066:21)
      at TypeScriptParserMixin.parseMaybeUnary (/home/lujingwei/DB-HA-Manager/frontend/node_modules/@babel/parser/lib/index.js:11046:23)
      at TypeScriptParserMixin.parseMaybeUnary (/home/lujingwei/DB-HA-Manager/frontend/node_modules/@babel/parser/lib/index.js:9837:18)
      at TypeScriptParserMixin.parseMaybeUnaryOrPrivate (/home/lujingwei/DB-HA-Manager/frontend/node_modules/@babel/parser/lib/index.js:10899:61)
      at TypeScriptParserMixin.parseExprOps (/home/lujingwei/DB-HA-Manager/frontend/node_modules/@babel/parser/lib/index.js:10904:23)
      at TypeScriptParserMixin.parseMaybeConditional (/home/lujingwei/DB-HA-Manager/frontend/node_modules/@babel/parser/lib/index.js:10881:23)
      at TypeScriptParserMixin.parseMaybeAssign (/home/lujingwei/DB-HA-Manager/frontend/node_modules/@babel/parser/lib/index.js:10831:21)
      at /home/lujingwei/DB-HA-Manager/frontend/node_modules/@babel/parser/lib/index.js:9775:39
      at TypeScriptParserMixin.tryParse (/home/lujingwei/DB-HA-Manager/frontend/node_modules/@babel/parser/lib/index.js:6907:20)
      at TypeScriptParserMixin.parseMaybeAssign (/home/lujingwei/DB-HA-Manager/frontend/node_modules/@babel/parser/lib/index.js:9775:18)
      at /home/lujingwei/DB-HA-Manager/frontend/node_modules/@babel/parser/lib/index.js:10800:39
      at TypeScriptParserMixin.allowInAnd (/home/lujingwei/DB-HA-Manager/frontend/node_modules/@babel/parser/lib/index.js:12426:12)
      at TypeScriptParserMixin.parseMaybeAssignAllowIn (/home/lujingwei/DB-HA-Manager/frontend/node_modules/@babel/parser/lib/index.js:10800:17)
      at TypeScriptParserMixin.parseMaybeAssignAllowInOrVoidPattern (/home/lujingwei/DB-HA-Manager/frontend/node_modules/@babel/parser/lib/index.js:12493:17)
      at TypeScriptParserMixin.parseParenAndDistinguishExpression (/home/lujingwei/DB-HA-Manager/frontend/node_modules/@babel/parser/lib/index.js:11675:28)
      at TypeScriptParserMixin.parseExprAtom (/home/lujingwei/DB-HA-Manager/frontend/node_modules/@babel/parser/lib/index.js:11331:23)
      at TypeScriptParserMixin.parseExprAtom (/home/lujingwei/DB-HA-Manager/frontend/node_modules/@babel/parser/lib/index.js:4764:20)
      at TypeScriptParserMixin.parseExprSubscripts (/home/lujingwei/DB-HA-Manager/frontend/node_modules/@babel/parser/lib/index.js:11081:23)
      at TypeScriptParserMixin.parseUpdate (/home/lujingwei/DB-HA-Manager/frontend/node_modules/@babel/parser/lib/index.js:11066:21)
      at TypeScriptParserMixin.parseMaybeUnary (/home/lujingwei/DB-HA-Manager/frontend/node_modules/@babel/parser/lib/index.js:11046:23)
      at TypeScriptParserMixin.parseMaybeUnary (/home/lujingwei/DB-HA-Manager/frontend/node_modules/@babel/parser/lib/index.js:9837:18)
      at TypeScriptParserMixin.parseMaybeUnaryOrPrivate (/home/lujingwei/DB-HA-Manager/frontend/node_modules/@babel/parser/lib/index.js:10899:61)
      at TypeScriptParserMixin.parseExprOps (/home/lujingwei/DB-HA-Manager/frontend/node_modules/@babel/parser/lib/index.js:10904:23)
      at TypeScriptParserMixin.parseMaybeConditional (/home/lujingwei/DB-HA-Manager/frontend/node_modules/@babel/parser/lib/index.js:10881:23)
      at TypeScriptParserMixin.parseMaybeAssign (/home/lujingwei/DB-HA-Manager/frontend/node_modules/@babel/parser/lib/index.js:10831:21)
      at TypeScriptParserMixin.parseMaybeAssign (/home/lujingwei/DB-HA-Manager/frontend/node_modules/@babel/parser/lib/index.js:9786:20)
      at /home/lujingwei/DB-HA-Manager/frontend/node_modules/@babel/parser/lib/index.js:10800:39
      at TypeScriptParserMixin.allowInAnd (/home/lujingwei/DB-HA-Manager/frontend/node_modules/@babel/parser/lib/index.js:12426:12)
      at TypeScriptParserMixin.parseMaybeAssignAllowIn (/home/lujingwei/DB-HA-Manager/frontend/node_modules/@babel/parser/lib/index.js:10800:17)
      at TypeScriptParserMixin.parseMaybeAssignAllowInOrVoidPattern (/home/lujingwei/DB-HA-Manager/frontend/node_modules/@babel/parser/lib/index.js:12493:17)
      at TypeScriptParserMixin.parseObjectProperty (/home/lujingwei/DB-HA-Manager/frontend/node_modules/@babel/parser/lib/index.js:11950:83)
      at TypeScriptParserMixin.parseObjPropValue (/home/lujingwei/DB-HA-Manager/frontend/node_modules/@babel/parser/lib/index.js:11978:100)
3:53:24 PM [vite] hmr update /src/pages/SetupWizard.tsx
3:53:24 PM [vite] Internal server error: /home/lujingwei/DB-HA-Manager/frontend/src/pages/SetupWizard.tsx: Expecting Unicode escape sequence \uXXXX. (995:28)

  993 |         title: '主备 IP 相同',
  994 |         content: (
> 995 |           <Space direction=\"vertical\" size={8}>
      |                             ^
  996 |             <Text>主备同机存在数据风险，请确认您已理解风险。</Text>
  997 |             <Text type=\"secondary\">继续将沿用单机路径策略，请确保具备隔离与备份计划。</Text>
  998 |           </Space>
  Plugin: vite:react-babel
  File: /home/lujingwei/DB-HA-Manager/frontend/src/pages/SetupWizard.tsx:995:28
  993|          title: '主备 IP 相同',
  994|          content: (
  995|            <Space direction=\"vertical\" size={8}>
     |                              ^
  996|              <Text>主备同机存在数据风险，请确认您已理解风险。</Text>
  997|              <Text type=\"secondary\">继续将沿用单机路径策略，请确保具备隔离与备份计划。</Text>
      at constructor (/home/lujingwei/DB-HA-Manager/frontend/node_modules/@babel/parser/lib/index.js:365:19)
      at TypeScriptParserMixin.raise (/home/lujingwei/DB-HA-Manager/frontend/node_modules/@babel/parser/lib/index.js:6599:19)
      at TypeScriptParserMixin.readWord1 (/home/lujingwei/DB-HA-Manager/frontend/node_modules/@babel/parser/lib/index.js:6559:16)
      at TypeScriptParserMixin.readWord (/home/lujingwei/DB-HA-Manager/frontend/node_modules/@babel/parser/lib/index.js:6579:23)
      at TypeScriptParserMixin.getTokenFromCode (/home/lujingwei/DB-HA-Manager/frontend/node_modules/@babel/parser/lib/index.js:6298:14)
      at TypeScriptParserMixin.getTokenFromCode (/home/lujingwei/DB-HA-Manager/frontend/node_modules/@babel/parser/lib/index.js:4797:11)
      at TypeScriptParserMixin.getTokenFromCode (/home/lujingwei/DB-HA-Manager/frontend/node_modules/@babel/parser/lib/index.js:9987:11)
      at TypeScriptParserMixin.nextToken (/home/lujingwei/DB-HA-Manager/frontend/node_modules/@babel/parser/lib/index.js:5782:10)
      at TypeScriptParserMixin.next (/home/lujingwei/DB-HA-Manager/frontend/node_modules/@babel/parser/lib/index.js:5692:10)
      at TypeScriptParserMixin.eat (/home/lujingwei/DB-HA-Manager/frontend/node_modules/@babel/parser/lib/index.js:5696:12)
      at TypeScriptParserMixin.jsxParseAttribute (/home/lujingwei/DB-HA-Manager/frontend/node_modules/@babel/parser/lib/index.js:4653:23)
      at TypeScriptParserMixin.jsxParseOpeningElementAfterName (/home/lujingwei/DB-HA-Manager/frontend/node_modules/@babel/parser/lib/index.js:4667:28)
      at TypeScriptParserMixin.jsxParseOpeningElementAfterName (/home/lujingwei/DB-HA-Manager/frontend/node_modules/@babel/parser/lib/index.js:10043:18)
      at TypeScriptParserMixin.jsxParseOpeningElementAt (/home/lujingwei/DB-HA-Manager/frontend/node_modules/@babel/parser/lib/index.js:4662:17)
      at TypeScriptParserMixin.jsxParseElementAt (/home/lujingwei/DB-HA-Manager/frontend/node_modules/@babel/parser/lib/index.js:4686:33)
      at TypeScriptParserMixin.jsxParseElement (/home/lujingwei/DB-HA-Manager/frontend/node_modules/@babel/parser/lib/index.js:4749:17)
      at TypeScriptParserMixin.parseExprAtom (/home/lujingwei/DB-HA-Manager/frontend/node_modules/@babel/parser/lib/index.js:4759:19)
      at TypeScriptParserMixin.parseExprSubscripts (/home/lujingwei/DB-HA-Manager/frontend/node_modules/@babel/parser/lib/index.js:11081:23)
      at TypeScriptParserMixin.parseUpdate (/home/lujingwei/DB-HA-Manager/frontend/node_modules/@babel/parser/lib/index.js:11066:21)
      at TypeScriptParserMixin.parseMaybeUnary (/home/lujingwei/DB-HA-Manager/frontend/node_modules/@babel/parser/lib/index.js:11046:23)
      at TypeScriptParserMixin.parseMaybeUnary (/home/lujingwei/DB-HA-Manager/frontend/node_modules/@babel/parser/lib/index.js:9837:18)
      at TypeScriptParserMixin.parseMaybeUnaryOrPrivate (/home/lujingwei/DB-HA-Manager/frontend/node_modules/@babel/parser/lib/index.js:10899:61)
      at TypeScriptParserMixin.parseExprOps (/home/lujingwei/DB-HA-Manager/frontend/node_modules/@babel/parser/lib/index.js:10904:23)
      at TypeScriptParserMixin.parseMaybeConditional (/home/lujingwei/DB-HA-Manager/frontend/node_modules/@babel/parser/lib/index.js:10881:23)
      at TypeScriptParserMixin.parseMaybeAssign (/home/lujingwei/DB-HA-Manager/frontend/node_modules/@babel/parser/lib/index.js:10831:21)
      at /home/lujingwei/DB-HA-Manager/frontend/node_modules/@babel/parser/lib/index.js:9775:39
      at TypeScriptParserMixin.tryParse (/home/lujingwei/DB-HA-Manager/frontend/node_modules/@babel/parser/lib/index.js:6907:20)
      at TypeScriptParserMixin.parseMaybeAssign (/home/lujingwei/DB-HA-Manager/frontend/node_modules/@babel/parser/lib/index.js:9775:18)
      at /home/lujingwei/DB-HA-Manager/frontend/node_modules/@babel/parser/lib/index.js:10800:39
      at TypeScriptParserMixin.allowInAnd (/home/lujingwei/DB-HA-Manager/frontend/node_modules/@babel/parser/lib/index.js:12426:12)
      at TypeScriptParserMixin.parseMaybeAssignAllowIn (/home/lujingwei/DB-HA-Manager/frontend/node_modules/@babel/parser/lib/index.js:10800:17)
      at TypeScriptParserMixin.parseMaybeAssignAllowInOrVoidPattern (/home/lujingwei/DB-HA-Manager/frontend/node_modules/@babel/parser/lib/index.js:12493:17)
      at TypeScriptParserMixin.parseParenAndDistinguishExpression (/home/lujingwei/DB-HA-Manager/frontend/node_modules/@babel/parser/lib/index.js:11675:28)
      at TypeScriptParserMixin.parseExprAtom (/home/lujingwei/DB-HA-Manager/frontend/node_modules/@babel/parser/lib/index.js:11331:23)
      at TypeScriptParserMixin.parseExprAtom (/home/lujingwei/DB-HA-Manager/frontend/node_modules/@babel/parser/lib/index.js:4764:20)
      at TypeScriptParserMixin.parseExprSubscripts (/home/lujingwei/DB-HA-Manager/frontend/node_modules/@babel/parser/lib/index.js:11081:23)
      at TypeScriptParserMixin.parseUpdate (/home/lujingwei/DB-HA-Manager/frontend/node_modules/@babel/parser/lib/index.js:11066:21)
      at TypeScriptParserMixin.parseMaybeUnary (/home/lujingwei/DB-HA-Manager/frontend/node_modules/@babel/parser/lib/index.js:11046:23)
      at TypeScriptParserMixin.parseMaybeUnary (/home/lujingwei/DB-HA-Manager/frontend/node_modules/@babel/parser/lib/index.js:9837:18)
      at TypeScriptParserMixin.parseMaybeUnaryOrPrivate (/home/lujingwei/DB-HA-Manager/frontend/node_modules/@babel/parser/lib/index.js:10899:61)
      at TypeScriptParserMixin.parseExprOps (/home/lujingwei/DB-HA-Manager/frontend/node_modules/@babel/parser/lib/index.js:10904:23)
      at TypeScriptParserMixin.parseMaybeConditional (/home/lujingwei/DB-HA-Manager/frontend/node_modules/@babel/parser/lib/index.js:10881:23)
      at TypeScriptParserMixin.parseMaybeAssign (/home/lujingwei/DB-HA-Manager/frontend/node_modules/@babel/parser/lib/index.js:10831:21)
      at TypeScriptParserMixin.parseMaybeAssign (/home/lujingwei/DB-HA-Manager/frontend/node_modules/@babel/parser/lib/index.js:9786:20)
      at /home/lujingwei/DB-HA-Manager/frontend/node_modules/@babel/parser/lib/index.js:10800:39
      at TypeScriptParserMixin.allowInAnd (/home/lujingwei/DB-HA-Manager/frontend/node_modules/@babel/parser/lib/index.js:12426:12)
      at TypeScriptParserMixin.parseMaybeAssignAllowIn (/home/lujingwei/DB-HA-Manager/frontend/node_modules/@babel/parser/lib/index.js:10800:17)
      at TypeScriptParserMixin.parseMaybeAssignAllowInOrVoidPattern (/home/lujingwei/DB-HA-Manager/frontend/node_modules/@babel/parser/lib/index.js:12493:17)
      at TypeScriptParserMixin.parseObjectProperty (/home/lujingwei/DB-HA-Manager/frontend/node_modules/@babel/parser/lib/index.js:11950:83)
      at TypeScriptParserMixin.parseObjPropValue (/home/lujingwei/DB-HA-Manager/frontend/node_modules/@babel/parser/lib/index.js:11978:100)
3:53:26 PM [vite] hmr update /src/pages/SetupWizard.tsx
3:53:26 PM [vite] Internal server error: /home/lujingwei/DB-HA-Manager/frontend/src/pages/SetupWizard.tsx: Expecting Unicode escape sequence \uXXXX. (995:28)

  993 |         title: '主备 IP 相同',
  994 |         content: (
> 995 |           <Space direction=\"vertical\" size={8}>
      |                             ^
  996 |             <Text>主备同机存在数据风险，请确认您已理解风险。</Text>
  997 |             <Text type=\"secondary\">继续将沿用单机路径策略，请确保具备隔离与备份计划。</Text>
  998 |           </Space>
  Plugin: vite:react-babel
  File: /home/lujingwei/DB-HA-Manager/frontend/src/pages/SetupWizard.tsx:995:28
  993|          title: '主备 IP 相同',
  994|          content: (
  995|            <Space direction=\"vertical\" size={8}>
     |                              ^
  996|              <Text>主备同机存在数据风险，请确认您已理解风险。</Text>
  997|              <Text type=\"secondary\">继续将沿用单机路径策略，请确保具备隔离与备份计划。</Text>
      at constructor (/home/lujingwei/DB-HA-Manager/frontend/node_modules/@babel/parser/lib/index.js:365:19)
      at TypeScriptParserMixin.raise (/home/lujingwei/DB-HA-Manager/frontend/node_modules/@babel/parser/lib/index.js:6599:19)
      at TypeScriptParserMixin.readWord1 (/home/lujingwei/DB-HA-Manager/frontend/node_modules/@babel/parser/lib/index.js:6559:16)
      at TypeScriptParserMixin.readWord (/home/lujingwei/DB-HA-Manager/frontend/node_modules/@babel/parser/lib/index.js:6579:23)
      at TypeScriptParserMixin.getTokenFromCode (/home/lujingwei/DB-HA-Manager/frontend/node_modules/@babel/parser/lib/index.js:6298:14)
      at TypeScriptParserMixin.getTokenFromCode (/home/lujingwei/DB-HA-Manager/frontend/node_modules/@babel/parser/lib/index.js:4797:11)
      at TypeScriptParserMixin.getTokenFromCode (/home/lujingwei/DB-HA-Manager/frontend/node_modules/@babel/parser/lib/index.js:9987:11)
      at TypeScriptParserMixin.nextToken (/home/lujingwei/DB-HA-Manager/frontend/node_modules/@babel/parser/lib/index.js:5782:10)
      at TypeScriptParserMixin.next (/home/lujingwei/DB-HA-Manager/frontend/node_modules/@babel/parser/lib/index.js:5692:10)
      at TypeScriptParserMixin.eat (/home/lujingwei/DB-HA-Manager/frontend/node_modules/@babel/parser/lib/index.js:5696:12)
      at TypeScriptParserMixin.jsxParseAttribute (/home/lujingwei/DB-HA-Manager/frontend/node_modules/@babel/parser/lib/index.js:4653:23)
      at TypeScriptParserMixin.jsxParseOpeningElementAfterName (/home/lujingwei/DB-HA-Manager/frontend/node_modules/@babel/parser/lib/index.js:4667:28)
      at TypeScriptParserMixin.jsxParseOpeningElementAfterName (/home/lujingwei/DB-HA-Manager/frontend/node_modules/@babel/parser/lib/index.js:10043:18)
      at TypeScriptParserMixin.jsxParseOpeningElementAt (/home/lujingwei/DB-HA-Manager/frontend/node_modules/@babel/parser/lib/index.js:4662:17)
      at TypeScriptParserMixin.jsxParseElementAt (/home/lujingwei/DB-HA-Manager/frontend/node_modules/@babel/parser/lib/index.js:4686:33)
      at TypeScriptParserMixin.jsxParseElement (/home/lujingwei/DB-HA-Manager/frontend/node_modules/@babel/parser/lib/index.js:4749:17)
      at TypeScriptParserMixin.parseExprAtom (/home/lujingwei/DB-HA-Manager/frontend/node_modules/@babel/parser/lib/index.js:4759:19)
      at TypeScriptParserMixin.parseExprSubscripts (/home/lujingwei/DB-HA-Manager/frontend/node_modules/@babel/parser/lib/index.js:11081:23)
      at TypeScriptParserMixin.parseUpdate (/home/lujingwei/DB-HA-Manager/frontend/node_modules/@babel/parser/lib/index.js:11066:21)
      at TypeScriptParserMixin.parseMaybeUnary (/home/lujingwei/DB-HA-Manager/frontend/node_modules/@babel/parser/lib/index.js:11046:23)
      at TypeScriptParserMixin.parseMaybeUnary (/home/lujingwei/DB-HA-Manager/frontend/node_modules/@babel/parser/lib/index.js:9837:18)
      at TypeScriptParserMixin.parseMaybeUnaryOrPrivate (/home/lujingwei/DB-HA-Manager/frontend/node_modules/@babel/parser/lib/index.js:10899:61)
      at TypeScriptParserMixin.parseExprOps (/home/lujingwei/DB-HA-Manager/frontend/node_modules/@babel/parser/lib/index.js:10904:23)
      at TypeScriptParserMixin.parseMaybeConditional (/home/lujingwei/DB-HA-Manager/frontend/node_modules/@babel/parser/lib/index.js:10881:23)
      at TypeScriptParserMixin.parseMaybeAssign (/home/lujingwei/DB-HA-Manager/frontend/node_modules/@babel/parser/lib/index.js:10831:21)
      at /home/lujingwei/DB-HA-Manager/frontend/node_modules/@babel/parser/lib/index.js:9775:39
      at TypeScriptParserMixin.tryParse (/home/lujingwei/DB-HA-Manager/frontend/node_modules/@babel/parser/lib/index.js:6907:20)
      at TypeScriptParserMixin.parseMaybeAssign (/home/lujingwei/DB-HA-Manager/frontend/node_modules/@babel/parser/lib/index.js:9775:18)
      at /home/lujingwei/DB-HA-Manager/frontend/node_modules/@babel/parser/lib/index.js:10800:39
      at TypeScriptParserMixin.allowInAnd (/home/lujingwei/DB-HA-Manager/frontend/node_modules/@babel/parser/lib/index.js:12426:12)
      at TypeScriptParserMixin.parseMaybeAssignAllowIn (/home/lujingwei/DB-HA-Manager/frontend/node_modules/@babel/parser/lib/index.js:10800:17)
      at TypeScriptParserMixin.parseMaybeAssignAllowInOrVoidPattern (/home/lujingwei/DB-HA-Manager/frontend/node_modules/@babel/parser/lib/index.js:12493:17)
      at TypeScriptParserMixin.parseParenAndDistinguishExpression (/home/lujingwei/DB-HA-Manager/frontend/node_modules/@babel/parser/lib/index.js:11675:28)
      at TypeScriptParserMixin.parseExprAtom (/home/lujingwei/DB-HA-Manager/frontend/node_modules/@babel/parser/lib/index.js:11331:23)
      at TypeScriptParserMixin.parseExprAtom (/home/lujingwei/DB-HA-Manager/frontend/node_modules/@babel/parser/lib/index.js:4764:20)
      at TypeScriptParserMixin.parseExprSubscripts (/home/lujingwei/DB-HA-Manager/frontend/node_modules/@babel/parser/lib/index.js:11081:23)
      at TypeScriptParserMixin.parseUpdate (/home/lujingwei/DB-HA-Manager/frontend/node_modules/@babel/parser/lib/index.js:11066:21)
      at TypeScriptParserMixin.parseMaybeUnary (/home/lujingwei/DB-HA-Manager/frontend/node_modules/@babel/parser/lib/index.js:11046:23)
      at TypeScriptParserMixin.parseMaybeUnary (/home/lujingwei/DB-HA-Manager/frontend/node_modules/@babel/parser/lib/index.js:9837:18)
      at TypeScriptParserMixin.parseMaybeUnaryOrPrivate (/home/lujingwei/DB-HA-Manager/frontend/node_modules/@babel/parser/lib/index.js:10899:61)
      at TypeScriptParserMixin.parseExprOps (/home/lujingwei/DB-HA-Manager/frontend/node_modules/@babel/parser/lib/index.js:10904:23)
      at TypeScriptParserMixin.parseMaybeConditional (/home/lujingwei/DB-HA-Manager/frontend/node_modules/@babel/parser/lib/index.js:10881:23)
      at TypeScriptParserMixin.parseMaybeAssign (/home/lujingwei/DB-HA-Manager/frontend/node_modules/@babel/parser/lib/index.js:10831:21)
      at TypeScriptParserMixin.parseMaybeAssign (/home/lujingwei/DB-HA-Manager/frontend/node_modules/@babel/parser/lib/index.js:9786:20)
      at /home/lujingwei/DB-HA-Manager/frontend/node_modules/@babel/parser/lib/index.js:10800:39
      at TypeScriptParserMixin.allowInAnd (/home/lujingwei/DB-HA-Manager/frontend/node_modules/@babel/parser/lib/index.js:12426:12)
      at TypeScriptParserMixin.parseMaybeAssignAllowIn (/home/lujingwei/DB-HA-Manager/frontend/node_modules/@babel/parser/lib/index.js:10800:17)
      at TypeScriptParserMixin.parseMaybeAssignAllowInOrVoidPattern (/home/lujingwei/DB-HA-Manager/frontend/node_modules/@babel/parser/lib/index.js:12493:17)
      at TypeScriptParserMixin.parseObjectProperty (/home/lujingwei/DB-HA-Manager/frontend/node_modules/@babel/parser/lib/index.js:11950:83)
      at TypeScriptParserMixin.parseObjPropValue (/home/lujingwei/DB-HA-Manager/frontend/node_modules/@babel/parser/lib/index.js:11978:100)
3:53:27 PM [vite] hmr update /src/pages/SetupWizard.tsx
3:53:27 PM [vite] Internal server error: /home/lujingwei/DB-HA-Manager/frontend/src/pages/SetupWizard.tsx: Expecting Unicode escape sequence \uXXXX. (995:28)

  993 |         title: '主备 IP 相同',
  994 |         content: (
> 995 |           <Space direction=\"vertical\" size={8}>
      |                             ^
  996 |             <Text>主备同机存在数据风险，请确认您已理解风险。</Text>
  997 |             <Text type=\"secondary\">继续将沿用单机路径策略，请确保具备隔离与备份计划。</Text>
  998 |           </Space>
  Plugin: vite:react-babel
  File: /home/lujingwei/DB-HA-Manager/frontend/src/pages/SetupWizard.tsx:995:28
  993|          title: '主备 IP 相同',
  994|          content: (
  995|            <Space direction=\"vertical\" size={8}>
     |                              ^
  996|              <Text>主备同机存在数据风险，请确认您已理解风险。</Text>
  997|              <Text type=\"secondary\">继续将沿用单机路径策略，请确保具备隔离与备份计划。</Text>
      at constructor (/home/lujingwei/DB-HA-Manager/frontend/node_modules/@babel/parser/lib/index.js:365:19)
      at TypeScriptParserMixin.raise (/home/lujingwei/DB-HA-Manager/frontend/node_modules/@babel/parser/lib/index.js:6599:19)
      at TypeScriptParserMixin.readWord1 (/home/lujingwei/DB-HA-Manager/frontend/node_modules/@babel/parser/lib/index.js:6559:16)
      at TypeScriptParserMixin.readWord (/home/lujingwei/DB-HA-Manager/frontend/node_modules/@babel/parser/lib/index.js:6579:23)
      at TypeScriptParserMixin.getTokenFromCode (/home/lujingwei/DB-HA-Manager/frontend/node_modules/@babel/parser/lib/index.js:6298:14)
      at TypeScriptParserMixin.getTokenFromCode (/home/lujingwei/DB-HA-Manager/frontend/node_modules/@babel/parser/lib/index.js:4797:11)
      at TypeScriptParserMixin.getTokenFromCode (/home/lujingwei/DB-HA-Manager/frontend/node_modules/@babel/parser/lib/index.js:9987:11)
      at TypeScriptParserMixin.nextToken (/home/lujingwei/DB-HA-Manager/frontend/node_modules/@babel/parser/lib/index.js:5782:10)
      at TypeScriptParserMixin.next (/home/lujingwei/DB-HA-Manager/frontend/node_modules/@babel/parser/lib/index.js:5692:10)
      at TypeScriptParserMixin.eat (/home/lujingwei/DB-HA-Manager/frontend/node_modules/@babel/parser/lib/index.js:5696:12)
      at TypeScriptParserMixin.jsxParseAttribute (/home/lujingwei/DB-HA-Manager/frontend/node_modules/@babel/parser/lib/index.js:4653:23)
      at TypeScriptParserMixin.jsxParseOpeningElementAfterName (/home/lujingwei/DB-HA-Manager/frontend/node_modules/@babel/parser/lib/index.js:4667:28)
      at TypeScriptParserMixin.jsxParseOpeningElementAfterName (/home/lujingwei/DB-HA-Manager/frontend/node_modules/@babel/parser/lib/index.js:10043:18)
      at TypeScriptParserMixin.jsxParseOpeningElementAt (/home/lujingwei/DB-HA-Manager/frontend/node_modules/@babel/parser/lib/index.js:4662:17)
      at TypeScriptParserMixin.jsxParseElementAt (/home/lujingwei/DB-HA-Manager/frontend/node_modules/@babel/parser/lib/index.js:4686:33)
      at TypeScriptParserMixin.jsxParseElement (/home/lujingwei/DB-HA-Manager/frontend/node_modules/@babel/parser/lib/index.js:4749:17)
      at TypeScriptParserMixin.parseExprAtom (/home/lujingwei/DB-HA-Manager/frontend/node_modules/@babel/parser/lib/index.js:4759:19)
      at TypeScriptParserMixin.parseExprSubscripts (/home/lujingwei/DB-HA-Manager/frontend/node_modules/@babel/parser/lib/index.js:11081:23)
      at TypeScriptParserMixin.parseUpdate (/home/lujingwei/DB-HA-Manager/frontend/node_modules/@babel/parser/lib/index.js:11066:21)
      at TypeScriptParserMixin.parseMaybeUnary (/home/lujingwei/DB-HA-Manager/frontend/node_modules/@babel/parser/lib/index.js:11046:23)
      at TypeScriptParserMixin.parseMaybeUnary (/home/lujingwei/DB-HA-Manager/frontend/node_modules/@babel/parser/lib/index.js:9837:18)
      at TypeScriptParserMixin.parseMaybeUnaryOrPrivate (/home/lujingwei/DB-HA-Manager/frontend/node_modules/@babel/parser/lib/index.js:10899:61)
      at TypeScriptParserMixin.parseExprOps (/home/lujingwei/DB-HA-Manager/frontend/node_modules/@babel/parser/lib/index.js:10904:23)
      at TypeScriptParserMixin.parseMaybeConditional (/home/lujingwei/DB-HA-Manager/frontend/node_modules/@babel/parser/lib/index.js:10881:23)
      at TypeScriptParserMixin.parseMaybeAssign (/home/lujingwei/DB-HA-Manager/frontend/node_modules/@babel/parser/lib/index.js:10831:21)
      at /home/lujingwei/DB-HA-Manager/frontend/node_modules/@babel/parser/lib/index.js:9775:39
      at TypeScriptParserMixin.tryParse (/home/lujingwei/DB-HA-Manager/frontend/node_modules/@babel/parser/lib/index.js:6907:20)
      at TypeScriptParserMixin.parseMaybeAssign (/home/lujingwei/DB-HA-Manager/frontend/node_modules/@babel/parser/lib/index.js:9775:18)
      at /home/lujingwei/DB-HA-Manager/frontend/node_modules/@babel/parser/lib/index.js:10800:39
      at TypeScriptParserMixin.allowInAnd (/home/lujingwei/DB-HA-Manager/frontend/node_modules/@babel/parser/lib/index.js:12426:12)
      at TypeScriptParserMixin.parseMaybeAssignAllowIn (/home/lujingwei/DB-HA-Manager/frontend/node_modules/@babel/parser/lib/index.js:10800:17)
      at TypeScriptParserMixin.parseMaybeAssignAllowInOrVoidPattern (/home/lujingwei/DB-HA-Manager/frontend/node_modules/@babel/parser/lib/index.js:12493:17)
      at TypeScriptParserMixin.parseParenAndDistinguishExpression (/home/lujingwei/DB-HA-Manager/frontend/node_modules/@babel/parser/lib/index.js:11675:28)
      at TypeScriptParserMixin.parseExprAtom (/home/lujingwei/DB-HA-Manager/frontend/node_modules/@babel/parser/lib/index.js:11331:23)
      at TypeScriptParserMixin.parseExprAtom (/home/lujingwei/DB-HA-Manager/frontend/node_modules/@babel/parser/lib/index.js:4764:20)
      at TypeScriptParserMixin.parseExprSubscripts (/home/lujingwei/DB-HA-Manager/frontend/node_modules/@babel/parser/lib/index.js:11081:23)
      at TypeScriptParserMixin.parseUpdate (/home/lujingwei/DB-HA-Manager/frontend/node_modules/@babel/parser/lib/index.js:11066:21)
      at TypeScriptParserMixin.parseMaybeUnary (/home/lujingwei/DB-HA-Manager/frontend/node_modules/@babel/parser/lib/index.js:11046:23)
      at TypeScriptParserMixin.parseMaybeUnary (/home/lujingwei/DB-HA-Manager/frontend/node_modules/@babel/parser/lib/index.js:9837:18)
      at TypeScriptParserMixin.parseMaybeUnaryOrPrivate (/home/lujingwei/DB-HA-Manager/frontend/node_modules/@babel/parser/lib/index.js:10899:61)
      at TypeScriptParserMixin.parseExprOps (/home/lujingwei/DB-HA-Manager/frontend/node_modules/@babel/parser/lib/index.js:10904:23)
      at TypeScriptParserMixin.parseMaybeConditional (/home/lujingwei/DB-HA-Manager/frontend/node_modules/@babel/parser/lib/index.js:10881:23)
      at TypeScriptParserMixin.parseMaybeAssign (/home/lujingwei/DB-HA-Manager/frontend/node_modules/@babel/parser/lib/index.js:10831:21)
      at TypeScriptParserMixin.parseMaybeAssign (/home/lujingwei/DB-HA-Manager/frontend/node_modules/@babel/parser/lib/index.js:9786:20)
      at /home/lujingwei/DB-HA-Manager/frontend/node_modules/@babel/parser/lib/index.js:10800:39
      at TypeScriptParserMixin.allowInAnd (/home/lujingwei/DB-HA-Manager/frontend/node_modules/@babel/parser/lib/index.js:12426:12)
      at TypeScriptParserMixin.parseMaybeAssignAllowIn (/home/lujingwei/DB-HA-Manager/frontend/node_modules/@babel/parser/lib/index.js:10800:17)
      at TypeScriptParserMixin.parseMaybeAssignAllowInOrVoidPattern (/home/lujingwei/DB-HA-Manager/frontend/node_modules/@babel/parser/lib/index.js:12493:17)
      at TypeScriptParserMixin.parseObjectProperty (/home/lujingwei/DB-HA-Manager/frontend/node_modules/@babel/parser/lib/index.js:11950:83)
      at TypeScriptParserMixin.parseObjPropValue (/home/lujingwei/DB-HA-Manager/frontend/node_modules/@babel/parser/lib/index.js:11978:100)
3:53:29 PM [vite] hmr update /src/pages/SetupWizard.tsx
3:53:29 PM [vite] Internal server error: /home/lujingwei/DB-HA-Manager/frontend/src/pages/SetupWizard.tsx: Expecting Unicode escape sequence \uXXXX. (995:28)

  993 |         title: '主备 IP 相同',
  994 |         content: (
> 995 |           <Space direction=\"vertical\" size={8}>
      |                             ^
  996 |             <Text>主备同机存在数据风险，请确认您已理解风险。</Text>
  997 |             <Text type=\"secondary\">继续将沿用单机路径策略，请确保具备隔离与备份计划。</Text>
  998 |           </Space>
  Plugin: vite:react-babel
  File: /home/lujingwei/DB-HA-Manager/frontend/src/pages/SetupWizard.tsx:995:28
  993|          title: '主备 IP 相同',
  994|          content: (
  995|            <Space direction=\"vertical\" size={8}>
     |                              ^
  996|              <Text>主备同机存在数据风险，请确认您已理解风险。</Text>
  997|              <Text type=\"secondary\">继续将沿用单机路径策略，请确保具备隔离与备份计划。</Text>
      at constructor (/home/lujingwei/DB-HA-Manager/frontend/node_modules/@babel/parser/lib/index.js:365:19)
      at TypeScriptParserMixin.raise (/home/lujingwei/DB-HA-Manager/frontend/node_modules/@babel/parser/lib/index.js:6599:19)
      at TypeScriptParserMixin.readWord1 (/home/lujingwei/DB-HA-Manager/frontend/node_modules/@babel/parser/lib/index.js:6559:16)
      at TypeScriptParserMixin.readWord (/home/lujingwei/DB-HA-Manager/frontend/node_modules/@babel/parser/lib/index.js:6579:23)
      at TypeScriptParserMixin.getTokenFromCode (/home/lujingwei/DB-HA-Manager/frontend/node_modules/@babel/parser/lib/index.js:6298:14)
      at TypeScriptParserMixin.getTokenFromCode (/home/lujingwei/DB-HA-Manager/frontend/node_modules/@babel/parser/lib/index.js:4797:11)
      at TypeScriptParserMixin.getTokenFromCode (/home/lujingwei/DB-HA-Manager/frontend/node_modules/@babel/parser/lib/index.js:9987:11)
      at TypeScriptParserMixin.nextToken (/home/lujingwei/DB-HA-Manager/frontend/node_modules/@babel/parser/lib/index.js:5782:10)
      at TypeScriptParserMixin.next (/home/lujingwei/DB-HA-Manager/frontend/node_modules/@babel/parser/lib/index.js:5692:10)
      at TypeScriptParserMixin.eat (/home/lujingwei/DB-HA-Manager/frontend/node_modules/@babel/parser/lib/index.js:5696:12)
      at TypeScriptParserMixin.jsxParseAttribute (/home/lujingwei/DB-HA-Manager/frontend/node_modules/@babel/parser/lib/index.js:4653:23)
      at TypeScriptParserMixin.jsxParseOpeningElementAfterName (/home/lujingwei/DB-HA-Manager/frontend/node_modules/@babel/parser/lib/index.js:4667:28)
      at TypeScriptParserMixin.jsxParseOpeningElementAfterName (/home/lujingwei/DB-HA-Manager/frontend/node_modules/@babel/parser/lib/index.js:10043:18)
      at TypeScriptParserMixin.jsxParseOpeningElementAt (/home/lujingwei/DB-HA-Manager/frontend/node_modules/@babel/parser/lib/index.js:4662:17)
      at TypeScriptParserMixin.jsxParseElementAt (/home/lujingwei/DB-HA-Manager/frontend/node_modules/@babel/parser/lib/index.js:4686:33)
      at TypeScriptParserMixin.jsxParseElement (/home/lujingwei/DB-HA-Manager/frontend/node_modules/@babel/parser/lib/index.js:4749:17)
      at TypeScriptParserMixin.parseExprAtom (/home/lujingwei/DB-HA-Manager/frontend/node_modules/@babel/parser/lib/index.js:4759:19)
      at TypeScriptParserMixin.parseExprSubscripts (/home/lujingwei/DB-HA-Manager/frontend/node_modules/@babel/parser/lib/index.js:11081:23)
      at TypeScriptParserMixin.parseUpdate (/home/lujingwei/DB-HA-Manager/frontend/node_modules/@babel/parser/lib/index.js:11066:21)
      at TypeScriptParserMixin.parseMaybeUnary (/home/lujingwei/DB-HA-Manager/frontend/node_modules/@babel/parser/lib/index.js:11046:23)
      at TypeScriptParserMixin.parseMaybeUnary (/home/lujingwei/DB-HA-Manager/frontend/node_modules/@babel/parser/lib/index.js:9837:18)
      at TypeScriptParserMixin.parseMaybeUnaryOrPrivate (/home/lujingwei/DB-HA-Manager/frontend/node_modules/@babel/parser/lib/index.js:10899:61)
      at TypeScriptParserMixin.parseExprOps (/home/lujingwei/DB-HA-Manager/frontend/node_modules/@babel/parser/lib/index.js:10904:23)
      at TypeScriptParserMixin.parseMaybeConditional (/home/lujingwei/DB-HA-Manager/frontend/node_modules/@babel/parser/lib/index.js:10881:23)
      at TypeScriptParserMixin.parseMaybeAssign (/home/lujingwei/DB-HA-Manager/frontend/node_modules/@babel/parser/lib/index.js:10831:21)
      at /home/lujingwei/DB-HA-Manager/frontend/node_modules/@babel/parser/lib/index.js:9775:39
      at TypeScriptParserMixin.tryParse (/home/lujingwei/DB-HA-Manager/frontend/node_modules/@babel/parser/lib/index.js:6907:20)
      at TypeScriptParserMixin.parseMaybeAssign (/home/lujingwei/DB-HA-Manager/frontend/node_modules/@babel/parser/lib/index.js:9775:18)
      at /home/lujingwei/DB-HA-Manager/frontend/node_modules/@babel/parser/lib/index.js:10800:39
      at TypeScriptParserMixin.allowInAnd (/home/lujingwei/DB-HA-Manager/frontend/node_modules/@babel/parser/lib/index.js:12426:12)
      at TypeScriptParserMixin.parseMaybeAssignAllowIn (/home/lujingwei/DB-HA-Manager/frontend/node_modules/@babel/parser/lib/index.js:10800:17)
      at TypeScriptParserMixin.parseMaybeAssignAllowInOrVoidPattern (/home/lujingwei/DB-HA-Manager/frontend/node_modules/@babel/parser/lib/index.js:12493:17)
      at TypeScriptParserMixin.parseParenAndDistinguishExpression (/home/lujingwei/DB-HA-Manager/frontend/node_modules/@babel/parser/lib/index.js:11675:28)
      at TypeScriptParserMixin.parseExprAtom (/home/lujingwei/DB-HA-Manager/frontend/node_modules/@babel/parser/lib/index.js:11331:23)
      at TypeScriptParserMixin.parseExprAtom (/home/lujingwei/DB-HA-Manager/frontend/node_modules/@babel/parser/lib/index.js:4764:20)
      at TypeScriptParserMixin.parseExprSubscripts (/home/lujingwei/DB-HA-Manager/frontend/node_modules/@babel/parser/lib/index.js:11081:23)
      at TypeScriptParserMixin.parseUpdate (/home/lujingwei/DB-HA-Manager/frontend/node_modules/@babel/parser/lib/index.js:11066:21)
      at TypeScriptParserMixin.parseMaybeUnary (/home/lujingwei/DB-HA-Manager/frontend/node_modules/@babel/parser/lib/index.js:11046:23)
      at TypeScriptParserMixin.parseMaybeUnary (/home/lujingwei/DB-HA-Manager/frontend/node_modules/@babel/parser/lib/index.js:9837:18)
      at TypeScriptParserMixin.parseMaybeUnaryOrPrivate (/home/lujingwei/DB-HA-Manager/frontend/node_modules/@babel/parser/lib/index.js:10899:61)
      at TypeScriptParserMixin.parseExprOps (/home/lujingwei/DB-HA-Manager/frontend/node_modules/@babel/parser/lib/index.js:10904:23)
      at TypeScriptParserMixin.parseMaybeConditional (/home/lujingwei/DB-HA-Manager/frontend/node_modules/@babel/parser/lib/index.js:10881:23)
      at TypeScriptParserMixin.parseMaybeAssign (/home/lujingwei/DB-HA-Manager/frontend/node_modules/@babel/parser/lib/index.js:10831:21)
      at TypeScriptParserMixin.parseMaybeAssign (/home/lujingwei/DB-HA-Manager/frontend/node_modules/@babel/parser/lib/index.js:9786:20)
      at /home/lujingwei/DB-HA-Manager/frontend/node_modules/@babel/parser/lib/index.js:10800:39
      at TypeScriptParserMixin.allowInAnd (/home/lujingwei/DB-HA-Manager/frontend/node_modules/@babel/parser/lib/index.js:12426:12)
      at TypeScriptParserMixin.parseMaybeAssignAllowIn (/home/lujingwei/DB-HA-Manager/frontend/node_modules/@babel/parser/lib/index.js:10800:17)
      at TypeScriptParserMixin.parseMaybeAssignAllowInOrVoidPattern (/home/lujingwei/DB-HA-Manager/frontend/node_modules/@babel/parser/lib/index.js:12493:17)
      at TypeScriptParserMixin.parseObjectProperty (/home/lujingwei/DB-HA-Manager/frontend/node_modules/@babel/parser/lib/index.js:11950:83)
      at TypeScriptParserMixin.parseObjPropValue (/home/lujingwei/DB-HA-Manager/frontend/node_modules/@babel/parser/lib/index.js:11978:100)
3:53:31 PM [vite] hmr update /src/pages/SetupWizard.tsx
3:53:31 PM [vite] Internal server error: /home/lujingwei/DB-HA-Manager/frontend/src/pages/SetupWizard.tsx: Expecting Unicode escape sequence \uXXXX. (995:28)

  993 |         title: '主备 IP 相同',
  994 |         content: (
> 995 |           <Space direction=\"vertical\" size={8}>
      |                             ^
  996 |             <Text>主备同机存在数据风险，请确认您已理解风险。</Text>
  997 |             <Text type=\"secondary\">继续将沿用单机路径策略，请确保具备隔离与备份计划。</Text>
  998 |           </Space>
  Plugin: vite:react-babel
  File: /home/lujingwei/DB-HA-Manager/frontend/src/pages/SetupWizard.tsx:995:28
  993|          title: '主备 IP 相同',
  994|          content: (
  995|            <Space direction=\"vertical\" size={8}>
     |                              ^
  996|              <Text>主备同机存在数据风险，请确认您已理解风险。</Text>
  997|              <Text type=\"secondary\">继续将沿用单机路径策略，请确保具备隔离与备份计划。</Text>
      at constructor (/home/lujingwei/DB-HA-Manager/frontend/node_modules/@babel/parser/lib/index.js:365:19)
      at TypeScriptParserMixin.raise (/home/lujingwei/DB-HA-Manager/frontend/node_modules/@babel/parser/lib/index.js:6599:19)
      at TypeScriptParserMixin.readWord1 (/home/lujingwei/DB-HA-Manager/frontend/node_modules/@babel/parser/lib/index.js:6559:16)
      at TypeScriptParserMixin.readWord (/home/lujingwei/DB-HA-Manager/frontend/node_modules/@babel/parser/lib/index.js:6579:23)
      at TypeScriptParserMixin.getTokenFromCode (/home/lujingwei/DB-HA-Manager/frontend/node_modules/@babel/parser/lib/index.js:6298:14)
      at TypeScriptParserMixin.getTokenFromCode (/home/lujingwei/DB-HA-Manager/frontend/node_modules/@babel/parser/lib/index.js:4797:11)
      at TypeScriptParserMixin.getTokenFromCode (/home/lujingwei/DB-HA-Manager/frontend/node_modules/@babel/parser/lib/index.js:9987:11)
      at TypeScriptParserMixin.nextToken (/home/lujingwei/DB-HA-Manager/frontend/node_modules/@babel/parser/lib/index.js:5782:10)
      at TypeScriptParserMixin.next (/home/lujingwei/DB-HA-Manager/frontend/node_modules/@babel/parser/lib/index.js:5692:10)
      at TypeScriptParserMixin.eat (/home/lujingwei/DB-HA-Manager/frontend/node_modules/@babel/parser/lib/index.js:5696:12)
      at TypeScriptParserMixin.jsxParseAttribute (/home/lujingwei/DB-HA-Manager/frontend/node_modules/@babel/parser/lib/index.js:4653:23)
      at TypeScriptParserMixin.jsxParseOpeningElementAfterName (/home/lujingwei/DB-HA-Manager/frontend/node_modules/@babel/parser/lib/index.js:4667:28)
      at TypeScriptParserMixin.jsxParseOpeningElementAfterName (/home/lujingwei/DB-HA-Manager/frontend/node_modules/@babel/parser/lib/index.js:10043:18)
      at TypeScriptParserMixin.jsxParseOpeningElementAt (/home/lujingwei/DB-HA-Manager/frontend/node_modules/@babel/parser/lib/index.js:4662:17)
      at TypeScriptParserMixin.jsxParseElementAt (/home/lujingwei/DB-HA-Manager/frontend/node_modules/@babel/parser/lib/index.js:4686:33)
      at TypeScriptParserMixin.jsxParseElement (/home/lujingwei/DB-HA-Manager/frontend/node_modules/@babel/parser/lib/index.js:4749:17)
      at TypeScriptParserMixin.parseExprAtom (/home/lujingwei/DB-HA-Manager/frontend/node_modules/@babel/parser/lib/index.js:4759:19)
      at TypeScriptParserMixin.parseExprSubscripts (/home/lujingwei/DB-HA-Manager/frontend/node_modules/@babel/parser/lib/index.js:11081:23)
      at TypeScriptParserMixin.parseUpdate (/home/lujingwei/DB-HA-Manager/frontend/node_modules/@babel/parser/lib/index.js:11066:21)
      at TypeScriptParserMixin.parseMaybeUnary (/home/lujingwei/DB-HA-Manager/frontend/node_modules/@babel/parser/lib/index.js:11046:23)
      at TypeScriptParserMixin.parseMaybeUnary (/home/lujingwei/DB-HA-Manager/frontend/node_modules/@babel/parser/lib/index.js:9837:18)
      at TypeScriptParserMixin.parseMaybeUnaryOrPrivate (/home/lujingwei/DB-HA-Manager/frontend/node_modules/@babel/parser/lib/index.js:10899:61)
      at TypeScriptParserMixin.parseExprOps (/home/lujingwei/DB-HA-Manager/frontend/node_modules/@babel/parser/lib/index.js:10904:23)
      at TypeScriptParserMixin.parseMaybeConditional (/home/lujingwei/DB-HA-Manager/frontend/node_modules/@babel/parser/lib/index.js:10881:23)
      at TypeScriptParserMixin.parseMaybeAssign (/home/lujingwei/DB-HA-Manager/frontend/node_modules/@babel/parser/lib/index.js:10831:21)
      at /home/lujingwei/DB-HA-Manager/frontend/node_modules/@babel/parser/lib/index.js:9775:39
      at TypeScriptParserMixin.tryParse (/home/lujingwei/DB-HA-Manager/frontend/node_modules/@babel/parser/lib/index.js:6907:20)
      at TypeScriptParserMixin.parseMaybeAssign (/home/lujingwei/DB-HA-Manager/frontend/node_modules/@babel/parser/lib/index.js:9775:18)
      at /home/lujingwei/DB-HA-Manager/frontend/node_modules/@babel/parser/lib/index.js:10800:39
      at TypeScriptParserMixin.allowInAnd (/home/lujingwei/DB-HA-Manager/frontend/node_modules/@babel/parser/lib/index.js:12426:12)
      at TypeScriptParserMixin.parseMaybeAssignAllowIn (/home/lujingwei/DB-HA-Manager/frontend/node_modules/@babel/parser/lib/index.js:10800:17)
      at TypeScriptParserMixin.parseMaybeAssignAllowInOrVoidPattern (/home/lujingwei/DB-HA-Manager/frontend/node_modules/@babel/parser/lib/index.js:12493:17)
      at TypeScriptParserMixin.parseParenAndDistinguishExpression (/home/lujingwei/DB-HA-Manager/frontend/node_modules/@babel/parser/lib/index.js:11675:28)
      at TypeScriptParserMixin.parseExprAtom (/home/lujingwei/DB-HA-Manager/frontend/node_modules/@babel/parser/lib/index.js:11331:23)
      at TypeScriptParserMixin.parseExprAtom (/home/lujingwei/DB-HA-Manager/frontend/node_modules/@babel/parser/lib/index.js:4764:20)
      at TypeScriptParserMixin.parseExprSubscripts (/home/lujingwei/DB-HA-Manager/frontend/node_modules/@babel/parser/lib/index.js:11081:23)
      at TypeScriptParserMixin.parseUpdate (/home/lujingwei/DB-HA-Manager/frontend/node_modules/@babel/parser/lib/index.js:11066:21)
      at TypeScriptParserMixin.parseMaybeUnary (/home/lujingwei/DB-HA-Manager/frontend/node_modules/@babel/parser/lib/index.js:11046:23)
      at TypeScriptParserMixin.parseMaybeUnary (/home/lujingwei/DB-HA-Manager/frontend/node_modules/@babel/parser/lib/index.js:9837:18)
      at TypeScriptParserMixin.parseMaybeUnaryOrPrivate (/home/lujingwei/DB-HA-Manager/frontend/node_modules/@babel/parser/lib/index.js:10899:61)
      at TypeScriptParserMixin.parseExprOps (/home/lujingwei/DB-HA-Manager/frontend/node_modules/@babel/parser/lib/index.js:10904:23)
      at TypeScriptParserMixin.parseMaybeConditional (/home/lujingwei/DB-HA-Manager/frontend/node_modules/@babel/parser/lib/index.js:10881:23)
      at TypeScriptParserMixin.parseMaybeAssign (/home/lujingwei/DB-HA-Manager/frontend/node_modules/@babel/parser/lib/index.js:10831:21)
      at TypeScriptParserMixin.parseMaybeAssign (/home/lujingwei/DB-HA-Manager/frontend/node_modules/@babel/parser/lib/index.js:9786:20)
      at /home/lujingwei/DB-HA-Manager/frontend/node_modules/@babel/parser/lib/index.js:10800:39
      at TypeScriptParserMixin.allowInAnd (/home/lujingwei/DB-HA-Manager/frontend/node_modules/@babel/parser/lib/index.js:12426:12)
      at TypeScriptParserMixin.parseMaybeAssignAllowIn (/home/lujingwei/DB-HA-Manager/frontend/node_modules/@babel/parser/lib/index.js:10800:17)
      at TypeScriptParserMixin.parseMaybeAssignAllowInOrVoidPattern (/home/lujingwei/DB-HA-Manager/frontend/node_modules/@babel/parser/lib/index.js:12493:17)
      at TypeScriptParserMixin.parseObjectProperty (/home/lujingwei/DB-HA-Manager/frontend/node_modules/@babel/parser/lib/index.js:11950:83)
      at TypeScriptParserMixin.parseObjPropValue (/home/lujingwei/DB-HA-Manager/frontend/node_modules/@babel/parser/lib/index.js:11978:100)
3:53:33 PM [vite] hmr update /src/pages/SetupWizard.tsx
3:53:33 PM [vite] Internal server error: /home/lujingwei/DB-HA-Manager/frontend/src/pages/SetupWizard.tsx: Expecting Unicode escape sequence \uXXXX. (995:28)

  993 |         title: '主备 IP 相同',
  994 |         content: (
> 995 |           <Space direction=\"vertical\" size={8}>
      |                             ^
  996 |             <Text>主备同机存在数据风险，请确认您已理解风险。</Text>
  997 |             <Text type=\"secondary\">继续将沿用单机路径策略，请确保具备隔离与备份计划。</Text>
  998 |           </Space>
  Plugin: vite:react-babel
  File: /home/lujingwei/DB-HA-Manager/frontend/src/pages/SetupWizard.tsx:995:28
  993|          title: '主备 IP 相同',
  994|          content: (
  995|            <Space direction=\"vertical\" size={8}>
     |                              ^
  996|              <Text>主备同机存在数据风险，请确认您已理解风险。</Text>
  997|              <Text type=\"secondary\">继续将沿用单机路径策略，请确保具备隔离与备份计划。</Text>
      at constructor (/home/lujingwei/DB-HA-Manager/frontend/node_modules/@babel/parser/lib/index.js:365:19)
      at TypeScriptParserMixin.raise (/home/lujingwei/DB-HA-Manager/frontend/node_modules/@babel/parser/lib/index.js:6599:19)
      at TypeScriptParserMixin.readWord1 (/home/lujingwei/DB-HA-Manager/frontend/node_modules/@babel/parser/lib/index.js:6559:16)
      at TypeScriptParserMixin.readWord (/home/lujingwei/DB-HA-Manager/frontend/node_modules/@babel/parser/lib/index.js:6579:23)
      at TypeScriptParserMixin.getTokenFromCode (/home/lujingwei/DB-HA-Manager/frontend/node_modules/@babel/parser/lib/index.js:6298:14)
      at TypeScriptParserMixin.getTokenFromCode (/home/lujingwei/DB-HA-Manager/frontend/node_modules/@babel/parser/lib/index.js:4797:11)
      at TypeScriptParserMixin.getTokenFromCode (/home/lujingwei/DB-HA-Manager/frontend/node_modules/@babel/parser/lib/index.js:9987:11)
      at TypeScriptParserMixin.nextToken (/home/lujingwei/DB-HA-Manager/frontend/node_modules/@babel/parser/lib/index.js:5782:10)
      at TypeScriptParserMixin.next (/home/lujingwei/DB-HA-Manager/frontend/node_modules/@babel/parser/lib/index.js:5692:10)
      at TypeScriptParserMixin.eat (/home/lujingwei/DB-HA-Manager/frontend/node_modules/@babel/parser/lib/index.js:5696:12)
      at TypeScriptParserMixin.jsxParseAttribute (/home/lujingwei/DB-HA-Manager/frontend/node_modules/@babel/parser/lib/index.js:4653:23)
      at TypeScriptParserMixin.jsxParseOpeningElementAfterName (/home/lujingwei/DB-HA-Manager/frontend/node_modules/@babel/parser/lib/index.js:4667:28)
      at TypeScriptParserMixin.jsxParseOpeningElementAfterName (/home/lujingwei/DB-HA-Manager/frontend/node_modules/@babel/parser/lib/index.js:10043:18)
      at TypeScriptParserMixin.jsxParseOpeningElementAt (/home/lujingwei/DB-HA-Manager/frontend/node_modules/@babel/parser/lib/index.js:4662:17)
      at TypeScriptParserMixin.jsxParseElementAt (/home/lujingwei/DB-HA-Manager/frontend/node_modules/@babel/parser/lib/index.js:4686:33)
      at TypeScriptParserMixin.jsxParseElement (/home/lujingwei/DB-HA-Manager/frontend/node_modules/@babel/parser/lib/index.js:4749:17)
      at TypeScriptParserMixin.parseExprAtom (/home/lujingwei/DB-HA-Manager/frontend/node_modules/@babel/parser/lib/index.js:4759:19)
      at TypeScriptParserMixin.parseExprSubscripts (/home/lujingwei/DB-HA-Manager/frontend/node_modules/@babel/parser/lib/index.js:11081:23)
      at TypeScriptParserMixin.parseUpdate (/home/lujingwei/DB-HA-Manager/frontend/node_modules/@babel/parser/lib/index.js:11066:21)
      at TypeScriptParserMixin.parseMaybeUnary (/home/lujingwei/DB-HA-Manager/frontend/node_modules/@babel/parser/lib/index.js:11046:23)
      at TypeScriptParserMixin.parseMaybeUnary (/home/lujingwei/DB-HA-Manager/frontend/node_modules/@babel/parser/lib/index.js:9837:18)
      at TypeScriptParserMixin.parseMaybeUnaryOrPrivate (/home/lujingwei/DB-HA-Manager/frontend/node_modules/@babel/parser/lib/index.js:10899:61)
      at TypeScriptParserMixin.parseExprOps (/home/lujingwei/DB-HA-Manager/frontend/node_modules/@babel/parser/lib/index.js:10904:23)
      at TypeScriptParserMixin.parseMaybeConditional (/home/lujingwei/DB-HA-Manager/frontend/node_modules/@babel/parser/lib/index.js:10881:23)
      at TypeScriptParserMixin.parseMaybeAssign (/home/lujingwei/DB-HA-Manager/frontend/node_modules/@babel/parser/lib/index.js:10831:21)
      at /home/lujingwei/DB-HA-Manager/frontend/node_modules/@babel/parser/lib/index.js:9775:39
      at TypeScriptParserMixin.tryParse (/home/lujingwei/DB-HA-Manager/frontend/node_modules/@babel/parser/lib/index.js:6907:20)
      at TypeScriptParserMixin.parseMaybeAssign (/home/lujingwei/DB-HA-Manager/frontend/node_modules/@babel/parser/lib/index.js:9775:18)
      at /home/lujingwei/DB-HA-Manager/frontend/node_modules/@babel/parser/lib/index.js:10800:39
      at TypeScriptParserMixin.allowInAnd (/home/lujingwei/DB-HA-Manager/frontend/node_modules/@babel/parser/lib/index.js:12426:12)
      at TypeScriptParserMixin.parseMaybeAssignAllowIn (/home/lujingwei/DB-HA-Manager/frontend/node_modules/@babel/parser/lib/index.js:10800:17)
      at TypeScriptParserMixin.parseMaybeAssignAllowInOrVoidPattern (/home/lujingwei/DB-HA-Manager/frontend/node_modules/@babel/parser/lib/index.js:12493:17)
      at TypeScriptParserMixin.parseParenAndDistinguishExpression (/home/lujingwei/DB-HA-Manager/frontend/node_modules/@babel/parser/lib/index.js:11675:28)
      at TypeScriptParserMixin.parseExprAtom (/home/lujingwei/DB-HA-Manager/frontend/node_modules/@babel/parser/lib/index.js:11331:23)
      at TypeScriptParserMixin.parseExprAtom (/home/lujingwei/DB-HA-Manager/frontend/node_modules/@babel/parser/lib/index.js:4764:20)
      at TypeScriptParserMixin.parseExprSubscripts (/home/lujingwei/DB-HA-Manager/frontend/node_modules/@babel/parser/lib/index.js:11081:23)
      at TypeScriptParserMixin.parseUpdate (/home/lujingwei/DB-HA-Manager/frontend/node_modules/@babel/parser/lib/index.js:11066:21)
      at TypeScriptParserMixin.parseMaybeUnary (/home/lujingwei/DB-HA-Manager/frontend/node_modules/@babel/parser/lib/index.js:11046:23)
      at TypeScriptParserMixin.parseMaybeUnary (/home/lujingwei/DB-HA-Manager/frontend/node_modules/@babel/parser/lib/index.js:9837:18)
      at TypeScriptParserMixin.parseMaybeUnaryOrPrivate (/home/lujingwei/DB-HA-Manager/frontend/node_modules/@babel/parser/lib/index.js:10899:61)
      at TypeScriptParserMixin.parseExprOps (/home/lujingwei/DB-HA-Manager/frontend/node_modules/@babel/parser/lib/index.js:10904:23)
      at TypeScriptParserMixin.parseMaybeConditional (/home/lujingwei/DB-HA-Manager/frontend/node_modules/@babel/parser/lib/index.js:10881:23)
      at TypeScriptParserMixin.parseMaybeAssign (/home/lujingwei/DB-HA-Manager/frontend/node_modules/@babel/parser/lib/index.js:10831:21)
      at TypeScriptParserMixin.parseMaybeAssign (/home/lujingwei/DB-HA-Manager/frontend/node_modules/@babel/parser/lib/index.js:9786:20)
      at /home/lujingwei/DB-HA-Manager/frontend/node_modules/@babel/parser/lib/index.js:10800:39
      at TypeScriptParserMixin.allowInAnd (/home/lujingwei/DB-HA-Manager/frontend/node_modules/@babel/parser/lib/index.js:12426:12)
      at TypeScriptParserMixin.parseMaybeAssignAllowIn (/home/lujingwei/DB-HA-Manager/frontend/node_modules/@babel/parser/lib/index.js:10800:17)
      at TypeScriptParserMixin.parseMaybeAssignAllowInOrVoidPattern (/home/lujingwei/DB-HA-Manager/frontend/node_modules/@babel/parser/lib/index.js:12493:17)
      at TypeScriptParserMixin.parseObjectProperty (/home/lujingwei/DB-HA-Manager/frontend/node_modules/@babel/parser/lib/index.js:11950:83)
      at TypeScriptParserMixin.parseObjPropValue (/home/lujingwei/DB-HA-Manager/frontend/node_modules/@babel/parser/lib/index.js:11978:100)
3:53:35 PM [vite] hmr update /src/pages/SetupWizard.tsx
3:53:35 PM [vite] Internal server error: /home/lujingwei/DB-HA-Manager/frontend/src/pages/SetupWizard.tsx: Expecting Unicode escape sequence \uXXXX. (995:28)

  993 |         title: '主备 IP 相同',
  994 |         content: (
> 995 |           <Space direction=\"vertical\" size={8}>
      |                             ^
  996 |             <Text>主备同机存在数据风险，请确认您已理解风险。</Text>
  997 |             <Text type=\"secondary\">继续将沿用单机路径策略，请确保具备隔离与备份计划。</Text>
  998 |           </Space>
  Plugin: vite:react-babel
  File: /home/lujingwei/DB-HA-Manager/frontend/src/pages/SetupWizard.tsx:995:28
  993|          title: '主备 IP 相同',
  994|          content: (
  995|            <Space direction=\"vertical\" size={8}>
     |                              ^
  996|              <Text>主备同机存在数据风险，请确认您已理解风险。</Text>
  997|              <Text type=\"secondary\">继续将沿用单机路径策略，请确保具备隔离与备份计划。</Text>
      at constructor (/home/lujingwei/DB-HA-Manager/frontend/node_modules/@babel/parser/lib/index.js:365:19)
      at TypeScriptParserMixin.raise (/home/lujingwei/DB-HA-Manager/frontend/node_modules/@babel/parser/lib/index.js:6599:19)
      at TypeScriptParserMixin.readWord1 (/home/lujingwei/DB-HA-Manager/frontend/node_modules/@babel/parser/lib/index.js:6559:16)
      at TypeScriptParserMixin.readWord (/home/lujingwei/DB-HA-Manager/frontend/node_modules/@babel/parser/lib/index.js:6579:23)
      at TypeScriptParserMixin.getTokenFromCode (/home/lujingwei/DB-HA-Manager/frontend/node_modules/@babel/parser/lib/index.js:6298:14)
      at TypeScriptParserMixin.getTokenFromCode (/home/lujingwei/DB-HA-Manager/frontend/node_modules/@babel/parser/lib/index.js:4797:11)
      at TypeScriptParserMixin.getTokenFromCode (/home/lujingwei/DB-HA-Manager/frontend/node_modules/@babel/parser/lib/index.js:9987:11)
      at TypeScriptParserMixin.nextToken (/home/lujingwei/DB-HA-Manager/frontend/node_modules/@babel/parser/lib/index.js:5782:10)
      at TypeScriptParserMixin.next (/home/lujingwei/DB-HA-Manager/frontend/node_modules/@babel/parser/lib/index.js:5692:10)
      at TypeScriptParserMixin.eat (/home/lujingwei/DB-HA-Manager/frontend/node_modules/@babel/parser/lib/index.js:5696:12)
      at TypeScriptParserMixin.jsxParseAttribute (/home/lujingwei/DB-HA-Manager/frontend/node_modules/@babel/parser/lib/index.js:4653:23)
      at TypeScriptParserMixin.jsxParseOpeningElementAfterName (/home/lujingwei/DB-HA-Manager/frontend/node_modules/@babel/parser/lib/index.js:4667:28)
      at TypeScriptParserMixin.jsxParseOpeningElementAfterName (/home/lujingwei/DB-HA-Manager/frontend/node_modules/@babel/parser/lib/index.js:10043:18)
      at TypeScriptParserMixin.jsxParseOpeningElementAt (/home/lujingwei/DB-HA-Manager/frontend/node_modules/@babel/parser/lib/index.js:4662:17)
      at TypeScriptParserMixin.jsxParseElementAt (/home/lujingwei/DB-HA-Manager/frontend/node_modules/@babel/parser/lib/index.js:4686:33)
      at TypeScriptParserMixin.jsxParseElement (/home/lujingwei/DB-HA-Manager/frontend/node_modules/@babel/parser/lib/index.js:4749:17)
      at TypeScriptParserMixin.parseExprAtom (/home/lujingwei/DB-HA-Manager/frontend/node_modules/@babel/parser/lib/index.js:4759:19)
      at TypeScriptParserMixin.parseExprSubscripts (/home/lujingwei/DB-HA-Manager/frontend/node_modules/@babel/parser/lib/index.js:11081:23)
      at TypeScriptParserMixin.parseUpdate (/home/lujingwei/DB-HA-Manager/frontend/node_modules/@babel/parser/lib/index.js:11066:21)
      at TypeScriptParserMixin.parseMaybeUnary (/home/lujingwei/DB-HA-Manager/frontend/node_modules/@babel/parser/lib/index.js:11046:23)
      at TypeScriptParserMixin.parseMaybeUnary (/home/lujingwei/DB-HA-Manager/frontend/node_modules/@babel/parser/lib/index.js:9837:18)
      at TypeScriptParserMixin.parseMaybeUnaryOrPrivate (/home/lujingwei/DB-HA-Manager/frontend/node_modules/@babel/parser/lib/index.js:10899:61)
      at TypeScriptParserMixin.parseExprOps (/home/lujingwei/DB-HA-Manager/frontend/node_modules/@babel/parser/lib/index.js:10904:23)
      at TypeScriptParserMixin.parseMaybeConditional (/home/lujingwei/DB-HA-Manager/frontend/node_modules/@babel/parser/lib/index.js:10881:23)
      at TypeScriptParserMixin.parseMaybeAssign (/home/lujingwei/DB-HA-Manager/frontend/node_modules/@babel/parser/lib/index.js:10831:21)
      at /home/lujingwei/DB-HA-Manager/frontend/node_modules/@babel/parser/lib/index.js:9775:39
      at TypeScriptParserMixin.tryParse (/home/lujingwei/DB-HA-Manager/frontend/node_modules/@babel/parser/lib/index.js:6907:20)
      at TypeScriptParserMixin.parseMaybeAssign (/home/lujingwei/DB-HA-Manager/frontend/node_modules/@babel/parser/lib/index.js:9775:18)
      at /home/lujingwei/DB-HA-Manager/frontend/node_modules/@babel/parser/lib/index.js:10800:39
      at TypeScriptParserMixin.allowInAnd (/home/lujingwei/DB-HA-Manager/frontend/node_modules/@babel/parser/lib/index.js:12426:12)
      at TypeScriptParserMixin.parseMaybeAssignAllowIn (/home/lujingwei/DB-HA-Manager/frontend/node_modules/@babel/parser/lib/index.js:10800:17)
      at TypeScriptParserMixin.parseMaybeAssignAllowInOrVoidPattern (/home/lujingwei/DB-HA-Manager/frontend/node_modules/@babel/parser/lib/index.js:12493:17)
      at TypeScriptParserMixin.parseParenAndDistinguishExpression (/home/lujingwei/DB-HA-Manager/frontend/node_modules/@babel/parser/lib/index.js:11675:28)
      at TypeScriptParserMixin.parseExprAtom (/home/lujingwei/DB-HA-Manager/frontend/node_modules/@babel/parser/lib/index.js:11331:23)
      at TypeScriptParserMixin.parseExprAtom (/home/lujingwei/DB-HA-Manager/frontend/node_modules/@babel/parser/lib/index.js:4764:20)
      at TypeScriptParserMixin.parseExprSubscripts (/home/lujingwei/DB-HA-Manager/frontend/node_modules/@babel/parser/lib/index.js:11081:23)
      at TypeScriptParserMixin.parseUpdate (/home/lujingwei/DB-HA-Manager/frontend/node_modules/@babel/parser/lib/index.js:11066:21)
      at TypeScriptParserMixin.parseMaybeUnary (/home/lujingwei/DB-HA-Manager/frontend/node_modules/@babel/parser/lib/index.js:11046:23)
      at TypeScriptParserMixin.parseMaybeUnary (/home/lujingwei/DB-HA-Manager/frontend/node_modules/@babel/parser/lib/index.js:9837:18)
      at TypeScriptParserMixin.parseMaybeUnaryOrPrivate (/home/lujingwei/DB-HA-Manager/frontend/node_modules/@babel/parser/lib/index.js:10899:61)
      at TypeScriptParserMixin.parseExprOps (/home/lujingwei/DB-HA-Manager/frontend/node_modules/@babel/parser/lib/index.js:10904:23)
      at TypeScriptParserMixin.parseMaybeConditional (/home/lujingwei/DB-HA-Manager/frontend/node_modules/@babel/parser/lib/index.js:10881:23)
      at TypeScriptParserMixin.parseMaybeAssign (/home/lujingwei/DB-HA-Manager/frontend/node_modules/@babel/parser/lib/index.js:10831:21)
      at TypeScriptParserMixin.parseMaybeAssign (/home/lujingwei/DB-HA-Manager/frontend/node_modules/@babel/parser/lib/index.js:9786:20)
      at /home/lujingwei/DB-HA-Manager/frontend/node_modules/@babel/parser/lib/index.js:10800:39
      at TypeScriptParserMixin.allowInAnd (/home/lujingwei/DB-HA-Manager/frontend/node_modules/@babel/parser/lib/index.js:12426:12)
      at TypeScriptParserMixin.parseMaybeAssignAllowIn (/home/lujingwei/DB-HA-Manager/frontend/node_modules/@babel/parser/lib/index.js:10800:17)
      at TypeScriptParserMixin.parseMaybeAssignAllowInOrVoidPattern (/home/lujingwei/DB-HA-Manager/frontend/node_modules/@babel/parser/lib/index.js:12493:17)
      at TypeScriptParserMixin.parseObjectProperty (/home/lujingwei/DB-HA-Manager/frontend/node_modules/@babel/parser/lib/index.js:11950:83)
      at TypeScriptParserMixin.parseObjPropValue (/home/lujingwei/DB-HA-Manager/frontend/node_modules/@babel/parser/lib/index.js:11978:100)
3:53:38 PM [vite] hmr update /src/pages/SetupWizard.tsx
3:53:38 PM [vite] Internal server error: /home/lujingwei/DB-HA-Manager/frontend/src/pages/SetupWizard.tsx: Expecting Unicode escape sequence \uXXXX. (995:28)

  993 |         title: '主备 IP 相同',
  994 |         content: (
> 995 |           <Space direction=\"vertical\" size={8}>
      |                             ^
  996 |             <Text>主备同机存在数据风险，请确认您已理解风险。</Text>
  997 |             <Text type=\"secondary\">继续将沿用单机路径策略，请确保具备隔离与备份计划。</Text>
  998 |           </Space>
  Plugin: vite:react-babel
  File: /home/lujingwei/DB-HA-Manager/frontend/src/pages/SetupWizard.tsx:995:28
  993|          title: '主备 IP 相同',
  994|          content: (
  995|            <Space direction=\"vertical\" size={8}>
     |                              ^
  996|              <Text>主备同机存在数据风险，请确认您已理解风险。</Text>
  997|              <Text type=\"secondary\">继续将沿用单机路径策略，请确保具备隔离与备份计划。</Text>
      at constructor (/home/lujingwei/DB-HA-Manager/frontend/node_modules/@babel/parser/lib/index.js:365:19)
      at TypeScriptParserMixin.raise (/home/lujingwei/DB-HA-Manager/frontend/node_modules/@babel/parser/lib/index.js:6599:19)
      at TypeScriptParserMixin.readWord1 (/home/lujingwei/DB-HA-Manager/frontend/node_modules/@babel/parser/lib/index.js:6559:16)
      at TypeScriptParserMixin.readWord (/home/lujingwei/DB-HA-Manager/frontend/node_modules/@babel/parser/lib/index.js:6579:23)
      at TypeScriptParserMixin.getTokenFromCode (/home/lujingwei/DB-HA-Manager/frontend/node_modules/@babel/parser/lib/index.js:6298:14)
      at TypeScriptParserMixin.getTokenFromCode (/home/lujingwei/DB-HA-Manager/frontend/node_modules/@babel/parser/lib/index.js:4797:11)
      at TypeScriptParserMixin.getTokenFromCode (/home/lujingwei/DB-HA-Manager/frontend/node_modules/@babel/parser/lib/index.js:9987:11)
      at TypeScriptParserMixin.nextToken (/home/lujingwei/DB-HA-Manager/frontend/node_modules/@babel/parser/lib/index.js:5782:10)
      at TypeScriptParserMixin.next (/home/lujingwei/DB-HA-Manager/frontend/node_modules/@babel/parser/lib/index.js:5692:10)
      at TypeScriptParserMixin.eat (/home/lujingwei/DB-HA-Manager/frontend/node_modules/@babel/parser/lib/index.js:5696:12)
      at TypeScriptParserMixin.jsxParseAttribute (/home/lujingwei/DB-HA-Manager/frontend/node_modules/@babel/parser/lib/index.js:4653:23)
      at TypeScriptParserMixin.jsxParseOpeningElementAfterName (/home/lujingwei/DB-HA-Manager/frontend/node_modules/@babel/parser/lib/index.js:4667:28)
      at TypeScriptParserMixin.jsxParseOpeningElementAfterName (/home/lujingwei/DB-HA-Manager/frontend/node_modules/@babel/parser/lib/index.js:10043:18)
      at TypeScriptParserMixin.jsxParseOpeningElementAt (/home/lujingwei/DB-HA-Manager/frontend/node_modules/@babel/parser/lib/index.js:4662:17)
      at TypeScriptParserMixin.jsxParseElementAt (/home/lujingwei/DB-HA-Manager/frontend/node_modules/@babel/parser/lib/index.js:4686:33)
      at TypeScriptParserMixin.jsxParseElement (/home/lujingwei/DB-HA-Manager/frontend/node_modules/@babel/parser/lib/index.js:4749:17)
      at TypeScriptParserMixin.parseExprAtom (/home/lujingwei/DB-HA-Manager/frontend/node_modules/@babel/parser/lib/index.js:4759:19)
      at TypeScriptParserMixin.parseExprSubscripts (/home/lujingwei/DB-HA-Manager/frontend/node_modules/@babel/parser/lib/index.js:11081:23)
      at TypeScriptParserMixin.parseUpdate (/home/lujingwei/DB-HA-Manager/frontend/node_modules/@babel/parser/lib/index.js:11066:21)
      at TypeScriptParserMixin.parseMaybeUnary (/home/lujingwei/DB-HA-Manager/frontend/node_modules/@babel/parser/lib/index.js:11046:23)
      at TypeScriptParserMixin.parseMaybeUnary (/home/lujingwei/DB-HA-Manager/frontend/node_modules/@babel/parser/lib/index.js:9837:18)
      at TypeScriptParserMixin.parseMaybeUnaryOrPrivate (/home/lujingwei/DB-HA-Manager/frontend/node_modules/@babel/parser/lib/index.js:10899:61)
      at TypeScriptParserMixin.parseExprOps (/home/lujingwei/DB-HA-Manager/frontend/node_modules/@babel/parser/lib/index.js:10904:23)
      at TypeScriptParserMixin.parseMaybeConditional (/home/lujingwei/DB-HA-Manager/frontend/node_modules/@babel/parser/lib/index.js:10881:23)
      at TypeScriptParserMixin.parseMaybeAssign (/home/lujingwei/DB-HA-Manager/frontend/node_modules/@babel/parser/lib/index.js:10831:21)
      at /home/lujingwei/DB-HA-Manager/frontend/node_modules/@babel/parser/lib/index.js:9775:39
      at TypeScriptParserMixin.tryParse (/home/lujingwei/DB-HA-Manager/frontend/node_modules/@babel/parser/lib/index.js:6907:20)
      at TypeScriptParserMixin.parseMaybeAssign (/home/lujingwei/DB-HA-Manager/frontend/node_modules/@babel/parser/lib/index.js:9775:18)
      at /home/lujingwei/DB-HA-Manager/frontend/node_modules/@babel/parser/lib/index.js:10800:39
      at TypeScriptParserMixin.allowInAnd (/home/lujingwei/DB-HA-Manager/frontend/node_modules/@babel/parser/lib/index.js:12426:12)
      at TypeScriptParserMixin.parseMaybeAssignAllowIn (/home/lujingwei/DB-HA-Manager/frontend/node_modules/@babel/parser/lib/index.js:10800:17)
      at TypeScriptParserMixin.parseMaybeAssignAllowInOrVoidPattern (/home/lujingwei/DB-HA-Manager/frontend/node_modules/@babel/parser/lib/index.js:12493:17)
      at TypeScriptParserMixin.parseParenAndDistinguishExpression (/home/lujingwei/DB-HA-Manager/frontend/node_modules/@babel/parser/lib/index.js:11675:28)
      at TypeScriptParserMixin.parseExprAtom (/home/lujingwei/DB-HA-Manager/frontend/node_modules/@babel/parser/lib/index.js:11331:23)
      at TypeScriptParserMixin.parseExprAtom (/home/lujingwei/DB-HA-Manager/frontend/node_modules/@babel/parser/lib/index.js:4764:20)
      at TypeScriptParserMixin.parseExprSubscripts (/home/lujingwei/DB-HA-Manager/frontend/node_modules/@babel/parser/lib/index.js:11081:23)
      at TypeScriptParserMixin.parseUpdate (/home/lujingwei/DB-HA-Manager/frontend/node_modules/@babel/parser/lib/index.js:11066:21)
      at TypeScriptParserMixin.parseMaybeUnary (/home/lujingwei/DB-HA-Manager/frontend/node_modules/@babel/parser/lib/index.js:11046:23)
      at TypeScriptParserMixin.parseMaybeUnary (/home/lujingwei/DB-HA-Manager/frontend/node_modules/@babel/parser/lib/index.js:9837:18)
      at TypeScriptParserMixin.parseMaybeUnaryOrPrivate (/home/lujingwei/DB-HA-Manager/frontend/node_modules/@babel/parser/lib/index.js:10899:61)
      at TypeScriptParserMixin.parseExprOps (/home/lujingwei/DB-HA-Manager/frontend/node_modules/@babel/parser/lib/index.js:10904:23)
      at TypeScriptParserMixin.parseMaybeConditional (/home/lujingwei/DB-HA-Manager/frontend/node_modules/@babel/parser/lib/index.js:10881:23)
      at TypeScriptParserMixin.parseMaybeAssign (/home/lujingwei/DB-HA-Manager/frontend/node_modules/@babel/parser/lib/index.js:10831:21)
      at TypeScriptParserMixin.parseMaybeAssign (/home/lujingwei/DB-HA-Manager/frontend/node_modules/@babel/parser/lib/index.js:9786:20)
      at /home/lujingwei/DB-HA-Manager/frontend/node_modules/@babel/parser/lib/index.js:10800:39
      at TypeScriptParserMixin.allowInAnd (/home/lujingwei/DB-HA-Manager/frontend/node_modules/@babel/parser/lib/index.js:12426:12)
      at TypeScriptParserMixin.parseMaybeAssignAllowIn (/home/lujingwei/DB-HA-Manager/frontend/node_modules/@babel/parser/lib/index.js:10800:17)
      at TypeScriptParserMixin.parseMaybeAssignAllowInOrVoidPattern (/home/lujingwei/DB-HA-Manager/frontend/node_modules/@babel/parser/lib/index.js:12493:17)
      at TypeScriptParserMixin.parseObjectProperty (/home/lujingwei/DB-HA-Manager/frontend/node_modules/@babel/parser/lib/index.js:11950:83)
      at TypeScriptParserMixin.parseObjPropValue (/home/lujingwei/DB-HA-Manager/frontend/node_modules/@babel/parser/lib/index.js:11978:100)
3:53:40 PM [vite] hmr update /src/pages/SetupWizard.tsx
3:53:40 PM [vite] Internal server error: /home/lujingwei/DB-HA-Manager/frontend/src/pages/SetupWizard.tsx: Expecting Unicode escape sequence \uXXXX. (995:28)

  993 |         title: '主备 IP 相同',
  994 |         content: (
> 995 |           <Space direction=\"vertical\" size={8}>
      |                             ^
  996 |             <Text>主备同机存在数据风险，请确认您已理解风险。</Text>
  997 |             <Text type=\"secondary\">继续将沿用单机路径策略，请确保具备隔离与备份计划。</Text>
  998 |           </Space>
  Plugin: vite:react-babel
  File: /home/lujingwei/DB-HA-Manager/frontend/src/pages/SetupWizard.tsx:995:28
  993|          title: '主备 IP 相同',
  994|          content: (
  995|            <Space direction=\"vertical\" size={8}>
     |                              ^
  996|              <Text>主备同机存在数据风险，请确认您已理解风险。</Text>
  997|              <Text type=\"secondary\">继续将沿用单机路径策略，请确保具备隔离与备份计划。</Text>
      at constructor (/home/lujingwei/DB-HA-Manager/frontend/node_modules/@babel/parser/lib/index.js:365:19)
      at TypeScriptParserMixin.raise (/home/lujingwei/DB-HA-Manager/frontend/node_modules/@babel/parser/lib/index.js:6599:19)
      at TypeScriptParserMixin.readWord1 (/home/lujingwei/DB-HA-Manager/frontend/node_modules/@babel/parser/lib/index.js:6559:16)
      at TypeScriptParserMixin.readWord (/home/lujingwei/DB-HA-Manager/frontend/node_modules/@babel/parser/lib/index.js:6579:23)
      at TypeScriptParserMixin.getTokenFromCode (/home/lujingwei/DB-HA-Manager/frontend/node_modules/@babel/parser/lib/index.js:6298:14)
      at TypeScriptParserMixin.getTokenFromCode (/home/lujingwei/DB-HA-Manager/frontend/node_modules/@babel/parser/lib/index.js:4797:11)
      at TypeScriptParserMixin.getTokenFromCode (/home/lujingwei/DB-HA-Manager/frontend/node_modules/@babel/parser/lib/index.js:9987:11)
      at TypeScriptParserMixin.nextToken (/home/lujingwei/DB-HA-Manager/frontend/node_modules/@babel/parser/lib/index.js:5782:10)
      at TypeScriptParserMixin.next (/home/lujingwei/DB-HA-Manager/frontend/node_modules/@babel/parser/lib/index.js:5692:10)
      at TypeScriptParserMixin.eat (/home/lujingwei/DB-HA-Manager/frontend/node_modules/@babel/parser/lib/index.js:5696:12)
      at TypeScriptParserMixin.jsxParseAttribute (/home/lujingwei/DB-HA-Manager/frontend/node_modules/@babel/parser/lib/index.js:4653:23)
      at TypeScriptParserMixin.jsxParseOpeningElementAfterName (/home/lujingwei/DB-HA-Manager/frontend/node_modules/@babel/parser/lib/index.js:4667:28)
      at TypeScriptParserMixin.jsxParseOpeningElementAfterName (/home/lujingwei/DB-HA-Manager/frontend/node_modules/@babel/parser/lib/index.js:10043:18)
      at TypeScriptParserMixin.jsxParseOpeningElementAt (/home/lujingwei/DB-HA-Manager/frontend/node_modules/@babel/parser/lib/index.js:4662:17)
      at TypeScriptParserMixin.jsxParseElementAt (/home/lujingwei/DB-HA-Manager/frontend/node_modules/@babel/parser/lib/index.js:4686:33)
      at TypeScriptParserMixin.jsxParseElement (/home/lujingwei/DB-HA-Manager/frontend/node_modules/@babel/parser/lib/index.js:4749:17)
      at TypeScriptParserMixin.parseExprAtom (/home/lujingwei/DB-HA-Manager/frontend/node_modules/@babel/parser/lib/index.js:4759:19)
      at TypeScriptParserMixin.parseExprSubscripts (/home/lujingwei/DB-HA-Manager/frontend/node_modules/@babel/parser/lib/index.js:11081:23)
      at TypeScriptParserMixin.parseUpdate (/home/lujingwei/DB-HA-Manager/frontend/node_modules/@babel/parser/lib/index.js:11066:21)
      at TypeScriptParserMixin.parseMaybeUnary (/home/lujingwei/DB-HA-Manager/frontend/node_modules/@babel/parser/lib/index.js:11046:23)
      at TypeScriptParserMixin.parseMaybeUnary (/home/lujingwei/DB-HA-Manager/frontend/node_modules/@babel/parser/lib/index.js:9837:18)
      at TypeScriptParserMixin.parseMaybeUnaryOrPrivate (/home/lujingwei/DB-HA-Manager/frontend/node_modules/@babel/parser/lib/index.js:10899:61)
      at TypeScriptParserMixin.parseExprOps (/home/lujingwei/DB-HA-Manager/frontend/node_modules/@babel/parser/lib/index.js:10904:23)
      at TypeScriptParserMixin.parseMaybeConditional (/home/lujingwei/DB-HA-Manager/frontend/node_modules/@babel/parser/lib/index.js:10881:23)
      at TypeScriptParserMixin.parseMaybeAssign (/home/lujingwei/DB-HA-Manager/frontend/node_modules/@babel/parser/lib/index.js:10831:21)
      at /home/lujingwei/DB-HA-Manager/frontend/node_modules/@babel/parser/lib/index.js:9775:39
      at TypeScriptParserMixin.tryParse (/home/lujingwei/DB-HA-Manager/frontend/node_modules/@babel/parser/lib/index.js:6907:20)
      at TypeScriptParserMixin.parseMaybeAssign (/home/lujingwei/DB-HA-Manager/frontend/node_modules/@babel/parser/lib/index.js:9775:18)
      at /home/lujingwei/DB-HA-Manager/frontend/node_modules/@babel/parser/lib/index.js:10800:39
      at TypeScriptParserMixin.allowInAnd (/home/lujingwei/DB-HA-Manager/frontend/node_modules/@babel/parser/lib/index.js:12426:12)
      at TypeScriptParserMixin.parseMaybeAssignAllowIn (/home/lujingwei/DB-HA-Manager/frontend/node_modules/@babel/parser/lib/index.js:10800:17)
      at TypeScriptParserMixin.parseMaybeAssignAllowInOrVoidPattern (/home/lujingwei/DB-HA-Manager/frontend/node_modules/@babel/parser/lib/index.js:12493:17)
      at TypeScriptParserMixin.parseParenAndDistinguishExpression (/home/lujingwei/DB-HA-Manager/frontend/node_modules/@babel/parser/lib/index.js:11675:28)
      at TypeScriptParserMixin.parseExprAtom (/home/lujingwei/DB-HA-Manager/frontend/node_modules/@babel/parser/lib/index.js:11331:23)
      at TypeScriptParserMixin.parseExprAtom (/home/lujingwei/DB-HA-Manager/frontend/node_modules/@babel/parser/lib/index.js:4764:20)
      at TypeScriptParserMixin.parseExprSubscripts (/home/lujingwei/DB-HA-Manager/frontend/node_modules/@babel/parser/lib/index.js:11081:23)
      at TypeScriptParserMixin.parseUpdate (/home/lujingwei/DB-HA-Manager/frontend/node_modules/@babel/parser/lib/index.js:11066:21)
      at TypeScriptParserMixin.parseMaybeUnary (/home/lujingwei/DB-HA-Manager/frontend/node_modules/@babel/parser/lib/index.js:11046:23)
      at TypeScriptParserMixin.parseMaybeUnary (/home/lujingwei/DB-HA-Manager/frontend/node_modules/@babel/parser/lib/index.js:9837:18)
      at TypeScriptParserMixin.parseMaybeUnaryOrPrivate (/home/lujingwei/DB-HA-Manager/frontend/node_modules/@babel/parser/lib/index.js:10899:61)
      at TypeScriptParserMixin.parseExprOps (/home/lujingwei/DB-HA-Manager/frontend/node_modules/@babel/parser/lib/index.js:10904:23)
      at TypeScriptParserMixin.parseMaybeConditional (/home/lujingwei/DB-HA-Manager/frontend/node_modules/@babel/parser/lib/index.js:10881:23)
      at TypeScriptParserMixin.parseMaybeAssign (/home/lujingwei/DB-HA-Manager/frontend/node_modules/@babel/parser/lib/index.js:10831:21)
      at TypeScriptParserMixin.parseMaybeAssign (/home/lujingwei/DB-HA-Manager/frontend/node_modules/@babel/parser/lib/index.js:9786:20)
      at /home/lujingwei/DB-HA-Manager/frontend/node_modules/@babel/parser/lib/index.js:10800:39
      at TypeScriptParserMixin.allowInAnd (/home/lujingwei/DB-HA-Manager/frontend/node_modules/@babel/parser/lib/index.js:12426:12)
      at TypeScriptParserMixin.parseMaybeAssignAllowIn (/home/lujingwei/DB-HA-Manager/frontend/node_modules/@babel/parser/lib/index.js:10800:17)
      at TypeScriptParserMixin.parseMaybeAssignAllowInOrVoidPattern (/home/lujingwei/DB-HA-Manager/frontend/node_modules/@babel/parser/lib/index.js:12493:17)
      at TypeScriptParserMixin.parseObjectProperty (/home/lujingwei/DB-HA-Manager/frontend/node_modules/@babel/parser/lib/index.js:11950:83)
      at TypeScriptParserMixin.parseObjPropValue (/home/lujingwei/DB-HA-Manager/frontend/node_modules/@babel/parser/lib/index.js:11978:100)
3:53:42 PM [vite] hmr update /src/pages/SetupWizard.tsx
3:53:42 PM [vite] Internal server error: /home/lujingwei/DB-HA-Manager/frontend/src/pages/SetupWizard.tsx: Expecting Unicode escape sequence \uXXXX. (995:28)

  993 |         title: '主备 IP 相同',
  994 |         content: (
> 995 |           <Space direction=\"vertical\" size={8}>
      |                             ^
  996 |             <Text>主备同机存在数据风险，请确认您已理解风险。</Text>
  997 |             <Text type=\"secondary\">继续将沿用单机路径策略，请确保具备隔离与备份计划。</Text>
  998 |           </Space>
  Plugin: vite:react-babel
  File: /home/lujingwei/DB-HA-Manager/frontend/src/pages/SetupWizard.tsx:995:28
  993|          title: '主备 IP 相同',
  994|          content: (
  995|            <Space direction=\"vertical\" size={8}>
     |                              ^
  996|              <Text>主备同机存在数据风险，请确认您已理解风险。</Text>
  997|              <Text type=\"secondary\">继续将沿用单机路径策略，请确保具备隔离与备份计划。</Text>
      at constructor (/home/lujingwei/DB-HA-Manager/frontend/node_modules/@babel/parser/lib/index.js:365:19)
      at TypeScriptParserMixin.raise (/home/lujingwei/DB-HA-Manager/frontend/node_modules/@babel/parser/lib/index.js:6599:19)
      at TypeScriptParserMixin.readWord1 (/home/lujingwei/DB-HA-Manager/frontend/node_modules/@babel/parser/lib/index.js:6559:16)
      at TypeScriptParserMixin.readWord (/home/lujingwei/DB-HA-Manager/frontend/node_modules/@babel/parser/lib/index.js:6579:23)
      at TypeScriptParserMixin.getTokenFromCode (/home/lujingwei/DB-HA-Manager/frontend/node_modules/@babel/parser/lib/index.js:6298:14)
      at TypeScriptParserMixin.getTokenFromCode (/home/lujingwei/DB-HA-Manager/frontend/node_modules/@babel/parser/lib/index.js:4797:11)
      at TypeScriptParserMixin.getTokenFromCode (/home/lujingwei/DB-HA-Manager/frontend/node_modules/@babel/parser/lib/index.js:9987:11)
      at TypeScriptParserMixin.nextToken (/home/lujingwei/DB-HA-Manager/frontend/node_modules/@babel/parser/lib/index.js:5782:10)
      at TypeScriptParserMixin.next (/home/lujingwei/DB-HA-Manager/frontend/node_modules/@babel/parser/lib/index.js:5692:10)
      at TypeScriptParserMixin.eat (/home/lujingwei/DB-HA-Manager/frontend/node_modules/@babel/parser/lib/index.js:5696:12)
      at TypeScriptParserMixin.jsxParseAttribute (/home/lujingwei/DB-HA-Manager/frontend/node_modules/@babel/parser/lib/index.js:4653:23)
      at TypeScriptParserMixin.jsxParseOpeningElementAfterName (/home/lujingwei/DB-HA-Manager/frontend/node_modules/@babel/parser/lib/index.js:4667:28)
      at TypeScriptParserMixin.jsxParseOpeningElementAfterName (/home/lujingwei/DB-HA-Manager/frontend/node_modules/@babel/parser/lib/index.js:10043:18)
      at TypeScriptParserMixin.jsxParseOpeningElementAt (/home/lujingwei/DB-HA-Manager/frontend/node_modules/@babel/parser/lib/index.js:4662:17)
      at TypeScriptParserMixin.jsxParseElementAt (/home/lujingwei/DB-HA-Manager/frontend/node_modules/@babel/parser/lib/index.js:4686:33)
      at TypeScriptParserMixin.jsxParseElement (/home/lujingwei/DB-HA-Manager/frontend/node_modules/@babel/parser/lib/index.js:4749:17)
      at TypeScriptParserMixin.parseExprAtom (/home/lujingwei/DB-HA-Manager/frontend/node_modules/@babel/parser/lib/index.js:4759:19)
      at TypeScriptParserMixin.parseExprSubscripts (/home/lujingwei/DB-HA-Manager/frontend/node_modules/@babel/parser/lib/index.js:11081:23)
      at TypeScriptParserMixin.parseUpdate (/home/lujingwei/DB-HA-Manager/frontend/node_modules/@babel/parser/lib/index.js:11066:21)
      at TypeScriptParserMixin.parseMaybeUnary (/home/lujingwei/DB-HA-Manager/frontend/node_modules/@babel/parser/lib/index.js:11046:23)
      at TypeScriptParserMixin.parseMaybeUnary (/home/lujingwei/DB-HA-Manager/frontend/node_modules/@babel/parser/lib/index.js:9837:18)
      at TypeScriptParserMixin.parseMaybeUnaryOrPrivate (/home/lujingwei/DB-HA-Manager/frontend/node_modules/@babel/parser/lib/index.js:10899:61)
      at TypeScriptParserMixin.parseExprOps (/home/lujingwei/DB-HA-Manager/frontend/node_modules/@babel/parser/lib/index.js:10904:23)
      at TypeScriptParserMixin.parseMaybeConditional (/home/lujingwei/DB-HA-Manager/frontend/node_modules/@babel/parser/lib/index.js:10881:23)
      at TypeScriptParserMixin.parseMaybeAssign (/home/lujingwei/DB-HA-Manager/frontend/node_modules/@babel/parser/lib/index.js:10831:21)
      at /home/lujingwei/DB-HA-Manager/frontend/node_modules/@babel/parser/lib/index.js:9775:39
      at TypeScriptParserMixin.tryParse (/home/lujingwei/DB-HA-Manager/frontend/node_modules/@babel/parser/lib/index.js:6907:20)
      at TypeScriptParserMixin.parseMaybeAssign (/home/lujingwei/DB-HA-Manager/frontend/node_modules/@babel/parser/lib/index.js:9775:18)
      at /home/lujingwei/DB-HA-Manager/frontend/node_modules/@babel/parser/lib/index.js:10800:39
      at TypeScriptParserMixin.allowInAnd (/home/lujingwei/DB-HA-Manager/frontend/node_modules/@babel/parser/lib/index.js:12426:12)
      at TypeScriptParserMixin.parseMaybeAssignAllowIn (/home/lujingwei/DB-HA-Manager/frontend/node_modules/@babel/parser/lib/index.js:10800:17)
      at TypeScriptParserMixin.parseMaybeAssignAllowInOrVoidPattern (/home/lujingwei/DB-HA-Manager/frontend/node_modules/@babel/parser/lib/index.js:12493:17)
      at TypeScriptParserMixin.parseParenAndDistinguishExpression (/home/lujingwei/DB-HA-Manager/frontend/node_modules/@babel/parser/lib/index.js:11675:28)
      at TypeScriptParserMixin.parseExprAtom (/home/lujingwei/DB-HA-Manager/frontend/node_modules/@babel/parser/lib/index.js:11331:23)
      at TypeScriptParserMixin.parseExprAtom (/home/lujingwei/DB-HA-Manager/frontend/node_modules/@babel/parser/lib/index.js:4764:20)
      at TypeScriptParserMixin.parseExprSubscripts (/home/lujingwei/DB-HA-Manager/frontend/node_modules/@babel/parser/lib/index.js:11081:23)
      at TypeScriptParserMixin.parseUpdate (/home/lujingwei/DB-HA-Manager/frontend/node_modules/@babel/parser/lib/index.js:11066:21)
      at TypeScriptParserMixin.parseMaybeUnary (/home/lujingwei/DB-HA-Manager/frontend/node_modules/@babel/parser/lib/index.js:11046:23)
      at TypeScriptParserMixin.parseMaybeUnary (/home/lujingwei/DB-HA-Manager/frontend/node_modules/@babel/parser/lib/index.js:9837:18)
      at TypeScriptParserMixin.parseMaybeUnaryOrPrivate (/home/lujingwei/DB-HA-Manager/frontend/node_modules/@babel/parser/lib/index.js:10899:61)
      at TypeScriptParserMixin.parseExprOps (/home/lujingwei/DB-HA-Manager/frontend/node_modules/@babel/parser/lib/index.js:10904:23)
      at TypeScriptParserMixin.parseMaybeConditional (/home/lujingwei/DB-HA-Manager/frontend/node_modules/@babel/parser/lib/index.js:10881:23)
      at TypeScriptParserMixin.parseMaybeAssign (/home/lujingwei/DB-HA-Manager/frontend/node_modules/@babel/parser/lib/index.js:10831:21)
      at TypeScriptParserMixin.parseMaybeAssign (/home/lujingwei/DB-HA-Manager/frontend/node_modules/@babel/parser/lib/index.js:9786:20)
      at /home/lujingwei/DB-HA-Manager/frontend/node_modules/@babel/parser/lib/index.js:10800:39
      at TypeScriptParserMixin.allowInAnd (/home/lujingwei/DB-HA-Manager/frontend/node_modules/@babel/parser/lib/index.js:12426:12)
      at TypeScriptParserMixin.parseMaybeAssignAllowIn (/home/lujingwei/DB-HA-Manager/frontend/node_modules/@babel/parser/lib/index.js:10800:17)
      at TypeScriptParserMixin.parseMaybeAssignAllowInOrVoidPattern (/home/lujingwei/DB-HA-Manager/frontend/node_modules/@babel/parser/lib/index.js:12493:17)
      at TypeScriptParserMixin.parseObjectProperty (/home/lujingwei/DB-HA-Manager/frontend/node_modules/@babel/parser/lib/index.js:11950:83)
      at TypeScriptParserMixin.parseObjPropValue (/home/lujingwei/DB-HA-Manager/frontend/node_modules/@babel/parser/lib/index.js:11978:100)
3:53:44 PM [vite] hmr update /src/pages/SetupWizard.tsx
3:53:44 PM [vite] Internal server error: /home/lujingwei/DB-HA-Manager/frontend/src/pages/SetupWizard.tsx: Expecting Unicode escape sequence \uXXXX. (995:28)

  993 |         title: '主备 IP 相同',
  994 |         content: (
> 995 |           <Space direction=\"vertical\" size={8}>
      |                             ^
  996 |             <Text>主备同机存在数据风险，请确认您已理解风险。</Text>
  997 |             <Text type=\"secondary\">继续将沿用单机路径策略，请确保具备隔离与备份计划。</Text>
  998 |           </Space>
  Plugin: vite:react-babel
  File: /home/lujingwei/DB-HA-Manager/frontend/src/pages/SetupWizard.tsx:995:28
  993|          title: '主备 IP 相同',
  994|          content: (
  995|            <Space direction=\"vertical\" size={8}>
     |                              ^
  996|              <Text>主备同机存在数据风险，请确认您已理解风险。</Text>
  997|              <Text type=\"secondary\">继续将沿用单机路径策略，请确保具备隔离与备份计划。</Text>
      at constructor (/home/lujingwei/DB-HA-Manager/frontend/node_modules/@babel/parser/lib/index.js:365:19)
      at TypeScriptParserMixin.raise (/home/lujingwei/DB-HA-Manager/frontend/node_modules/@babel/parser/lib/index.js:6599:19)
      at TypeScriptParserMixin.readWord1 (/home/lujingwei/DB-HA-Manager/frontend/node_modules/@babel/parser/lib/index.js:6559:16)
      at TypeScriptParserMixin.readWord (/home/lujingwei/DB-HA-Manager/frontend/node_modules/@babel/parser/lib/index.js:6579:23)
      at TypeScriptParserMixin.getTokenFromCode (/home/lujingwei/DB-HA-Manager/frontend/node_modules/@babel/parser/lib/index.js:6298:14)
      at TypeScriptParserMixin.getTokenFromCode (/home/lujingwei/DB-HA-Manager/frontend/node_modules/@babel/parser/lib/index.js:4797:11)
      at TypeScriptParserMixin.getTokenFromCode (/home/lujingwei/DB-HA-Manager/frontend/node_modules/@babel/parser/lib/index.js:9987:11)
      at TypeScriptParserMixin.nextToken (/home/lujingwei/DB-HA-Manager/frontend/node_modules/@babel/parser/lib/index.js:5782:10)
      at TypeScriptParserMixin.next (/home/lujingwei/DB-HA-Manager/frontend/node_modules/@babel/parser/lib/index.js:5692:10)
      at TypeScriptParserMixin.eat (/home/lujingwei/DB-HA-Manager/frontend/node_modules/@babel/parser/lib/index.js:5696:12)
      at TypeScriptParserMixin.jsxParseAttribute (/home/lujingwei/DB-HA-Manager/frontend/node_modules/@babel/parser/lib/index.js:4653:23)
      at TypeScriptParserMixin.jsxParseOpeningElementAfterName (/home/lujingwei/DB-HA-Manager/frontend/node_modules/@babel/parser/lib/index.js:4667:28)
      at TypeScriptParserMixin.jsxParseOpeningElementAfterName (/home/lujingwei/DB-HA-Manager/frontend/node_modules/@babel/parser/lib/index.js:10043:18)
      at TypeScriptParserMixin.jsxParseOpeningElementAt (/home/lujingwei/DB-HA-Manager/frontend/node_modules/@babel/parser/lib/index.js:4662:17)
      at TypeScriptParserMixin.jsxParseElementAt (/home/lujingwei/DB-HA-Manager/frontend/node_modules/@babel/parser/lib/index.js:4686:33)
      at TypeScriptParserMixin.jsxParseElement (/home/lujingwei/DB-HA-Manager/frontend/node_modules/@babel/parser/lib/index.js:4749:17)
      at TypeScriptParserMixin.parseExprAtom (/home/lujingwei/DB-HA-Manager/frontend/node_modules/@babel/parser/lib/index.js:4759:19)
      at TypeScriptParserMixin.parseExprSubscripts (/home/lujingwei/DB-HA-Manager/frontend/node_modules/@babel/parser/lib/index.js:11081:23)
      at TypeScriptParserMixin.parseUpdate (/home/lujingwei/DB-HA-Manager/frontend/node_modules/@babel/parser/lib/index.js:11066:21)
      at TypeScriptParserMixin.parseMaybeUnary (/home/lujingwei/DB-HA-Manager/frontend/node_modules/@babel/parser/lib/index.js:11046:23)
      at TypeScriptParserMixin.parseMaybeUnary (/home/lujingwei/DB-HA-Manager/frontend/node_modules/@babel/parser/lib/index.js:9837:18)
      at TypeScriptParserMixin.parseMaybeUnaryOrPrivate (/home/lujingwei/DB-HA-Manager/frontend/node_modules/@babel/parser/lib/index.js:10899:61)
      at TypeScriptParserMixin.parseExprOps (/home/lujingwei/DB-HA-Manager/frontend/node_modules/@babel/parser/lib/index.js:10904:23)
      at TypeScriptParserMixin.parseMaybeConditional (/home/lujingwei/DB-HA-Manager/frontend/node_modules/@babel/parser/lib/index.js:10881:23)
      at TypeScriptParserMixin.parseMaybeAssign (/home/lujingwei/DB-HA-Manager/frontend/node_modules/@babel/parser/lib/index.js:10831:21)
      at /home/lujingwei/DB-HA-Manager/frontend/node_modules/@babel/parser/lib/index.js:9775:39
      at TypeScriptParserMixin.tryParse (/home/lujingwei/DB-HA-Manager/frontend/node_modules/@babel/parser/lib/index.js:6907:20)
      at TypeScriptParserMixin.parseMaybeAssign (/home/lujingwei/DB-HA-Manager/frontend/node_modules/@babel/parser/lib/index.js:9775:18)
      at /home/lujingwei/DB-HA-Manager/frontend/node_modules/@babel/parser/lib/index.js:10800:39
      at TypeScriptParserMixin.allowInAnd (/home/lujingwei/DB-HA-Manager/frontend/node_modules/@babel/parser/lib/index.js:12426:12)
      at TypeScriptParserMixin.parseMaybeAssignAllowIn (/home/lujingwei/DB-HA-Manager/frontend/node_modules/@babel/parser/lib/index.js:10800:17)
      at TypeScriptParserMixin.parseMaybeAssignAllowInOrVoidPattern (/home/lujingwei/DB-HA-Manager/frontend/node_modules/@babel/parser/lib/index.js:12493:17)
      at TypeScriptParserMixin.parseParenAndDistinguishExpression (/home/lujingwei/DB-HA-Manager/frontend/node_modules/@babel/parser/lib/index.js:11675:28)
      at TypeScriptParserMixin.parseExprAtom (/home/lujingwei/DB-HA-Manager/frontend/node_modules/@babel/parser/lib/index.js:11331:23)
      at TypeScriptParserMixin.parseExprAtom (/home/lujingwei/DB-HA-Manager/frontend/node_modules/@babel/parser/lib/index.js:4764:20)
      at TypeScriptParserMixin.parseExprSubscripts (/home/lujingwei/DB-HA-Manager/frontend/node_modules/@babel/parser/lib/index.js:11081:23)
      at TypeScriptParserMixin.parseUpdate (/home/lujingwei/DB-HA-Manager/frontend/node_modules/@babel/parser/lib/index.js:11066:21)
      at TypeScriptParserMixin.parseMaybeUnary (/home/lujingwei/DB-HA-Manager/frontend/node_modules/@babel/parser/lib/index.js:11046:23)
      at TypeScriptParserMixin.parseMaybeUnary (/home/lujingwei/DB-HA-Manager/frontend/node_modules/@babel/parser/lib/index.js:9837:18)
      at TypeScriptParserMixin.parseMaybeUnaryOrPrivate (/home/lujingwei/DB-HA-Manager/frontend/node_modules/@babel/parser/lib/index.js:10899:61)
      at TypeScriptParserMixin.parseExprOps (/home/lujingwei/DB-HA-Manager/frontend/node_modules/@babel/parser/lib/index.js:10904:23)
      at TypeScriptParserMixin.parseMaybeConditional (/home/lujingwei/DB-HA-Manager/frontend/node_modules/@babel/parser/lib/index.js:10881:23)
      at TypeScriptParserMixin.parseMaybeAssign (/home/lujingwei/DB-HA-Manager/frontend/node_modules/@babel/parser/lib/index.js:10831:21)
      at TypeScriptParserMixin.parseMaybeAssign (/home/lujingwei/DB-HA-Manager/frontend/node_modules/@babel/parser/lib/index.js:9786:20)
      at /home/lujingwei/DB-HA-Manager/frontend/node_modules/@babel/parser/lib/index.js:10800:39
      at TypeScriptParserMixin.allowInAnd (/home/lujingwei/DB-HA-Manager/frontend/node_modules/@babel/parser/lib/index.js:12426:12)
      at TypeScriptParserMixin.parseMaybeAssignAllowIn (/home/lujingwei/DB-HA-Manager/frontend/node_modules/@babel/parser/lib/index.js:10800:17)
      at TypeScriptParserMixin.parseMaybeAssignAllowInOrVoidPattern (/home/lujingwei/DB-HA-Manager/frontend/node_modules/@babel/parser/lib/index.js:12493:17)
      at TypeScriptParserMixin.parseObjectProperty (/home/lujingwei/DB-HA-Manager/frontend/node_modules/@babel/parser/lib/index.js:11950:83)
      at TypeScriptParserMixin.parseObjPropValue (/home/lujingwei/DB-HA-Manager/frontend/node_modules/@babel/parser/lib/index.js:11978:100)
3:53:46 PM [vite] hmr update /src/pages/SetupWizard.tsx
3:53:46 PM [vite] Internal server error: /home/lujingwei/DB-HA-Manager/frontend/src/pages/SetupWizard.tsx: Expecting Unicode escape sequence \uXXXX. (995:28)

  993 |         title: '主备 IP 相同',
  994 |         content: (
> 995 |           <Space direction=\"vertical\" size={8}>
      |                             ^
  996 |             <Text>主备同机存在数据风险，请确认您已理解风险。</Text>
  997 |             <Text type=\"secondary\">继续将沿用单机路径策略，请确保具备隔离与备份计划。</Text>
  998 |           </Space>
  Plugin: vite:react-babel
  File: /home/lujingwei/DB-HA-Manager/frontend/src/pages/SetupWizard.tsx:995:28
  993|          title: '主备 IP 相同',
  994|          content: (
  995|            <Space direction=\"vertical\" size={8}>
     |                              ^
  996|              <Text>主备同机存在数据风险，请确认您已理解风险。</Text>
  997|              <Text type=\"secondary\">继续将沿用单机路径策略，请确保具备隔离与备份计划。</Text>
      at constructor (/home/lujingwei/DB-HA-Manager/frontend/node_modules/@babel/parser/lib/index.js:365:19)
      at TypeScriptParserMixin.raise (/home/lujingwei/DB-HA-Manager/frontend/node_modules/@babel/parser/lib/index.js:6599:19)
      at TypeScriptParserMixin.readWord1 (/home/lujingwei/DB-HA-Manager/frontend/node_modules/@babel/parser/lib/index.js:6559:16)
      at TypeScriptParserMixin.readWord (/home/lujingwei/DB-HA-Manager/frontend/node_modules/@babel/parser/lib/index.js:6579:23)
      at TypeScriptParserMixin.getTokenFromCode (/home/lujingwei/DB-HA-Manager/frontend/node_modules/@babel/parser/lib/index.js:6298:14)
      at TypeScriptParserMixin.getTokenFromCode (/home/lujingwei/DB-HA-Manager/frontend/node_modules/@babel/parser/lib/index.js:4797:11)
      at TypeScriptParserMixin.getTokenFromCode (/home/lujingwei/DB-HA-Manager/frontend/node_modules/@babel/parser/lib/index.js:9987:11)
      at TypeScriptParserMixin.nextToken (/home/lujingwei/DB-HA-Manager/frontend/node_modules/@babel/parser/lib/index.js:5782:10)
      at TypeScriptParserMixin.next (/home/lujingwei/DB-HA-Manager/frontend/node_modules/@babel/parser/lib/index.js:5692:10)
      at TypeScriptParserMixin.eat (/home/lujingwei/DB-HA-Manager/frontend/node_modules/@babel/parser/lib/index.js:5696:12)
      at TypeScriptParserMixin.jsxParseAttribute (/home/lujingwei/DB-HA-Manager/frontend/node_modules/@babel/parser/lib/index.js:4653:23)
      at TypeScriptParserMixin.jsxParseOpeningElementAfterName (/home/lujingwei/DB-HA-Manager/frontend/node_modules/@babel/parser/lib/index.js:4667:28)
      at TypeScriptParserMixin.jsxParseOpeningElementAfterName (/home/lujingwei/DB-HA-Manager/frontend/node_modules/@babel/parser/lib/index.js:10043:18)
      at TypeScriptParserMixin.jsxParseOpeningElementAt (/home/lujingwei/DB-HA-Manager/frontend/node_modules/@babel/parser/lib/index.js:4662:17)
      at TypeScriptParserMixin.jsxParseElementAt (/home/lujingwei/DB-HA-Manager/frontend/node_modules/@babel/parser/lib/index.js:4686:33)
      at TypeScriptParserMixin.jsxParseElement (/home/lujingwei/DB-HA-Manager/frontend/node_modules/@babel/parser/lib/index.js:4749:17)
      at TypeScriptParserMixin.parseExprAtom (/home/lujingwei/DB-HA-Manager/frontend/node_modules/@babel/parser/lib/index.js:4759:19)
      at TypeScriptParserMixin.parseExprSubscripts (/home/lujingwei/DB-HA-Manager/frontend/node_modules/@babel/parser/lib/index.js:11081:23)
      at TypeScriptParserMixin.parseUpdate (/home/lujingwei/DB-HA-Manager/frontend/node_modules/@babel/parser/lib/index.js:11066:21)
      at TypeScriptParserMixin.parseMaybeUnary (/home/lujingwei/DB-HA-Manager/frontend/node_modules/@babel/parser/lib/index.js:11046:23)
      at TypeScriptParserMixin.parseMaybeUnary (/home/lujingwei/DB-HA-Manager/frontend/node_modules/@babel/parser/lib/index.js:9837:18)
      at TypeScriptParserMixin.parseMaybeUnaryOrPrivate (/home/lujingwei/DB-HA-Manager/frontend/node_modules/@babel/parser/lib/index.js:10899:61)
      at TypeScriptParserMixin.parseExprOps (/home/lujingwei/DB-HA-Manager/frontend/node_modules/@babel/parser/lib/index.js:10904:23)
      at TypeScriptParserMixin.parseMaybeConditional (/home/lujingwei/DB-HA-Manager/frontend/node_modules/@babel/parser/lib/index.js:10881:23)
      at TypeScriptParserMixin.parseMaybeAssign (/home/lujingwei/DB-HA-Manager/frontend/node_modules/@babel/parser/lib/index.js:10831:21)
      at /home/lujingwei/DB-HA-Manager/frontend/node_modules/@babel/parser/lib/index.js:9775:39
      at TypeScriptParserMixin.tryParse (/home/lujingwei/DB-HA-Manager/frontend/node_modules/@babel/parser/lib/index.js:6907:20)
      at TypeScriptParserMixin.parseMaybeAssign (/home/lujingwei/DB-HA-Manager/frontend/node_modules/@babel/parser/lib/index.js:9775:18)
      at /home/lujingwei/DB-HA-Manager/frontend/node_modules/@babel/parser/lib/index.js:10800:39
      at TypeScriptParserMixin.allowInAnd (/home/lujingwei/DB-HA-Manager/frontend/node_modules/@babel/parser/lib/index.js:12426:12)
      at TypeScriptParserMixin.parseMaybeAssignAllowIn (/home/lujingwei/DB-HA-Manager/frontend/node_modules/@babel/parser/lib/index.js:10800:17)
      at TypeScriptParserMixin.parseMaybeAssignAllowInOrVoidPattern (/home/lujingwei/DB-HA-Manager/frontend/node_modules/@babel/parser/lib/index.js:12493:17)
      at TypeScriptParserMixin.parseParenAndDistinguishExpression (/home/lujingwei/DB-HA-Manager/frontend/node_modules/@babel/parser/lib/index.js:11675:28)
      at TypeScriptParserMixin.parseExprAtom (/home/lujingwei/DB-HA-Manager/frontend/node_modules/@babel/parser/lib/index.js:11331:23)
      at TypeScriptParserMixin.parseExprAtom (/home/lujingwei/DB-HA-Manager/frontend/node_modules/@babel/parser/lib/index.js:4764:20)
      at TypeScriptParserMixin.parseExprSubscripts (/home/lujingwei/DB-HA-Manager/frontend/node_modules/@babel/parser/lib/index.js:11081:23)
      at TypeScriptParserMixin.parseUpdate (/home/lujingwei/DB-HA-Manager/frontend/node_modules/@babel/parser/lib/index.js:11066:21)
      at TypeScriptParserMixin.parseMaybeUnary (/home/lujingwei/DB-HA-Manager/frontend/node_modules/@babel/parser/lib/index.js:11046:23)
      at TypeScriptParserMixin.parseMaybeUnary (/home/lujingwei/DB-HA-Manager/frontend/node_modules/@babel/parser/lib/index.js:9837:18)
      at TypeScriptParserMixin.parseMaybeUnaryOrPrivate (/home/lujingwei/DB-HA-Manager/frontend/node_modules/@babel/parser/lib/index.js:10899:61)
      at TypeScriptParserMixin.parseExprOps (/home/lujingwei/DB-HA-Manager/frontend/node_modules/@babel/parser/lib/index.js:10904:23)
      at TypeScriptParserMixin.parseMaybeConditional (/home/lujingwei/DB-HA-Manager/frontend/node_modules/@babel/parser/lib/index.js:10881:23)
      at TypeScriptParserMixin.parseMaybeAssign (/home/lujingwei/DB-HA-Manager/frontend/node_modules/@babel/parser/lib/index.js:10831:21)
      at TypeScriptParserMixin.parseMaybeAssign (/home/lujingwei/DB-HA-Manager/frontend/node_modules/@babel/parser/lib/index.js:9786:20)
      at /home/lujingwei/DB-HA-Manager/frontend/node_modules/@babel/parser/lib/index.js:10800:39
      at TypeScriptParserMixin.allowInAnd (/home/lujingwei/DB-HA-Manager/frontend/node_modules/@babel/parser/lib/index.js:12426:12)
      at TypeScriptParserMixin.parseMaybeAssignAllowIn (/home/lujingwei/DB-HA-Manager/frontend/node_modules/@babel/parser/lib/index.js:10800:17)
      at TypeScriptParserMixin.parseMaybeAssignAllowInOrVoidPattern (/home/lujingwei/DB-HA-Manager/frontend/node_modules/@babel/parser/lib/index.js:12493:17)
      at TypeScriptParserMixin.parseObjectProperty (/home/lujingwei/DB-HA-Manager/frontend/node_modules/@babel/parser/lib/index.js:11950:83)
      at TypeScriptParserMixin.parseObjPropValue (/home/lujingwei/DB-HA-Manager/frontend/node_modules/@babel/parser/lib/index.js:11978:100)
3:53:48 PM [vite] hmr update /src/pages/SetupWizard.tsx
3:53:48 PM [vite] Internal server error: /home/lujingwei/DB-HA-Manager/frontend/src/pages/SetupWizard.tsx: Expecting Unicode escape sequence \uXXXX. (995:28)

  993 |         title: '主备 IP 相同',
  994 |         content: (
> 995 |           <Space direction=\"vertical\" size={8}>
      |                             ^
  996 |             <Text>主备同机存在数据风险，请确认您已理解风险。</Text>
  997 |             <Text type=\"secondary\">继续将沿用单机路径策略，请确保具备隔离与备份计划。</Text>
  998 |           </Space>
  Plugin: vite:react-babel
  File: /home/lujingwei/DB-HA-Manager/frontend/src/pages/SetupWizard.tsx:995:28
  993|          title: '主备 IP 相同',
  994|          content: (
  995|            <Space direction=\"vertical\" size={8}>
     |                              ^
  996|              <Text>主备同机存在数据风险，请确认您已理解风险。</Text>
  997|              <Text type=\"secondary\">继续将沿用单机路径策略，请确保具备隔离与备份计划。</Text>
      at constructor (/home/lujingwei/DB-HA-Manager/frontend/node_modules/@babel/parser/lib/index.js:365:19)
      at TypeScriptParserMixin.raise (/home/lujingwei/DB-HA-Manager/frontend/node_modules/@babel/parser/lib/index.js:6599:19)
      at TypeScriptParserMixin.readWord1 (/home/lujingwei/DB-HA-Manager/frontend/node_modules/@babel/parser/lib/index.js:6559:16)
      at TypeScriptParserMixin.readWord (/home/lujingwei/DB-HA-Manager/frontend/node_modules/@babel/parser/lib/index.js:6579:23)
      at TypeScriptParserMixin.getTokenFromCode (/home/lujingwei/DB-HA-Manager/frontend/node_modules/@babel/parser/lib/index.js:6298:14)
      at TypeScriptParserMixin.getTokenFromCode (/home/lujingwei/DB-HA-Manager/frontend/node_modules/@babel/parser/lib/index.js:4797:11)
      at TypeScriptParserMixin.getTokenFromCode (/home/lujingwei/DB-HA-Manager/frontend/node_modules/@babel/parser/lib/index.js:9987:11)
      at TypeScriptParserMixin.nextToken (/home/lujingwei/DB-HA-Manager/frontend/node_modules/@babel/parser/lib/index.js:5782:10)
      at TypeScriptParserMixin.next (/home/lujingwei/DB-HA-Manager/frontend/node_modules/@babel/parser/lib/index.js:5692:10)
      at TypeScriptParserMixin.eat (/home/lujingwei/DB-HA-Manager/frontend/node_modules/@babel/parser/lib/index.js:5696:12)
      at TypeScriptParserMixin.jsxParseAttribute (/home/lujingwei/DB-HA-Manager/frontend/node_modules/@babel/parser/lib/index.js:4653:23)
      at TypeScriptParserMixin.jsxParseOpeningElementAfterName (/home/lujingwei/DB-HA-Manager/frontend/node_modules/@babel/parser/lib/index.js:4667:28)
      at TypeScriptParserMixin.jsxParseOpeningElementAfterName (/home/lujingwei/DB-HA-Manager/frontend/node_modules/@babel/parser/lib/index.js:10043:18)
      at TypeScriptParserMixin.jsxParseOpeningElementAt (/home/lujingwei/DB-HA-Manager/frontend/node_modules/@babel/parser/lib/index.js:4662:17)
      at TypeScriptParserMixin.jsxParseElementAt (/home/lujingwei/DB-HA-Manager/frontend/node_modules/@babel/parser/lib/index.js:4686:33)
      at TypeScriptParserMixin.jsxParseElement (/home/lujingwei/DB-HA-Manager/frontend/node_modules/@babel/parser/lib/index.js:4749:17)
      at TypeScriptParserMixin.parseExprAtom (/home/lujingwei/DB-HA-Manager/frontend/node_modules/@babel/parser/lib/index.js:4759:19)
      at TypeScriptParserMixin.parseExprSubscripts (/home/lujingwei/DB-HA-Manager/frontend/node_modules/@babel/parser/lib/index.js:11081:23)
      at TypeScriptParserMixin.parseUpdate (/home/lujingwei/DB-HA-Manager/frontend/node_modules/@babel/parser/lib/index.js:11066:21)
      at TypeScriptParserMixin.parseMaybeUnary (/home/lujingwei/DB-HA-Manager/frontend/node_modules/@babel/parser/lib/index.js:11046:23)
      at TypeScriptParserMixin.parseMaybeUnary (/home/lujingwei/DB-HA-Manager/frontend/node_modules/@babel/parser/lib/index.js:9837:18)
      at TypeScriptParserMixin.parseMaybeUnaryOrPrivate (/home/lujingwei/DB-HA-Manager/frontend/node_modules/@babel/parser/lib/index.js:10899:61)
      at TypeScriptParserMixin.parseExprOps (/home/lujingwei/DB-HA-Manager/frontend/node_modules/@babel/parser/lib/index.js:10904:23)
      at TypeScriptParserMixin.parseMaybeConditional (/home/lujingwei/DB-HA-Manager/frontend/node_modules/@babel/parser/lib/index.js:10881:23)
      at TypeScriptParserMixin.parseMaybeAssign (/home/lujingwei/DB-HA-Manager/frontend/node_modules/@babel/parser/lib/index.js:10831:21)
      at /home/lujingwei/DB-HA-Manager/frontend/node_modules/@babel/parser/lib/index.js:9775:39
      at TypeScriptParserMixin.tryParse (/home/lujingwei/DB-HA-Manager/frontend/node_modules/@babel/parser/lib/index.js:6907:20)
      at TypeScriptParserMixin.parseMaybeAssign (/home/lujingwei/DB-HA-Manager/frontend/node_modules/@babel/parser/lib/index.js:9775:18)
      at /home/lujingwei/DB-HA-Manager/frontend/node_modules/@babel/parser/lib/index.js:10800:39
      at TypeScriptParserMixin.allowInAnd (/home/lujingwei/DB-HA-Manager/frontend/node_modules/@babel/parser/lib/index.js:12426:12)
      at TypeScriptParserMixin.parseMaybeAssignAllowIn (/home/lujingwei/DB-HA-Manager/frontend/node_modules/@babel/parser/lib/index.js:10800:17)
      at TypeScriptParserMixin.parseMaybeAssignAllowInOrVoidPattern (/home/lujingwei/DB-HA-Manager/frontend/node_modules/@babel/parser/lib/index.js:12493:17)
      at TypeScriptParserMixin.parseParenAndDistinguishExpression (/home/lujingwei/DB-HA-Manager/frontend/node_modules/@babel/parser/lib/index.js:11675:28)
      at TypeScriptParserMixin.parseExprAtom (/home/lujingwei/DB-HA-Manager/frontend/node_modules/@babel/parser/lib/index.js:11331:23)
      at TypeScriptParserMixin.parseExprAtom (/home/lujingwei/DB-HA-Manager/frontend/node_modules/@babel/parser/lib/index.js:4764:20)
      at TypeScriptParserMixin.parseExprSubscripts (/home/lujingwei/DB-HA-Manager/frontend/node_modules/@babel/parser/lib/index.js:11081:23)
      at TypeScriptParserMixin.parseUpdate (/home/lujingwei/DB-HA-Manager/frontend/node_modules/@babel/parser/lib/index.js:11066:21)
      at TypeScriptParserMixin.parseMaybeUnary (/home/lujingwei/DB-HA-Manager/frontend/node_modules/@babel/parser/lib/index.js:11046:23)
      at TypeScriptParserMixin.parseMaybeUnary (/home/lujingwei/DB-HA-Manager/frontend/node_modules/@babel/parser/lib/index.js:9837:18)
      at TypeScriptParserMixin.parseMaybeUnaryOrPrivate (/home/lujingwei/DB-HA-Manager/frontend/node_modules/@babel/parser/lib/index.js:10899:61)
      at TypeScriptParserMixin.parseExprOps (/home/lujingwei/DB-HA-Manager/frontend/node_modules/@babel/parser/lib/index.js:10904:23)
      at TypeScriptParserMixin.parseMaybeConditional (/home/lujingwei/DB-HA-Manager/frontend/node_modules/@babel/parser/lib/index.js:10881:23)
      at TypeScriptParserMixin.parseMaybeAssign (/home/lujingwei/DB-HA-Manager/frontend/node_modules/@babel/parser/lib/index.js:10831:21)
      at TypeScriptParserMixin.parseMaybeAssign (/home/lujingwei/DB-HA-Manager/frontend/node_modules/@babel/parser/lib/index.js:9786:20)
      at /home/lujingwei/DB-HA-Manager/frontend/node_modules/@babel/parser/lib/index.js:10800:39
      at TypeScriptParserMixin.allowInAnd (/home/lujingwei/DB-HA-Manager/frontend/node_modules/@babel/parser/lib/index.js:12426:12)
      at TypeScriptParserMixin.parseMaybeAssignAllowIn (/home/lujingwei/DB-HA-Manager/frontend/node_modules/@babel/parser/lib/index.js:10800:17)
      at TypeScriptParserMixin.parseMaybeAssignAllowInOrVoidPattern (/home/lujingwei/DB-HA-Manager/frontend/node_modules/@babel/parser/lib/index.js:12493:17)
      at TypeScriptParserMixin.parseObjectProperty (/home/lujingwei/DB-HA-Manager/frontend/node_modules/@babel/parser/lib/index.js:11950:83)
      at TypeScriptParserMixin.parseObjPropValue (/home/lujingwei/DB-HA-Manager/frontend/node_modules/@babel/parser/lib/index.js:11978:100)
3:53:52 PM [vite] hmr update /src/pages/SetupWizard.tsx
3:53:52 PM [vite] Internal server error: /home/lujingwei/DB-HA-Manager/frontend/src/pages/SetupWizard.tsx: Expecting Unicode escape sequence \uXXXX. (995:28)

  993 |         title: '主备 IP 相同',
  994 |         content: (
> 995 |           <Space direction=\"vertical\" size={8}>
      |                             ^
  996 |             <Text>主备同机存在数据风险，请确认您已理解风险。</Text>
  997 |             <Text type=\"secondary\">继续将沿用单机路径策略，请确保具备隔离与备份计划。</Text>
  998 |           </Space>
  Plugin: vite:react-babel
  File: /home/lujingwei/DB-HA-Manager/frontend/src/pages/SetupWizard.tsx:995:28
  993|          title: '主备 IP 相同',
  994|          content: (
  995|            <Space direction=\"vertical\" size={8}>
     |                              ^
  996|              <Text>主备同机存在数据风险，请确认您已理解风险。</Text>
  997|              <Text type=\"secondary\">继续将沿用单机路径策略，请确保具备隔离与备份计划。</Text>
      at constructor (/home/lujingwei/DB-HA-Manager/frontend/node_modules/@babel/parser/lib/index.js:365:19)
      at TypeScriptParserMixin.raise (/home/lujingwei/DB-HA-Manager/frontend/node_modules/@babel/parser/lib/index.js:6599:19)
      at TypeScriptParserMixin.readWord1 (/home/lujingwei/DB-HA-Manager/frontend/node_modules/@babel/parser/lib/index.js:6559:16)
      at TypeScriptParserMixin.readWord (/home/lujingwei/DB-HA-Manager/frontend/node_modules/@babel/parser/lib/index.js:6579:23)
      at TypeScriptParserMixin.getTokenFromCode (/home/lujingwei/DB-HA-Manager/frontend/node_modules/@babel/parser/lib/index.js:6298:14)
      at TypeScriptParserMixin.getTokenFromCode (/home/lujingwei/DB-HA-Manager/frontend/node_modules/@babel/parser/lib/index.js:4797:11)
      at TypeScriptParserMixin.getTokenFromCode (/home/lujingwei/DB-HA-Manager/frontend/node_modules/@babel/parser/lib/index.js:9987:11)
      at TypeScriptParserMixin.nextToken (/home/lujingwei/DB-HA-Manager/frontend/node_modules/@babel/parser/lib/index.js:5782:10)
      at TypeScriptParserMixin.next (/home/lujingwei/DB-HA-Manager/frontend/node_modules/@babel/parser/lib/index.js:5692:10)
      at TypeScriptParserMixin.eat (/home/lujingwei/DB-HA-Manager/frontend/node_modules/@babel/parser/lib/index.js:5696:12)
      at TypeScriptParserMixin.jsxParseAttribute (/home/lujingwei/DB-HA-Manager/frontend/node_modules/@babel/parser/lib/index.js:4653:23)
      at TypeScriptParserMixin.jsxParseOpeningElementAfterName (/home/lujingwei/DB-HA-Manager/frontend/node_modules/@babel/parser/lib/index.js:4667:28)
      at TypeScriptParserMixin.jsxParseOpeningElementAfterName (/home/lujingwei/DB-HA-Manager/frontend/node_modules/@babel/parser/lib/index.js:10043:18)
      at TypeScriptParserMixin.jsxParseOpeningElementAt (/home/lujingwei/DB-HA-Manager/frontend/node_modules/@babel/parser/lib/index.js:4662:17)
      at TypeScriptParserMixin.jsxParseElementAt (/home/lujingwei/DB-HA-Manager/frontend/node_modules/@babel/parser/lib/index.js:4686:33)
      at TypeScriptParserMixin.jsxParseElement (/home/lujingwei/DB-HA-Manager/frontend/node_modules/@babel/parser/lib/index.js:4749:17)
      at TypeScriptParserMixin.parseExprAtom (/home/lujingwei/DB-HA-Manager/frontend/node_modules/@babel/parser/lib/index.js:4759:19)
      at TypeScriptParserMixin.parseExprSubscripts (/home/lujingwei/DB-HA-Manager/frontend/node_modules/@babel/parser/lib/index.js:11081:23)
      at TypeScriptParserMixin.parseUpdate (/home/lujingwei/DB-HA-Manager/frontend/node_modules/@babel/parser/lib/index.js:11066:21)
      at TypeScriptParserMixin.parseMaybeUnary (/home/lujingwei/DB-HA-Manager/frontend/node_modules/@babel/parser/lib/index.js:11046:23)
      at TypeScriptParserMixin.parseMaybeUnary (/home/lujingwei/DB-HA-Manager/frontend/node_modules/@babel/parser/lib/index.js:9837:18)
      at TypeScriptParserMixin.parseMaybeUnaryOrPrivate (/home/lujingwei/DB-HA-Manager/frontend/node_modules/@babel/parser/lib/index.js:10899:61)
      at TypeScriptParserMixin.parseExprOps (/home/lujingwei/DB-HA-Manager/frontend/node_modules/@babel/parser/lib/index.js:10904:23)
      at TypeScriptParserMixin.parseMaybeConditional (/home/lujingwei/DB-HA-Manager/frontend/node_modules/@babel/parser/lib/index.js:10881:23)
      at TypeScriptParserMixin.parseMaybeAssign (/home/lujingwei/DB-HA-Manager/frontend/node_modules/@babel/parser/lib/index.js:10831:21)
      at /home/lujingwei/DB-HA-Manager/frontend/node_modules/@babel/parser/lib/index.js:9775:39
      at TypeScriptParserMixin.tryParse (/home/lujingwei/DB-HA-Manager/frontend/node_modules/@babel/parser/lib/index.js:6907:20)
      at TypeScriptParserMixin.parseMaybeAssign (/home/lujingwei/DB-HA-Manager/frontend/node_modules/@babel/parser/lib/index.js:9775:18)
      at /home/lujingwei/DB-HA-Manager/frontend/node_modules/@babel/parser/lib/index.js:10800:39
      at TypeScriptParserMixin.allowInAnd (/home/lujingwei/DB-HA-Manager/frontend/node_modules/@babel/parser/lib/index.js:12426:12)
      at TypeScriptParserMixin.parseMaybeAssignAllowIn (/home/lujingwei/DB-HA-Manager/frontend/node_modules/@babel/parser/lib/index.js:10800:17)
      at TypeScriptParserMixin.parseMaybeAssignAllowInOrVoidPattern (/home/lujingwei/DB-HA-Manager/frontend/node_modules/@babel/parser/lib/index.js:12493:17)
      at TypeScriptParserMixin.parseParenAndDistinguishExpression (/home/lujingwei/DB-HA-Manager/frontend/node_modules/@babel/parser/lib/index.js:11675:28)
      at TypeScriptParserMixin.parseExprAtom (/home/lujingwei/DB-HA-Manager/frontend/node_modules/@babel/parser/lib/index.js:11331:23)
      at TypeScriptParserMixin.parseExprAtom (/home/lujingwei/DB-HA-Manager/frontend/node_modules/@babel/parser/lib/index.js:4764:20)
      at TypeScriptParserMixin.parseExprSubscripts (/home/lujingwei/DB-HA-Manager/frontend/node_modules/@babel/parser/lib/index.js:11081:23)
      at TypeScriptParserMixin.parseUpdate (/home/lujingwei/DB-HA-Manager/frontend/node_modules/@babel/parser/lib/index.js:11066:21)
      at TypeScriptParserMixin.parseMaybeUnary (/home/lujingwei/DB-HA-Manager/frontend/node_modules/@babel/parser/lib/index.js:11046:23)
      at TypeScriptParserMixin.parseMaybeUnary (/home/lujingwei/DB-HA-Manager/frontend/node_modules/@babel/parser/lib/index.js:9837:18)
      at TypeScriptParserMixin.parseMaybeUnaryOrPrivate (/home/lujingwei/DB-HA-Manager/frontend/node_modules/@babel/parser/lib/index.js:10899:61)
      at TypeScriptParserMixin.parseExprOps (/home/lujingwei/DB-HA-Manager/frontend/node_modules/@babel/parser/lib/index.js:10904:23)
      at TypeScriptParserMixin.parseMaybeConditional (/home/lujingwei/DB-HA-Manager/frontend/node_modules/@babel/parser/lib/index.js:10881:23)
      at TypeScriptParserMixin.parseMaybeAssign (/home/lujingwei/DB-HA-Manager/frontend/node_modules/@babel/parser/lib/index.js:10831:21)
      at TypeScriptParserMixin.parseMaybeAssign (/home/lujingwei/DB-HA-Manager/frontend/node_modules/@babel/parser/lib/index.js:9786:20)
      at /home/lujingwei/DB-HA-Manager/frontend/node_modules/@babel/parser/lib/index.js:10800:39
      at TypeScriptParserMixin.allowInAnd (/home/lujingwei/DB-HA-Manager/frontend/node_modules/@babel/parser/lib/index.js:12426:12)
      at TypeScriptParserMixin.parseMaybeAssignAllowIn (/home/lujingwei/DB-HA-Manager/frontend/node_modules/@babel/parser/lib/index.js:10800:17)
      at TypeScriptParserMixin.parseMaybeAssignAllowInOrVoidPattern (/home/lujingwei/DB-HA-Manager/frontend/node_modules/@babel/parser/lib/index.js:12493:17)
      at TypeScriptParserMixin.parseObjectProperty (/home/lujingwei/DB-HA-Manager/frontend/node_modules/@babel/parser/lib/index.js:11950:83)
      at TypeScriptParserMixin.parseObjPropValue (/home/lujingwei/DB-HA-Manager/frontend/node_modules/@babel/parser/lib/index.js:11978:100)
3:53:56 PM [vite] hmr update /src/pages/SetupWizard.tsx
3:53:56 PM [vite] Internal server error: /home/lujingwei/DB-HA-Manager/frontend/src/pages/SetupWizard.tsx: Expecting Unicode escape sequence \uXXXX. (995:28)

  993 |         title: '主备 IP 相同',
  994 |         content: (
> 995 |           <Space direction=\"vertical\" size={8}>
      |                             ^
  996 |             <Text>主备同机存在数据风险，请确认您已理解风险。</Text>
  997 |             <Text type=\"secondary\">继续将沿用单机路径策略，请确保具备隔离与备份计划。</Text>
  998 |           </Space>
  Plugin: vite:react-babel
  File: /home/lujingwei/DB-HA-Manager/frontend/src/pages/SetupWizard.tsx:995:28
  993|          title: '主备 IP 相同',
  994|          content: (
  995|            <Space direction=\"vertical\" size={8}>
     |                              ^
  996|              <Text>主备同机存在数据风险，请确认您已理解风险。</Text>
  997|              <Text type=\"secondary\">继续将沿用单机路径策略，请确保具备隔离与备份计划。</Text>
      at constructor (/home/lujingwei/DB-HA-Manager/frontend/node_modules/@babel/parser/lib/index.js:365:19)
      at TypeScriptParserMixin.raise (/home/lujingwei/DB-HA-Manager/frontend/node_modules/@babel/parser/lib/index.js:6599:19)
      at TypeScriptParserMixin.readWord1 (/home/lujingwei/DB-HA-Manager/frontend/node_modules/@babel/parser/lib/index.js:6559:16)
      at TypeScriptParserMixin.readWord (/home/lujingwei/DB-HA-Manager/frontend/node_modules/@babel/parser/lib/index.js:6579:23)
      at TypeScriptParserMixin.getTokenFromCode (/home/lujingwei/DB-HA-Manager/frontend/node_modules/@babel/parser/lib/index.js:6298:14)
      at TypeScriptParserMixin.getTokenFromCode (/home/lujingwei/DB-HA-Manager/frontend/node_modules/@babel/parser/lib/index.js:4797:11)
      at TypeScriptParserMixin.getTokenFromCode (/home/lujingwei/DB-HA-Manager/frontend/node_modules/@babel/parser/lib/index.js:9987:11)
      at TypeScriptParserMixin.nextToken (/home/lujingwei/DB-HA-Manager/frontend/node_modules/@babel/parser/lib/index.js:5782:10)
      at TypeScriptParserMixin.next (/home/lujingwei/DB-HA-Manager/frontend/node_modules/@babel/parser/lib/index.js:5692:10)
      at TypeScriptParserMixin.eat (/home/lujingwei/DB-HA-Manager/frontend/node_modules/@babel/parser/lib/index.js:5696:12)
      at TypeScriptParserMixin.jsxParseAttribute (/home/lujingwei/DB-HA-Manager/frontend/node_modules/@babel/parser/lib/index.js:4653:23)
      at TypeScriptParserMixin.jsxParseOpeningElementAfterName (/home/lujingwei/DB-HA-Manager/frontend/node_modules/@babel/parser/lib/index.js:4667:28)
      at TypeScriptParserMixin.jsxParseOpeningElementAfterName (/home/lujingwei/DB-HA-Manager/frontend/node_modules/@babel/parser/lib/index.js:10043:18)
      at TypeScriptParserMixin.jsxParseOpeningElementAt (/home/lujingwei/DB-HA-Manager/frontend/node_modules/@babel/parser/lib/index.js:4662:17)
      at TypeScriptParserMixin.jsxParseElementAt (/home/lujingwei/DB-HA-Manager/frontend/node_modules/@babel/parser/lib/index.js:4686:33)
      at TypeScriptParserMixin.jsxParseElement (/home/lujingwei/DB-HA-Manager/frontend/node_modules/@babel/parser/lib/index.js:4749:17)
      at TypeScriptParserMixin.parseExprAtom (/home/lujingwei/DB-HA-Manager/frontend/node_modules/@babel/parser/lib/index.js:4759:19)
      at TypeScriptParserMixin.parseExprSubscripts (/home/lujingwei/DB-HA-Manager/frontend/node_modules/@babel/parser/lib/index.js:11081:23)
      at TypeScriptParserMixin.parseUpdate (/home/lujingwei/DB-HA-Manager/frontend/node_modules/@babel/parser/lib/index.js:11066:21)
      at TypeScriptParserMixin.parseMaybeUnary (/home/lujingwei/DB-HA-Manager/frontend/node_modules/@babel/parser/lib/index.js:11046:23)
      at TypeScriptParserMixin.parseMaybeUnary (/home/lujingwei/DB-HA-Manager/frontend/node_modules/@babel/parser/lib/index.js:9837:18)
      at TypeScriptParserMixin.parseMaybeUnaryOrPrivate (/home/lujingwei/DB-HA-Manager/frontend/node_modules/@babel/parser/lib/index.js:10899:61)
      at TypeScriptParserMixin.parseExprOps (/home/lujingwei/DB-HA-Manager/frontend/node_modules/@babel/parser/lib/index.js:10904:23)
      at TypeScriptParserMixin.parseMaybeConditional (/home/lujingwei/DB-HA-Manager/frontend/node_modules/@babel/parser/lib/index.js:10881:23)
      at TypeScriptParserMixin.parseMaybeAssign (/home/lujingwei/DB-HA-Manager/frontend/node_modules/@babel/parser/lib/index.js:10831:21)
      at /home/lujingwei/DB-HA-Manager/frontend/node_modules/@babel/parser/lib/index.js:9775:39
      at TypeScriptParserMixin.tryParse (/home/lujingwei/DB-HA-Manager/frontend/node_modules/@babel/parser/lib/index.js:6907:20)
      at TypeScriptParserMixin.parseMaybeAssign (/home/lujingwei/DB-HA-Manager/frontend/node_modules/@babel/parser/lib/index.js:9775:18)
      at /home/lujingwei/DB-HA-Manager/frontend/node_modules/@babel/parser/lib/index.js:10800:39
      at TypeScriptParserMixin.allowInAnd (/home/lujingwei/DB-HA-Manager/frontend/node_modules/@babel/parser/lib/index.js:12426:12)
      at TypeScriptParserMixin.parseMaybeAssignAllowIn (/home/lujingwei/DB-HA-Manager/frontend/node_modules/@babel/parser/lib/index.js:10800:17)
      at TypeScriptParserMixin.parseMaybeAssignAllowInOrVoidPattern (/home/lujingwei/DB-HA-Manager/frontend/node_modules/@babel/parser/lib/index.js:12493:17)
      at TypeScriptParserMixin.parseParenAndDistinguishExpression (/home/lujingwei/DB-HA-Manager/frontend/node_modules/@babel/parser/lib/index.js:11675:28)
      at TypeScriptParserMixin.parseExprAtom (/home/lujingwei/DB-HA-Manager/frontend/node_modules/@babel/parser/lib/index.js:11331:23)
      at TypeScriptParserMixin.parseExprAtom (/home/lujingwei/DB-HA-Manager/frontend/node_modules/@babel/parser/lib/index.js:4764:20)
      at TypeScriptParserMixin.parseExprSubscripts (/home/lujingwei/DB-HA-Manager/frontend/node_modules/@babel/parser/lib/index.js:11081:23)
      at TypeScriptParserMixin.parseUpdate (/home/lujingwei/DB-HA-Manager/frontend/node_modules/@babel/parser/lib/index.js:11066:21)
      at TypeScriptParserMixin.parseMaybeUnary (/home/lujingwei/DB-HA-Manager/frontend/node_modules/@babel/parser/lib/index.js:11046:23)
      at TypeScriptParserMixin.parseMaybeUnary (/home/lujingwei/DB-HA-Manager/frontend/node_modules/@babel/parser/lib/index.js:9837:18)
      at TypeScriptParserMixin.parseMaybeUnaryOrPrivate (/home/lujingwei/DB-HA-Manager/frontend/node_modules/@babel/parser/lib/index.js:10899:61)
      at TypeScriptParserMixin.parseExprOps (/home/lujingwei/DB-HA-Manager/frontend/node_modules/@babel/parser/lib/index.js:10904:23)
      at TypeScriptParserMixin.parseMaybeConditional (/home/lujingwei/DB-HA-Manager/frontend/node_modules/@babel/parser/lib/index.js:10881:23)
      at TypeScriptParserMixin.parseMaybeAssign (/home/lujingwei/DB-HA-Manager/frontend/node_modules/@babel/parser/lib/index.js:10831:21)
      at TypeScriptParserMixin.parseMaybeAssign (/home/lujingwei/DB-HA-Manager/frontend/node_modules/@babel/parser/lib/index.js:9786:20)
      at /home/lujingwei/DB-HA-Manager/frontend/node_modules/@babel/parser/lib/index.js:10800:39
      at TypeScriptParserMixin.allowInAnd (/home/lujingwei/DB-HA-Manager/frontend/node_modules/@babel/parser/lib/index.js:12426:12)
      at TypeScriptParserMixin.parseMaybeAssignAllowIn (/home/lujingwei/DB-HA-Manager/frontend/node_modules/@babel/parser/lib/index.js:10800:17)
      at TypeScriptParserMixin.parseMaybeAssignAllowInOrVoidPattern (/home/lujingwei/DB-HA-Manager/frontend/node_modules/@babel/parser/lib/index.js:12493:17)
      at TypeScriptParserMixin.parseObjectProperty (/home/lujingwei/DB-HA-Manager/frontend/node_modules/@babel/parser/lib/index.js:11950:83)
      at TypeScriptParserMixin.parseObjPropValue (/home/lujingwei/DB-HA-Manager/frontend/node_modules/@babel/parser/lib/index.js:11978:100)
3:53:59 PM [vite] hmr update /src/pages/SetupWizard.tsx
3:53:59 PM [vite] Internal server error: /home/lujingwei/DB-HA-Manager/frontend/src/pages/SetupWizard.tsx: Expecting Unicode escape sequence \uXXXX. (995:28)

  993 |         title: '主备 IP 相同',
  994 |         content: (
> 995 |           <Space direction=\"vertical\" size={8}>
      |                             ^
  996 |             <Text>主备同机存在数据风险，请确认您已理解风险。</Text>
  997 |             <Text type=\"secondary\">继续将沿用单机路径策略，请确保具备隔离与备份计划。</Text>
  998 |           </Space>
  Plugin: vite:react-babel
  File: /home/lujingwei/DB-HA-Manager/frontend/src/pages/SetupWizard.tsx:995:28
  993|          title: '主备 IP 相同',
  994|          content: (
  995|            <Space direction=\"vertical\" size={8}>
     |                              ^
  996|              <Text>主备同机存在数据风险，请确认您已理解风险。</Text>
  997|              <Text type=\"secondary\">继续将沿用单机路径策略，请确保具备隔离与备份计划。</Text>
      at constructor (/home/lujingwei/DB-HA-Manager/frontend/node_modules/@babel/parser/lib/index.js:365:19)
      at TypeScriptParserMixin.raise (/home/lujingwei/DB-HA-Manager/frontend/node_modules/@babel/parser/lib/index.js:6599:19)
      at TypeScriptParserMixin.readWord1 (/home/lujingwei/DB-HA-Manager/frontend/node_modules/@babel/parser/lib/index.js:6559:16)
      at TypeScriptParserMixin.readWord (/home/lujingwei/DB-HA-Manager/frontend/node_modules/@babel/parser/lib/index.js:6579:23)
      at TypeScriptParserMixin.getTokenFromCode (/home/lujingwei/DB-HA-Manager/frontend/node_modules/@babel/parser/lib/index.js:6298:14)
      at TypeScriptParserMixin.getTokenFromCode (/home/lujingwei/DB-HA-Manager/frontend/node_modules/@babel/parser/lib/index.js:4797:11)
      at TypeScriptParserMixin.getTokenFromCode (/home/lujingwei/DB-HA-Manager/frontend/node_modules/@babel/parser/lib/index.js:9987:11)
      at TypeScriptParserMixin.nextToken (/home/lujingwei/DB-HA-Manager/frontend/node_modules/@babel/parser/lib/index.js:5782:10)
      at TypeScriptParserMixin.next (/home/lujingwei/DB-HA-Manager/frontend/node_modules/@babel/parser/lib/index.js:5692:10)
      at TypeScriptParserMixin.eat (/home/lujingwei/DB-HA-Manager/frontend/node_modules/@babel/parser/lib/index.js:5696:12)
      at TypeScriptParserMixin.jsxParseAttribute (/home/lujingwei/DB-HA-Manager/frontend/node_modules/@babel/parser/lib/index.js:4653:23)
      at TypeScriptParserMixin.jsxParseOpeningElementAfterName (/home/lujingwei/DB-HA-Manager/frontend/node_modules/@babel/parser/lib/index.js:4667:28)
      at TypeScriptParserMixin.jsxParseOpeningElementAfterName (/home/lujingwei/DB-HA-Manager/frontend/node_modules/@babel/parser/lib/index.js:10043:18)
      at TypeScriptParserMixin.jsxParseOpeningElementAt (/home/lujingwei/DB-HA-Manager/frontend/node_modules/@babel/parser/lib/index.js:4662:17)
      at TypeScriptParserMixin.jsxParseElementAt (/home/lujingwei/DB-HA-Manager/frontend/node_modules/@babel/parser/lib/index.js:4686:33)
      at TypeScriptParserMixin.jsxParseElement (/home/lujingwei/DB-HA-Manager/frontend/node_modules/@babel/parser/lib/index.js:4749:17)
      at TypeScriptParserMixin.parseExprAtom (/home/lujingwei/DB-HA-Manager/frontend/node_modules/@babel/parser/lib/index.js:4759:19)
      at TypeScriptParserMixin.parseExprSubscripts (/home/lujingwei/DB-HA-Manager/frontend/node_modules/@babel/parser/lib/index.js:11081:23)
      at TypeScriptParserMixin.parseUpdate (/home/lujingwei/DB-HA-Manager/frontend/node_modules/@babel/parser/lib/index.js:11066:21)
      at TypeScriptParserMixin.parseMaybeUnary (/home/lujingwei/DB-HA-Manager/frontend/node_modules/@babel/parser/lib/index.js:11046:23)
      at TypeScriptParserMixin.parseMaybeUnary (/home/lujingwei/DB-HA-Manager/frontend/node_modules/@babel/parser/lib/index.js:9837:18)
      at TypeScriptParserMixin.parseMaybeUnaryOrPrivate (/home/lujingwei/DB-HA-Manager/frontend/node_modules/@babel/parser/lib/index.js:10899:61)
      at TypeScriptParserMixin.parseExprOps (/home/lujingwei/DB-HA-Manager/frontend/node_modules/@babel/parser/lib/index.js:10904:23)
      at TypeScriptParserMixin.parseMaybeConditional (/home/lujingwei/DB-HA-Manager/frontend/node_modules/@babel/parser/lib/index.js:10881:23)
      at TypeScriptParserMixin.parseMaybeAssign (/home/lujingwei/DB-HA-Manager/frontend/node_modules/@babel/parser/lib/index.js:10831:21)
      at /home/lujingwei/DB-HA-Manager/frontend/node_modules/@babel/parser/lib/index.js:9775:39
      at TypeScriptParserMixin.tryParse (/home/lujingwei/DB-HA-Manager/frontend/node_modules/@babel/parser/lib/index.js:6907:20)
      at TypeScriptParserMixin.parseMaybeAssign (/home/lujingwei/DB-HA-Manager/frontend/node_modules/@babel/parser/lib/index.js:9775:18)
      at /home/lujingwei/DB-HA-Manager/frontend/node_modules/@babel/parser/lib/index.js:10800:39
      at TypeScriptParserMixin.allowInAnd (/home/lujingwei/DB-HA-Manager/frontend/node_modules/@babel/parser/lib/index.js:12426:12)
      at TypeScriptParserMixin.parseMaybeAssignAllowIn (/home/lujingwei/DB-HA-Manager/frontend/node_modules/@babel/parser/lib/index.js:10800:17)
      at TypeScriptParserMixin.parseMaybeAssignAllowInOrVoidPattern (/home/lujingwei/DB-HA-Manager/frontend/node_modules/@babel/parser/lib/index.js:12493:17)
      at TypeScriptParserMixin.parseParenAndDistinguishExpression (/home/lujingwei/DB-HA-Manager/frontend/node_modules/@babel/parser/lib/index.js:11675:28)
      at TypeScriptParserMixin.parseExprAtom (/home/lujingwei/DB-HA-Manager/frontend/node_modules/@babel/parser/lib/index.js:11331:23)
      at TypeScriptParserMixin.parseExprAtom (/home/lujingwei/DB-HA-Manager/frontend/node_modules/@babel/parser/lib/index.js:4764:20)
      at TypeScriptParserMixin.parseExprSubscripts (/home/lujingwei/DB-HA-Manager/frontend/node_modules/@babel/parser/lib/index.js:11081:23)
      at TypeScriptParserMixin.parseUpdate (/home/lujingwei/DB-HA-Manager/frontend/node_modules/@babel/parser/lib/index.js:11066:21)
      at TypeScriptParserMixin.parseMaybeUnary (/home/lujingwei/DB-HA-Manager/frontend/node_modules/@babel/parser/lib/index.js:11046:23)
      at TypeScriptParserMixin.parseMaybeUnary (/home/lujingwei/DB-HA-Manager/frontend/node_modules/@babel/parser/lib/index.js:9837:18)
      at TypeScriptParserMixin.parseMaybeUnaryOrPrivate (/home/lujingwei/DB-HA-Manager/frontend/node_modules/@babel/parser/lib/index.js:10899:61)
      at TypeScriptParserMixin.parseExprOps (/home/lujingwei/DB-HA-Manager/frontend/node_modules/@babel/parser/lib/index.js:10904:23)
      at TypeScriptParserMixin.parseMaybeConditional (/home/lujingwei/DB-HA-Manager/frontend/node_modules/@babel/parser/lib/index.js:10881:23)
      at TypeScriptParserMixin.parseMaybeAssign (/home/lujingwei/DB-HA-Manager/frontend/node_modules/@babel/parser/lib/index.js:10831:21)
      at TypeScriptParserMixin.parseMaybeAssign (/home/lujingwei/DB-HA-Manager/frontend/node_modules/@babel/parser/lib/index.js:9786:20)
      at /home/lujingwei/DB-HA-Manager/frontend/node_modules/@babel/parser/lib/index.js:10800:39
      at TypeScriptParserMixin.allowInAnd (/home/lujingwei/DB-HA-Manager/frontend/node_modules/@babel/parser/lib/index.js:12426:12)
      at TypeScriptParserMixin.parseMaybeAssignAllowIn (/home/lujingwei/DB-HA-Manager/frontend/node_modules/@babel/parser/lib/index.js:10800:17)
      at TypeScriptParserMixin.parseMaybeAssignAllowInOrVoidPattern (/home/lujingwei/DB-HA-Manager/frontend/node_modules/@babel/parser/lib/index.js:12493:17)
      at TypeScriptParserMixin.parseObjectProperty (/home/lujingwei/DB-HA-Manager/frontend/node_modules/@babel/parser/lib/index.js:11950:83)
      at TypeScriptParserMixin.parseObjPropValue (/home/lujingwei/DB-HA-Manager/frontend/node_modules/@babel/parser/lib/index.js:11978:100)
3:54:10 PM [vite] hmr update /src/pages/SetupWizard.tsx
3:54:10 PM [vite] Internal server error: /home/lujingwei/DB-HA-Manager/frontend/src/pages/SetupWizard.tsx: Expecting Unicode escape sequence \uXXXX. (995:28)

  993 |         title: '主备 IP 相同',
  994 |         content: (
> 995 |           <Space direction=\"vertical\" size={8}>
      |                             ^
  996 |             <Text>主备同机存在数据风险，请确认您已理解风险。</Text>
  997 |             <Text type=\"secondary\">继续将沿用单机路径策略，请确保具备隔离与备份计划。</Text>
  998 |           </Space>
  Plugin: vite:react-babel
  File: /home/lujingwei/DB-HA-Manager/frontend/src/pages/SetupWizard.tsx:995:28
  993|          title: '主备 IP 相同',
  994|          content: (
  995|            <Space direction=\"vertical\" size={8}>
     |                              ^
  996|              <Text>主备同机存在数据风险，请确认您已理解风险。</Text>
  997|              <Text type=\"secondary\">继续将沿用单机路径策略，请确保具备隔离与备份计划。</Text>
      at constructor (/home/lujingwei/DB-HA-Manager/frontend/node_modules/@babel/parser/lib/index.js:365:19)
      at TypeScriptParserMixin.raise (/home/lujingwei/DB-HA-Manager/frontend/node_modules/@babel/parser/lib/index.js:6599:19)
      at TypeScriptParserMixin.readWord1 (/home/lujingwei/DB-HA-Manager/frontend/node_modules/@babel/parser/lib/index.js:6559:16)
      at TypeScriptParserMixin.readWord (/home/lujingwei/DB-HA-Manager/frontend/node_modules/@babel/parser/lib/index.js:6579:23)
      at TypeScriptParserMixin.getTokenFromCode (/home/lujingwei/DB-HA-Manager/frontend/node_modules/@babel/parser/lib/index.js:6298:14)
      at TypeScriptParserMixin.getTokenFromCode (/home/lujingwei/DB-HA-Manager/frontend/node_modules/@babel/parser/lib/index.js:4797:11)
      at TypeScriptParserMixin.getTokenFromCode (/home/lujingwei/DB-HA-Manager/frontend/node_modules/@babel/parser/lib/index.js:9987:11)
      at TypeScriptParserMixin.nextToken (/home/lujingwei/DB-HA-Manager/frontend/node_modules/@babel/parser/lib/index.js:5782:10)
      at TypeScriptParserMixin.next (/home/lujingwei/DB-HA-Manager/frontend/node_modules/@babel/parser/lib/index.js:5692:10)
      at TypeScriptParserMixin.eat (/home/lujingwei/DB-HA-Manager/frontend/node_modules/@babel/parser/lib/index.js:5696:12)
      at TypeScriptParserMixin.jsxParseAttribute (/home/lujingwei/DB-HA-Manager/frontend/node_modules/@babel/parser/lib/index.js:4653:23)
      at TypeScriptParserMixin.jsxParseOpeningElementAfterName (/home/lujingwei/DB-HA-Manager/frontend/node_modules/@babel/parser/lib/index.js:4667:28)
      at TypeScriptParserMixin.jsxParseOpeningElementAfterName (/home/lujingwei/DB-HA-Manager/frontend/node_modules/@babel/parser/lib/index.js:10043:18)
      at TypeScriptParserMixin.jsxParseOpeningElementAt (/home/lujingwei/DB-HA-Manager/frontend/node_modules/@babel/parser/lib/index.js:4662:17)
      at TypeScriptParserMixin.jsxParseElementAt (/home/lujingwei/DB-HA-Manager/frontend/node_modules/@babel/parser/lib/index.js:4686:33)
      at TypeScriptParserMixin.jsxParseElement (/home/lujingwei/DB-HA-Manager/frontend/node_modules/@babel/parser/lib/index.js:4749:17)
      at TypeScriptParserMixin.parseExprAtom (/home/lujingwei/DB-HA-Manager/frontend/node_modules/@babel/parser/lib/index.js:4759:19)
      at TypeScriptParserMixin.parseExprSubscripts (/home/lujingwei/DB-HA-Manager/frontend/node_modules/@babel/parser/lib/index.js:11081:23)
      at TypeScriptParserMixin.parseUpdate (/home/lujingwei/DB-HA-Manager/frontend/node_modules/@babel/parser/lib/index.js:11066:21)
      at TypeScriptParserMixin.parseMaybeUnary (/home/lujingwei/DB-HA-Manager/frontend/node_modules/@babel/parser/lib/index.js:11046:23)
      at TypeScriptParserMixin.parseMaybeUnary (/home/lujingwei/DB-HA-Manager/frontend/node_modules/@babel/parser/lib/index.js:9837:18)
      at TypeScriptParserMixin.parseMaybeUnaryOrPrivate (/home/lujingwei/DB-HA-Manager/frontend/node_modules/@babel/parser/lib/index.js:10899:61)
      at TypeScriptParserMixin.parseExprOps (/home/lujingwei/DB-HA-Manager/frontend/node_modules/@babel/parser/lib/index.js:10904:23)
      at TypeScriptParserMixin.parseMaybeConditional (/home/lujingwei/DB-HA-Manager/frontend/node_modules/@babel/parser/lib/index.js:10881:23)
      at TypeScriptParserMixin.parseMaybeAssign (/home/lujingwei/DB-HA-Manager/frontend/node_modules/@babel/parser/lib/index.js:10831:21)
      at /home/lujingwei/DB-HA-Manager/frontend/node_modules/@babel/parser/lib/index.js:9775:39
      at TypeScriptParserMixin.tryParse (/home/lujingwei/DB-HA-Manager/frontend/node_modules/@babel/parser/lib/index.js:6907:20)
      at TypeScriptParserMixin.parseMaybeAssign (/home/lujingwei/DB-HA-Manager/frontend/node_modules/@babel/parser/lib/index.js:9775:18)
      at /home/lujingwei/DB-HA-Manager/frontend/node_modules/@babel/parser/lib/index.js:10800:39
      at TypeScriptParserMixin.allowInAnd (/home/lujingwei/DB-HA-Manager/frontend/node_modules/@babel/parser/lib/index.js:12426:12)
      at TypeScriptParserMixin.parseMaybeAssignAllowIn (/home/lujingwei/DB-HA-Manager/frontend/node_modules/@babel/parser/lib/index.js:10800:17)
      at TypeScriptParserMixin.parseMaybeAssignAllowInOrVoidPattern (/home/lujingwei/DB-HA-Manager/frontend/node_modules/@babel/parser/lib/index.js:12493:17)
      at TypeScriptParserMixin.parseParenAndDistinguishExpression (/home/lujingwei/DB-HA-Manager/frontend/node_modules/@babel/parser/lib/index.js:11675:28)
      at TypeScriptParserMixin.parseExprAtom (/home/lujingwei/DB-HA-Manager/frontend/node_modules/@babel/parser/lib/index.js:11331:23)
      at TypeScriptParserMixin.parseExprAtom (/home/lujingwei/DB-HA-Manager/frontend/node_modules/@babel/parser/lib/index.js:4764:20)
      at TypeScriptParserMixin.parseExprSubscripts (/home/lujingwei/DB-HA-Manager/frontend/node_modules/@babel/parser/lib/index.js:11081:23)
      at TypeScriptParserMixin.parseUpdate (/home/lujingwei/DB-HA-Manager/frontend/node_modules/@babel/parser/lib/index.js:11066:21)
      at TypeScriptParserMixin.parseMaybeUnary (/home/lujingwei/DB-HA-Manager/frontend/node_modules/@babel/parser/lib/index.js:11046:23)
      at TypeScriptParserMixin.parseMaybeUnary (/home/lujingwei/DB-HA-Manager/frontend/node_modules/@babel/parser/lib/index.js:9837:18)
      at TypeScriptParserMixin.parseMaybeUnaryOrPrivate (/home/lujingwei/DB-HA-Manager/frontend/node_modules/@babel/parser/lib/index.js:10899:61)
      at TypeScriptParserMixin.parseExprOps (/home/lujingwei/DB-HA-Manager/frontend/node_modules/@babel/parser/lib/index.js:10904:23)
      at TypeScriptParserMixin.parseMaybeConditional (/home/lujingwei/DB-HA-Manager/frontend/node_modules/@babel/parser/lib/index.js:10881:23)
      at TypeScriptParserMixin.parseMaybeAssign (/home/lujingwei/DB-HA-Manager/frontend/node_modules/@babel/parser/lib/index.js:10831:21)
      at TypeScriptParserMixin.parseMaybeAssign (/home/lujingwei/DB-HA-Manager/frontend/node_modules/@babel/parser/lib/index.js:9786:20)
      at /home/lujingwei/DB-HA-Manager/frontend/node_modules/@babel/parser/lib/index.js:10800:39
      at TypeScriptParserMixin.allowInAnd (/home/lujingwei/DB-HA-Manager/frontend/node_modules/@babel/parser/lib/index.js:12426:12)
      at TypeScriptParserMixin.parseMaybeAssignAllowIn (/home/lujingwei/DB-HA-Manager/frontend/node_modules/@babel/parser/lib/index.js:10800:17)
      at TypeScriptParserMixin.parseMaybeAssignAllowInOrVoidPattern (/home/lujingwei/DB-HA-Manager/frontend/node_modules/@babel/parser/lib/index.js:12493:17)
      at TypeScriptParserMixin.parseObjectProperty (/home/lujingwei/DB-HA-Manager/frontend/node_modules/@babel/parser/lib/index.js:11950:83)
      at TypeScriptParserMixin.parseObjPropValue (/home/lujingwei/DB-HA-Manager/frontend/node_modules/@babel/parser/lib/index.js:11978:100)
3:54:38 PM [vite] hmr update /src/pages/SetupWizard.tsx
3:54:38 PM [vite] Internal server error: /home/lujingwei/DB-HA-Manager/frontend/src/pages/SetupWizard.tsx: Expecting Unicode escape sequence \uXXXX. (995:28)

  993 |         title: '主备 IP 相同',
  994 |         content: (
> 995 |           <Space direction=\"vertical\" size={8}>
      |                             ^
  996 |             <Text>主备同机存在数据风险，请确认您已理解风险。</Text>
  997 |             <Text type=\"secondary\">继续将沿用单机路径策略，请确保具备隔离与备份计划。</Text>
  998 |           </Space>
  Plugin: vite:react-babel
  File: /home/lujingwei/DB-HA-Manager/frontend/src/pages/SetupWizard.tsx:995:28
  993|          title: '主备 IP 相同',
  994|          content: (
  995|            <Space direction=\"vertical\" size={8}>
     |                              ^
  996|              <Text>主备同机存在数据风险，请确认您已理解风险。</Text>
  997|              <Text type=\"secondary\">继续将沿用单机路径策略，请确保具备隔离与备份计划。</Text>
      at constructor (/home/lujingwei/DB-HA-Manager/frontend/node_modules/@babel/parser/lib/index.js:365:19)
      at TypeScriptParserMixin.raise (/home/lujingwei/DB-HA-Manager/frontend/node_modules/@babel/parser/lib/index.js:6599:19)
      at TypeScriptParserMixin.readWord1 (/home/lujingwei/DB-HA-Manager/frontend/node_modules/@babel/parser/lib/index.js:6559:16)
      at TypeScriptParserMixin.readWord (/home/lujingwei/DB-HA-Manager/frontend/node_modules/@babel/parser/lib/index.js:6579:23)
      at TypeScriptParserMixin.getTokenFromCode (/home/lujingwei/DB-HA-Manager/frontend/node_modules/@babel/parser/lib/index.js:6298:14)
      at TypeScriptParserMixin.getTokenFromCode (/home/lujingwei/DB-HA-Manager/frontend/node_modules/@babel/parser/lib/index.js:4797:11)
      at TypeScriptParserMixin.getTokenFromCode (/home/lujingwei/DB-HA-Manager/frontend/node_modules/@babel/parser/lib/index.js:9987:11)
      at TypeScriptParserMixin.nextToken (/home/lujingwei/DB-HA-Manager/frontend/node_modules/@babel/parser/lib/index.js:5782:10)
      at TypeScriptParserMixin.next (/home/lujingwei/DB-HA-Manager/frontend/node_modules/@babel/parser/lib/index.js:5692:10)
      at TypeScriptParserMixin.eat (/home/lujingwei/DB-HA-Manager/frontend/node_modules/@babel/parser/lib/index.js:5696:12)
      at TypeScriptParserMixin.jsxParseAttribute (/home/lujingwei/DB-HA-Manager/frontend/node_modules/@babel/parser/lib/index.js:4653:23)
      at TypeScriptParserMixin.jsxParseOpeningElementAfterName (/home/lujingwei/DB-HA-Manager/frontend/node_modules/@babel/parser/lib/index.js:4667:28)
      at TypeScriptParserMixin.jsxParseOpeningElementAfterName (/home/lujingwei/DB-HA-Manager/frontend/node_modules/@babel/parser/lib/index.js:10043:18)
      at TypeScriptParserMixin.jsxParseOpeningElementAt (/home/lujingwei/DB-HA-Manager/frontend/node_modules/@babel/parser/lib/index.js:4662:17)
      at TypeScriptParserMixin.jsxParseElementAt (/home/lujingwei/DB-HA-Manager/frontend/node_modules/@babel/parser/lib/index.js:4686:33)
      at TypeScriptParserMixin.jsxParseElement (/home/lujingwei/DB-HA-Manager/frontend/node_modules/@babel/parser/lib/index.js:4749:17)
      at TypeScriptParserMixin.parseExprAtom (/home/lujingwei/DB-HA-Manager/frontend/node_modules/@babel/parser/lib/index.js:4759:19)
      at TypeScriptParserMixin.parseExprSubscripts (/home/lujingwei/DB-HA-Manager/frontend/node_modules/@babel/parser/lib/index.js:11081:23)
      at TypeScriptParserMixin.parseUpdate (/home/lujingwei/DB-HA-Manager/frontend/node_modules/@babel/parser/lib/index.js:11066:21)
      at TypeScriptParserMixin.parseMaybeUnary (/home/lujingwei/DB-HA-Manager/frontend/node_modules/@babel/parser/lib/index.js:11046:23)
      at TypeScriptParserMixin.parseMaybeUnary (/home/lujingwei/DB-HA-Manager/frontend/node_modules/@babel/parser/lib/index.js:9837:18)
      at TypeScriptParserMixin.parseMaybeUnaryOrPrivate (/home/lujingwei/DB-HA-Manager/frontend/node_modules/@babel/parser/lib/index.js:10899:61)
      at TypeScriptParserMixin.parseExprOps (/home/lujingwei/DB-HA-Manager/frontend/node_modules/@babel/parser/lib/index.js:10904:23)
      at TypeScriptParserMixin.parseMaybeConditional (/home/lujingwei/DB-HA-Manager/frontend/node_modules/@babel/parser/lib/index.js:10881:23)
      at TypeScriptParserMixin.parseMaybeAssign (/home/lujingwei/DB-HA-Manager/frontend/node_modules/@babel/parser/lib/index.js:10831:21)
      at /home/lujingwei/DB-HA-Manager/frontend/node_modules/@babel/parser/lib/index.js:9775:39
      at TypeScriptParserMixin.tryParse (/home/lujingwei/DB-HA-Manager/frontend/node_modules/@babel/parser/lib/index.js:6907:20)
      at TypeScriptParserMixin.parseMaybeAssign (/home/lujingwei/DB-HA-Manager/frontend/node_modules/@babel/parser/lib/index.js:9775:18)
      at /home/lujingwei/DB-HA-Manager/frontend/node_modules/@babel/parser/lib/index.js:10800:39
      at TypeScriptParserMixin.allowInAnd (/home/lujingwei/DB-HA-Manager/frontend/node_modules/@babel/parser/lib/index.js:12426:12)
      at TypeScriptParserMixin.parseMaybeAssignAllowIn (/home/lujingwei/DB-HA-Manager/frontend/node_modules/@babel/parser/lib/index.js:10800:17)
      at TypeScriptParserMixin.parseMaybeAssignAllowInOrVoidPattern (/home/lujingwei/DB-HA-Manager/frontend/node_modules/@babel/parser/lib/index.js:12493:17)
      at TypeScriptParserMixin.parseParenAndDistinguishExpression (/home/lujingwei/DB-HA-Manager/frontend/node_modules/@babel/parser/lib/index.js:11675:28)
      at TypeScriptParserMixin.parseExprAtom (/home/lujingwei/DB-HA-Manager/frontend/node_modules/@babel/parser/lib/index.js:11331:23)
      at TypeScriptParserMixin.parseExprAtom (/home/lujingwei/DB-HA-Manager/frontend/node_modules/@babel/parser/lib/index.js:4764:20)
      at TypeScriptParserMixin.parseExprSubscripts (/home/lujingwei/DB-HA-Manager/frontend/node_modules/@babel/parser/lib/index.js:11081:23)
      at TypeScriptParserMixin.parseUpdate (/home/lujingwei/DB-HA-Manager/frontend/node_modules/@babel/parser/lib/index.js:11066:21)
      at TypeScriptParserMixin.parseMaybeUnary (/home/lujingwei/DB-HA-Manager/frontend/node_modules/@babel/parser/lib/index.js:11046:23)
      at TypeScriptParserMixin.parseMaybeUnary (/home/lujingwei/DB-HA-Manager/frontend/node_modules/@babel/parser/lib/index.js:9837:18)
      at TypeScriptParserMixin.parseMaybeUnaryOrPrivate (/home/lujingwei/DB-HA-Manager/frontend/node_modules/@babel/parser/lib/index.js:10899:61)
      at TypeScriptParserMixin.parseExprOps (/home/lujingwei/DB-HA-Manager/frontend/node_modules/@babel/parser/lib/index.js:10904:23)
      at TypeScriptParserMixin.parseMaybeConditional (/home/lujingwei/DB-HA-Manager/frontend/node_modules/@babel/parser/lib/index.js:10881:23)
      at TypeScriptParserMixin.parseMaybeAssign (/home/lujingwei/DB-HA-Manager/frontend/node_modules/@babel/parser/lib/index.js:10831:21)
      at TypeScriptParserMixin.parseMaybeAssign (/home/lujingwei/DB-HA-Manager/frontend/node_modules/@babel/parser/lib/index.js:9786:20)
      at /home/lujingwei/DB-HA-Manager/frontend/node_modules/@babel/parser/lib/index.js:10800:39
      at TypeScriptParserMixin.allowInAnd (/home/lujingwei/DB-HA-Manager/frontend/node_modules/@babel/parser/lib/index.js:12426:12)
      at TypeScriptParserMixin.parseMaybeAssignAllowIn (/home/lujingwei/DB-HA-Manager/frontend/node_modules/@babel/parser/lib/index.js:10800:17)
      at TypeScriptParserMixin.parseMaybeAssignAllowInOrVoidPattern (/home/lujingwei/DB-HA-Manager/frontend/node_modules/@babel/parser/lib/index.js:12493:17)
      at TypeScriptParserMixin.parseObjectProperty (/home/lujingwei/DB-HA-Manager/frontend/node_modules/@babel/parser/lib/index.js:11950:83)
      at TypeScriptParserMixin.parseObjPropValue (/home/lujingwei/DB-HA-Manager/frontend/node_modules/@babel/parser/lib/index.js:11978:100)
3:54:41 PM [vite] hmr update /src/pages/SetupWizard.tsx
3:54:41 PM [vite] Internal server error: /home/lujingwei/DB-HA-Manager/frontend/src/pages/SetupWizard.tsx: Expecting Unicode escape sequence \uXXXX. (995:28)

  993 |         title: '主备 IP 相同',
  994 |         content: (
> 995 |           <Space direction=\"vertical\" size={8}>
      |                             ^
  996 |             <Text>主备同机存在数据风险，请确认您已理解风险。</Text>
  997 |             <Text type=\"secondary\">继续将沿用单机路径策略，请确保具备隔离与备份计划。</Text>
  998 |           </Space>
  Plugin: vite:react-babel
  File: /home/lujingwei/DB-HA-Manager/frontend/src/pages/SetupWizard.tsx:995:28
  993|          title: '主备 IP 相同',
  994|          content: (
  995|            <Space direction=\"vertical\" size={8}>
     |                              ^
  996|              <Text>主备同机存在数据风险，请确认您已理解风险。</Text>
  997|              <Text type=\"secondary\">继续将沿用单机路径策略，请确保具备隔离与备份计划。</Text>
      at constructor (/home/lujingwei/DB-HA-Manager/frontend/node_modules/@babel/parser/lib/index.js:365:19)
      at TypeScriptParserMixin.raise (/home/lujingwei/DB-HA-Manager/frontend/node_modules/@babel/parser/lib/index.js:6599:19)
      at TypeScriptParserMixin.readWord1 (/home/lujingwei/DB-HA-Manager/frontend/node_modules/@babel/parser/lib/index.js:6559:16)
      at TypeScriptParserMixin.readWord (/home/lujingwei/DB-HA-Manager/frontend/node_modules/@babel/parser/lib/index.js:6579:23)
      at TypeScriptParserMixin.getTokenFromCode (/home/lujingwei/DB-HA-Manager/frontend/node_modules/@babel/parser/lib/index.js:6298:14)
      at TypeScriptParserMixin.getTokenFromCode (/home/lujingwei/DB-HA-Manager/frontend/node_modules/@babel/parser/lib/index.js:4797:11)
      at TypeScriptParserMixin.getTokenFromCode (/home/lujingwei/DB-HA-Manager/frontend/node_modules/@babel/parser/lib/index.js:9987:11)
      at TypeScriptParserMixin.nextToken (/home/lujingwei/DB-HA-Manager/frontend/node_modules/@babel/parser/lib/index.js:5782:10)
      at TypeScriptParserMixin.next (/home/lujingwei/DB-HA-Manager/frontend/node_modules/@babel/parser/lib/index.js:5692:10)
      at TypeScriptParserMixin.eat (/home/lujingwei/DB-HA-Manager/frontend/node_modules/@babel/parser/lib/index.js:5696:12)
      at TypeScriptParserMixin.jsxParseAttribute (/home/lujingwei/DB-HA-Manager/frontend/node_modules/@babel/parser/lib/index.js:4653:23)
      at TypeScriptParserMixin.jsxParseOpeningElementAfterName (/home/lujingwei/DB-HA-Manager/frontend/node_modules/@babel/parser/lib/index.js:4667:28)
      at TypeScriptParserMixin.jsxParseOpeningElementAfterName (/home/lujingwei/DB-HA-Manager/frontend/node_modules/@babel/parser/lib/index.js:10043:18)
      at TypeScriptParserMixin.jsxParseOpeningElementAt (/home/lujingwei/DB-HA-Manager/frontend/node_modules/@babel/parser/lib/index.js:4662:17)
      at TypeScriptParserMixin.jsxParseElementAt (/home/lujingwei/DB-HA-Manager/frontend/node_modules/@babel/parser/lib/index.js:4686:33)
      at TypeScriptParserMixin.jsxParseElement (/home/lujingwei/DB-HA-Manager/frontend/node_modules/@babel/parser/lib/index.js:4749:17)
      at TypeScriptParserMixin.parseExprAtom (/home/lujingwei/DB-HA-Manager/frontend/node_modules/@babel/parser/lib/index.js:4759:19)
      at TypeScriptParserMixin.parseExprSubscripts (/home/lujingwei/DB-HA-Manager/frontend/node_modules/@babel/parser/lib/index.js:11081:23)
      at TypeScriptParserMixin.parseUpdate (/home/lujingwei/DB-HA-Manager/frontend/node_modules/@babel/parser/lib/index.js:11066:21)
      at TypeScriptParserMixin.parseMaybeUnary (/home/lujingwei/DB-HA-Manager/frontend/node_modules/@babel/parser/lib/index.js:11046:23)
      at TypeScriptParserMixin.parseMaybeUnary (/home/lujingwei/DB-HA-Manager/frontend/node_modules/@babel/parser/lib/index.js:9837:18)
      at TypeScriptParserMixin.parseMaybeUnaryOrPrivate (/home/lujingwei/DB-HA-Manager/frontend/node_modules/@babel/parser/lib/index.js:10899:61)
      at TypeScriptParserMixin.parseExprOps (/home/lujingwei/DB-HA-Manager/frontend/node_modules/@babel/parser/lib/index.js:10904:23)
      at TypeScriptParserMixin.parseMaybeConditional (/home/lujingwei/DB-HA-Manager/frontend/node_modules/@babel/parser/lib/index.js:10881:23)
      at TypeScriptParserMixin.parseMaybeAssign (/home/lujingwei/DB-HA-Manager/frontend/node_modules/@babel/parser/lib/index.js:10831:21)
      at /home/lujingwei/DB-HA-Manager/frontend/node_modules/@babel/parser/lib/index.js:9775:39
      at TypeScriptParserMixin.tryParse (/home/lujingwei/DB-HA-Manager/frontend/node_modules/@babel/parser/lib/index.js:6907:20)
      at TypeScriptParserMixin.parseMaybeAssign (/home/lujingwei/DB-HA-Manager/frontend/node_modules/@babel/parser/lib/index.js:9775:18)
      at /home/lujingwei/DB-HA-Manager/frontend/node_modules/@babel/parser/lib/index.js:10800:39
      at TypeScriptParserMixin.allowInAnd (/home/lujingwei/DB-HA-Manager/frontend/node_modules/@babel/parser/lib/index.js:12426:12)
      at TypeScriptParserMixin.parseMaybeAssignAllowIn (/home/lujingwei/DB-HA-Manager/frontend/node_modules/@babel/parser/lib/index.js:10800:17)
      at TypeScriptParserMixin.parseMaybeAssignAllowInOrVoidPattern (/home/lujingwei/DB-HA-Manager/frontend/node_modules/@babel/parser/lib/index.js:12493:17)
      at TypeScriptParserMixin.parseParenAndDistinguishExpression (/home/lujingwei/DB-HA-Manager/frontend/node_modules/@babel/parser/lib/index.js:11675:28)
      at TypeScriptParserMixin.parseExprAtom (/home/lujingwei/DB-HA-Manager/frontend/node_modules/@babel/parser/lib/index.js:11331:23)
      at TypeScriptParserMixin.parseExprAtom (/home/lujingwei/DB-HA-Manager/frontend/node_modules/@babel/parser/lib/index.js:4764:20)
      at TypeScriptParserMixin.parseExprSubscripts (/home/lujingwei/DB-HA-Manager/frontend/node_modules/@babel/parser/lib/index.js:11081:23)
      at TypeScriptParserMixin.parseUpdate (/home/lujingwei/DB-HA-Manager/frontend/node_modules/@babel/parser/lib/index.js:11066:21)
      at TypeScriptParserMixin.parseMaybeUnary (/home/lujingwei/DB-HA-Manager/frontend/node_modules/@babel/parser/lib/index.js:11046:23)
      at TypeScriptParserMixin.parseMaybeUnary (/home/lujingwei/DB-HA-Manager/frontend/node_modules/@babel/parser/lib/index.js:9837:18)
      at TypeScriptParserMixin.parseMaybeUnaryOrPrivate (/home/lujingwei/DB-HA-Manager/frontend/node_modules/@babel/parser/lib/index.js:10899:61)
      at TypeScriptParserMixin.parseExprOps (/home/lujingwei/DB-HA-Manager/frontend/node_modules/@babel/parser/lib/index.js:10904:23)
      at TypeScriptParserMixin.parseMaybeConditional (/home/lujingwei/DB-HA-Manager/frontend/node_modules/@babel/parser/lib/index.js:10881:23)
      at TypeScriptParserMixin.parseMaybeAssign (/home/lujingwei/DB-HA-Manager/frontend/node_modules/@babel/parser/lib/index.js:10831:21)
      at TypeScriptParserMixin.parseMaybeAssign (/home/lujingwei/DB-HA-Manager/frontend/node_modules/@babel/parser/lib/index.js:9786:20)
      at /home/lujingwei/DB-HA-Manager/frontend/node_modules/@babel/parser/lib/index.js:10800:39
      at TypeScriptParserMixin.allowInAnd (/home/lujingwei/DB-HA-Manager/frontend/node_modules/@babel/parser/lib/index.js:12426:12)
      at TypeScriptParserMixin.parseMaybeAssignAllowIn (/home/lujingwei/DB-HA-Manager/frontend/node_modules/@babel/parser/lib/index.js:10800:17)
      at TypeScriptParserMixin.parseMaybeAssignAllowInOrVoidPattern (/home/lujingwei/DB-HA-Manager/frontend/node_modules/@babel/parser/lib/index.js:12493:17)
      at TypeScriptParserMixin.parseObjectProperty (/home/lujingwei/DB-HA-Manager/frontend/node_modules/@babel/parser/lib/index.js:11950:83)
      at TypeScriptParserMixin.parseObjPropValue (/home/lujingwei/DB-HA-Manager/frontend/node_modules/@babel/parser/lib/index.js:11978:100)
3:54:45 PM [vite] hmr update /src/pages/SetupWizard.tsx
3:54:45 PM [vite] Internal server error: /home/lujingwei/DB-HA-Manager/frontend/src/pages/SetupWizard.tsx: Expecting Unicode escape sequence \uXXXX. (995:28)

  993 |         title: '主备 IP 相同',
  994 |         content: (
> 995 |           <Space direction=\"vertical\" size={8}>
      |                             ^
  996 |             <Text>主备同机存在数据风险，请确认您已理解风险。</Text>
  997 |             <Text type=\"secondary\">继续将沿用单机路径策略，请确保具备隔离与备份计划。</Text>
  998 |           </Space>
  Plugin: vite:react-babel
  File: /home/lujingwei/DB-HA-Manager/frontend/src/pages/SetupWizard.tsx:995:28
  993|          title: '主备 IP 相同',
  994|          content: (
  995|            <Space direction=\"vertical\" size={8}>
     |                              ^
  996|              <Text>主备同机存在数据风险，请确认您已理解风险。</Text>
  997|              <Text type=\"secondary\">继续将沿用单机路径策略，请确保具备隔离与备份计划。</Text>
      at constructor (/home/lujingwei/DB-HA-Manager/frontend/node_modules/@babel/parser/lib/index.js:365:19)
      at TypeScriptParserMixin.raise (/home/lujingwei/DB-HA-Manager/frontend/node_modules/@babel/parser/lib/index.js:6599:19)
      at TypeScriptParserMixin.readWord1 (/home/lujingwei/DB-HA-Manager/frontend/node_modules/@babel/parser/lib/index.js:6559:16)
      at TypeScriptParserMixin.readWord (/home/lujingwei/DB-HA-Manager/frontend/node_modules/@babel/parser/lib/index.js:6579:23)
      at TypeScriptParserMixin.getTokenFromCode (/home/lujingwei/DB-HA-Manager/frontend/node_modules/@babel/parser/lib/index.js:6298:14)
      at TypeScriptParserMixin.getTokenFromCode (/home/lujingwei/DB-HA-Manager/frontend/node_modules/@babel/parser/lib/index.js:4797:11)
      at TypeScriptParserMixin.getTokenFromCode (/home/lujingwei/DB-HA-Manager/frontend/node_modules/@babel/parser/lib/index.js:9987:11)
      at TypeScriptParserMixin.nextToken (/home/lujingwei/DB-HA-Manager/frontend/node_modules/@babel/parser/lib/index.js:5782:10)
      at TypeScriptParserMixin.next (/home/lujingwei/DB-HA-Manager/frontend/node_modules/@babel/parser/lib/index.js:5692:10)
      at TypeScriptParserMixin.eat (/home/lujingwei/DB-HA-Manager/frontend/node_modules/@babel/parser/lib/index.js:5696:12)
      at TypeScriptParserMixin.jsxParseAttribute (/home/lujingwei/DB-HA-Manager/frontend/node_modules/@babel/parser/lib/index.js:4653:23)
      at TypeScriptParserMixin.jsxParseOpeningElementAfterName (/home/lujingwei/DB-HA-Manager/frontend/node_modules/@babel/parser/lib/index.js:4667:28)
      at TypeScriptParserMixin.jsxParseOpeningElementAfterName (/home/lujingwei/DB-HA-Manager/frontend/node_modules/@babel/parser/lib/index.js:10043:18)
      at TypeScriptParserMixin.jsxParseOpeningElementAt (/home/lujingwei/DB-HA-Manager/frontend/node_modules/@babel/parser/lib/index.js:4662:17)
      at TypeScriptParserMixin.jsxParseElementAt (/home/lujingwei/DB-HA-Manager/frontend/node_modules/@babel/parser/lib/index.js:4686:33)
      at TypeScriptParserMixin.jsxParseElement (/home/lujingwei/DB-HA-Manager/frontend/node_modules/@babel/parser/lib/index.js:4749:17)
      at TypeScriptParserMixin.parseExprAtom (/home/lujingwei/DB-HA-Manager/frontend/node_modules/@babel/parser/lib/index.js:4759:19)
      at TypeScriptParserMixin.parseExprSubscripts (/home/lujingwei/DB-HA-Manager/frontend/node_modules/@babel/parser/lib/index.js:11081:23)
      at TypeScriptParserMixin.parseUpdate (/home/lujingwei/DB-HA-Manager/frontend/node_modules/@babel/parser/lib/index.js:11066:21)
      at TypeScriptParserMixin.parseMaybeUnary (/home/lujingwei/DB-HA-Manager/frontend/node_modules/@babel/parser/lib/index.js:11046:23)
      at TypeScriptParserMixin.parseMaybeUnary (/home/lujingwei/DB-HA-Manager/frontend/node_modules/@babel/parser/lib/index.js:9837:18)
      at TypeScriptParserMixin.parseMaybeUnaryOrPrivate (/home/lujingwei/DB-HA-Manager/frontend/node_modules/@babel/parser/lib/index.js:10899:61)
      at TypeScriptParserMixin.parseExprOps (/home/lujingwei/DB-HA-Manager/frontend/node_modules/@babel/parser/lib/index.js:10904:23)
      at TypeScriptParserMixin.parseMaybeConditional (/home/lujingwei/DB-HA-Manager/frontend/node_modules/@babel/parser/lib/index.js:10881:23)
      at TypeScriptParserMixin.parseMaybeAssign (/home/lujingwei/DB-HA-Manager/frontend/node_modules/@babel/parser/lib/index.js:10831:21)
      at /home/lujingwei/DB-HA-Manager/frontend/node_modules/@babel/parser/lib/index.js:9775:39
      at TypeScriptParserMixin.tryParse (/home/lujingwei/DB-HA-Manager/frontend/node_modules/@babel/parser/lib/index.js:6907:20)
      at TypeScriptParserMixin.parseMaybeAssign (/home/lujingwei/DB-HA-Manager/frontend/node_modules/@babel/parser/lib/index.js:9775:18)
      at /home/lujingwei/DB-HA-Manager/frontend/node_modules/@babel/parser/lib/index.js:10800:39
      at TypeScriptParserMixin.allowInAnd (/home/lujingwei/DB-HA-Manager/frontend/node_modules/@babel/parser/lib/index.js:12426:12)
      at TypeScriptParserMixin.parseMaybeAssignAllowIn (/home/lujingwei/DB-HA-Manager/frontend/node_modules/@babel/parser/lib/index.js:10800:17)
      at TypeScriptParserMixin.parseMaybeAssignAllowInOrVoidPattern (/home/lujingwei/DB-HA-Manager/frontend/node_modules/@babel/parser/lib/index.js:12493:17)
      at TypeScriptParserMixin.parseParenAndDistinguishExpression (/home/lujingwei/DB-HA-Manager/frontend/node_modules/@babel/parser/lib/index.js:11675:28)
      at TypeScriptParserMixin.parseExprAtom (/home/lujingwei/DB-HA-Manager/frontend/node_modules/@babel/parser/lib/index.js:11331:23)
      at TypeScriptParserMixin.parseExprAtom (/home/lujingwei/DB-HA-Manager/frontend/node_modules/@babel/parser/lib/index.js:4764:20)
      at TypeScriptParserMixin.parseExprSubscripts (/home/lujingwei/DB-HA-Manager/frontend/node_modules/@babel/parser/lib/index.js:11081:23)
      at TypeScriptParserMixin.parseUpdate (/home/lujingwei/DB-HA-Manager/frontend/node_modules/@babel/parser/lib/index.js:11066:21)
      at TypeScriptParserMixin.parseMaybeUnary (/home/lujingwei/DB-HA-Manager/frontend/node_modules/@babel/parser/lib/index.js:11046:23)
      at TypeScriptParserMixin.parseMaybeUnary (/home/lujingwei/DB-HA-Manager/frontend/node_modules/@babel/parser/lib/index.js:9837:18)
      at TypeScriptParserMixin.parseMaybeUnaryOrPrivate (/home/lujingwei/DB-HA-Manager/frontend/node_modules/@babel/parser/lib/index.js:10899:61)
      at TypeScriptParserMixin.parseExprOps (/home/lujingwei/DB-HA-Manager/frontend/node_modules/@babel/parser/lib/index.js:10904:23)
      at TypeScriptParserMixin.parseMaybeConditional (/home/lujingwei/DB-HA-Manager/frontend/node_modules/@babel/parser/lib/index.js:10881:23)
      at TypeScriptParserMixin.parseMaybeAssign (/home/lujingwei/DB-HA-Manager/frontend/node_modules/@babel/parser/lib/index.js:10831:21)
      at TypeScriptParserMixin.parseMaybeAssign (/home/lujingwei/DB-HA-Manager/frontend/node_modules/@babel/parser/lib/index.js:9786:20)
      at /home/lujingwei/DB-HA-Manager/frontend/node_modules/@babel/parser/lib/index.js:10800:39
      at TypeScriptParserMixin.allowInAnd (/home/lujingwei/DB-HA-Manager/frontend/node_modules/@babel/parser/lib/index.js:12426:12)
      at TypeScriptParserMixin.parseMaybeAssignAllowIn (/home/lujingwei/DB-HA-Manager/frontend/node_modules/@babel/parser/lib/index.js:10800:17)
      at TypeScriptParserMixin.parseMaybeAssignAllowInOrVoidPattern (/home/lujingwei/DB-HA-Manager/frontend/node_modules/@babel/parser/lib/index.js:12493:17)
      at TypeScriptParserMixin.parseObjectProperty (/home/lujingwei/DB-HA-Manager/frontend/node_modules/@babel/parser/lib/index.js:11950:83)
      at TypeScriptParserMixin.parseObjPropValue (/home/lujingwei/DB-HA-Manager/frontend/node_modules/@babel/parser/lib/index.js:11978:100)
3:54:48 PM [vite] hmr update /src/pages/SetupWizard.tsx
3:54:48 PM [vite] Internal server error: /home/lujingwei/DB-HA-Manager/frontend/src/pages/SetupWizard.tsx: Expecting Unicode escape sequence \uXXXX. (995:28)

  993 |         title: '主备 IP 相同',
  994 |         content: (
> 995 |           <Space direction=\"vertical\" size={8}>
      |                             ^
  996 |             <Text>主备同机存在数据风险，请确认您已理解风险。</Text>
  997 |             <Text type=\"secondary\">继续将沿用单机路径策略，请确保具备隔离与备份计划。</Text>
  998 |           </Space>
  Plugin: vite:react-babel
  File: /home/lujingwei/DB-HA-Manager/frontend/src/pages/SetupWizard.tsx:995:28
  993|          title: '主备 IP 相同',
  994|          content: (
  995|            <Space direction=\"vertical\" size={8}>
     |                              ^
  996|              <Text>主备同机存在数据风险，请确认您已理解风险。</Text>
  997|              <Text type=\"secondary\">继续将沿用单机路径策略，请确保具备隔离与备份计划。</Text>
      at constructor (/home/lujingwei/DB-HA-Manager/frontend/node_modules/@babel/parser/lib/index.js:365:19)
      at TypeScriptParserMixin.raise (/home/lujingwei/DB-HA-Manager/frontend/node_modules/@babel/parser/lib/index.js:6599:19)
      at TypeScriptParserMixin.readWord1 (/home/lujingwei/DB-HA-Manager/frontend/node_modules/@babel/parser/lib/index.js:6559:16)
      at TypeScriptParserMixin.readWord (/home/lujingwei/DB-HA-Manager/frontend/node_modules/@babel/parser/lib/index.js:6579:23)
      at TypeScriptParserMixin.getTokenFromCode (/home/lujingwei/DB-HA-Manager/frontend/node_modules/@babel/parser/lib/index.js:6298:14)
      at TypeScriptParserMixin.getTokenFromCode (/home/lujingwei/DB-HA-Manager/frontend/node_modules/@babel/parser/lib/index.js:4797:11)
      at TypeScriptParserMixin.getTokenFromCode (/home/lujingwei/DB-HA-Manager/frontend/node_modules/@babel/parser/lib/index.js:9987:11)
      at TypeScriptParserMixin.nextToken (/home/lujingwei/DB-HA-Manager/frontend/node_modules/@babel/parser/lib/index.js:5782:10)
      at TypeScriptParserMixin.next (/home/lujingwei/DB-HA-Manager/frontend/node_modules/@babel/parser/lib/index.js:5692:10)
      at TypeScriptParserMixin.eat (/home/lujingwei/DB-HA-Manager/frontend/node_modules/@babel/parser/lib/index.js:5696:12)
      at TypeScriptParserMixin.jsxParseAttribute (/home/lujingwei/DB-HA-Manager/frontend/node_modules/@babel/parser/lib/index.js:4653:23)
      at TypeScriptParserMixin.jsxParseOpeningElementAfterName (/home/lujingwei/DB-HA-Manager/frontend/node_modules/@babel/parser/lib/index.js:4667:28)
      at TypeScriptParserMixin.jsxParseOpeningElementAfterName (/home/lujingwei/DB-HA-Manager/frontend/node_modules/@babel/parser/lib/index.js:10043:18)
      at TypeScriptParserMixin.jsxParseOpeningElementAt (/home/lujingwei/DB-HA-Manager/frontend/node_modules/@babel/parser/lib/index.js:4662:17)
      at TypeScriptParserMixin.jsxParseElementAt (/home/lujingwei/DB-HA-Manager/frontend/node_modules/@babel/parser/lib/index.js:4686:33)
      at TypeScriptParserMixin.jsxParseElement (/home/lujingwei/DB-HA-Manager/frontend/node_modules/@babel/parser/lib/index.js:4749:17)
      at TypeScriptParserMixin.parseExprAtom (/home/lujingwei/DB-HA-Manager/frontend/node_modules/@babel/parser/lib/index.js:4759:19)
      at TypeScriptParserMixin.parseExprSubscripts (/home/lujingwei/DB-HA-Manager/frontend/node_modules/@babel/parser/lib/index.js:11081:23)
      at TypeScriptParserMixin.parseUpdate (/home/lujingwei/DB-HA-Manager/frontend/node_modules/@babel/parser/lib/index.js:11066:21)
      at TypeScriptParserMixin.parseMaybeUnary (/home/lujingwei/DB-HA-Manager/frontend/node_modules/@babel/parser/lib/index.js:11046:23)
      at TypeScriptParserMixin.parseMaybeUnary (/home/lujingwei/DB-HA-Manager/frontend/node_modules/@babel/parser/lib/index.js:9837:18)
      at TypeScriptParserMixin.parseMaybeUnaryOrPrivate (/home/lujingwei/DB-HA-Manager/frontend/node_modules/@babel/parser/lib/index.js:10899:61)
      at TypeScriptParserMixin.parseExprOps (/home/lujingwei/DB-HA-Manager/frontend/node_modules/@babel/parser/lib/index.js:10904:23)
      at TypeScriptParserMixin.parseMaybeConditional (/home/lujingwei/DB-HA-Manager/frontend/node_modules/@babel/parser/lib/index.js:10881:23)
      at TypeScriptParserMixin.parseMaybeAssign (/home/lujingwei/DB-HA-Manager/frontend/node_modules/@babel/parser/lib/index.js:10831:21)
      at /home/lujingwei/DB-HA-Manager/frontend/node_modules/@babel/parser/lib/index.js:9775:39
      at TypeScriptParserMixin.tryParse (/home/lujingwei/DB-HA-Manager/frontend/node_modules/@babel/parser/lib/index.js:6907:20)
      at TypeScriptParserMixin.parseMaybeAssign (/home/lujingwei/DB-HA-Manager/frontend/node_modules/@babel/parser/lib/index.js:9775:18)
      at /home/lujingwei/DB-HA-Manager/frontend/node_modules/@babel/parser/lib/index.js:10800:39
      at TypeScriptParserMixin.allowInAnd (/home/lujingwei/DB-HA-Manager/frontend/node_modules/@babel/parser/lib/index.js:12426:12)
      at TypeScriptParserMixin.parseMaybeAssignAllowIn (/home/lujingwei/DB-HA-Manager/frontend/node_modules/@babel/parser/lib/index.js:10800:17)
      at TypeScriptParserMixin.parseMaybeAssignAllowInOrVoidPattern (/home/lujingwei/DB-HA-Manager/frontend/node_modules/@babel/parser/lib/index.js:12493:17)
      at TypeScriptParserMixin.parseParenAndDistinguishExpression (/home/lujingwei/DB-HA-Manager/frontend/node_modules/@babel/parser/lib/index.js:11675:28)
      at TypeScriptParserMixin.parseExprAtom (/home/lujingwei/DB-HA-Manager/frontend/node_modules/@babel/parser/lib/index.js:11331:23)
      at TypeScriptParserMixin.parseExprAtom (/home/lujingwei/DB-HA-Manager/frontend/node_modules/@babel/parser/lib/index.js:4764:20)
      at TypeScriptParserMixin.parseExprSubscripts (/home/lujingwei/DB-HA-Manager/frontend/node_modules/@babel/parser/lib/index.js:11081:23)
      at TypeScriptParserMixin.parseUpdate (/home/lujingwei/DB-HA-Manager/frontend/node_modules/@babel/parser/lib/index.js:11066:21)
      at TypeScriptParserMixin.parseMaybeUnary (/home/lujingwei/DB-HA-Manager/frontend/node_modules/@babel/parser/lib/index.js:11046:23)
      at TypeScriptParserMixin.parseMaybeUnary (/home/lujingwei/DB-HA-Manager/frontend/node_modules/@babel/parser/lib/index.js:9837:18)
      at TypeScriptParserMixin.parseMaybeUnaryOrPrivate (/home/lujingwei/DB-HA-Manager/frontend/node_modules/@babel/parser/lib/index.js:10899:61)
      at TypeScriptParserMixin.parseExprOps (/home/lujingwei/DB-HA-Manager/frontend/node_modules/@babel/parser/lib/index.js:10904:23)
      at TypeScriptParserMixin.parseMaybeConditional (/home/lujingwei/DB-HA-Manager/frontend/node_modules/@babel/parser/lib/index.js:10881:23)
      at TypeScriptParserMixin.parseMaybeAssign (/home/lujingwei/DB-HA-Manager/frontend/node_modules/@babel/parser/lib/index.js:10831:21)
      at TypeScriptParserMixin.parseMaybeAssign (/home/lujingwei/DB-HA-Manager/frontend/node_modules/@babel/parser/lib/index.js:9786:20)
      at /home/lujingwei/DB-HA-Manager/frontend/node_modules/@babel/parser/lib/index.js:10800:39
      at TypeScriptParserMixin.allowInAnd (/home/lujingwei/DB-HA-Manager/frontend/node_modules/@babel/parser/lib/index.js:12426:12)
      at TypeScriptParserMixin.parseMaybeAssignAllowIn (/home/lujingwei/DB-HA-Manager/frontend/node_modules/@babel/parser/lib/index.js:10800:17)
      at TypeScriptParserMixin.parseMaybeAssignAllowInOrVoidPattern (/home/lujingwei/DB-HA-Manager/frontend/node_modules/@babel/parser/lib/index.js:12493:17)
      at TypeScriptParserMixin.parseObjectProperty (/home/lujingwei/DB-HA-Manager/frontend/node_modules/@babel/parser/lib/index.js:11950:83)
      at TypeScriptParserMixin.parseObjPropValue (/home/lujingwei/DB-HA-Manager/frontend/node_modules/@babel/parser/lib/index.js:11978:100)
3:54:49 PM [vite] hmr update /src/pages/SetupWizard.tsx
3:54:49 PM [vite] Internal server error: /home/lujingwei/DB-HA-Manager/frontend/src/pages/SetupWizard.tsx: Expecting Unicode escape sequence \uXXXX. (995:28)

  993 |         title: '主备 IP 相同',
  994 |         content: (
> 995 |           <Space direction=\"vertical\" size={8}>
      |                             ^
  996 |             <Text>主备同机存在数据风险，请确认您已理解风险。</Text>
  997 |             <Text type=\"secondary\">继续将沿用单机路径策略，请确保具备隔离与备份计划。</Text>
  998 |           </Space>
  Plugin: vite:react-babel
  File: /home/lujingwei/DB-HA-Manager/frontend/src/pages/SetupWizard.tsx:995:28
  993|          title: '主备 IP 相同',
  994|          content: (
  995|            <Space direction=\"vertical\" size={8}>
     |                              ^
  996|              <Text>主备同机存在数据风险，请确认您已理解风险。</Text>
  997|              <Text type=\"secondary\">继续将沿用单机路径策略，请确保具备隔离与备份计划。</Text>
      at constructor (/home/lujingwei/DB-HA-Manager/frontend/node_modules/@babel/parser/lib/index.js:365:19)
      at TypeScriptParserMixin.raise (/home/lujingwei/DB-HA-Manager/frontend/node_modules/@babel/parser/lib/index.js:6599:19)
      at TypeScriptParserMixin.readWord1 (/home/lujingwei/DB-HA-Manager/frontend/node_modules/@babel/parser/lib/index.js:6559:16)
      at TypeScriptParserMixin.readWord (/home/lujingwei/DB-HA-Manager/frontend/node_modules/@babel/parser/lib/index.js:6579:23)
      at TypeScriptParserMixin.getTokenFromCode (/home/lujingwei/DB-HA-Manager/frontend/node_modules/@babel/parser/lib/index.js:6298:14)
      at TypeScriptParserMixin.getTokenFromCode (/home/lujingwei/DB-HA-Manager/frontend/node_modules/@babel/parser/lib/index.js:4797:11)
      at TypeScriptParserMixin.getTokenFromCode (/home/lujingwei/DB-HA-Manager/frontend/node_modules/@babel/parser/lib/index.js:9987:11)
      at TypeScriptParserMixin.nextToken (/home/lujingwei/DB-HA-Manager/frontend/node_modules/@babel/parser/lib/index.js:5782:10)
      at TypeScriptParserMixin.next (/home/lujingwei/DB-HA-Manager/frontend/node_modules/@babel/parser/lib/index.js:5692:10)
      at TypeScriptParserMixin.eat (/home/lujingwei/DB-HA-Manager/frontend/node_modules/@babel/parser/lib/index.js:5696:12)
      at TypeScriptParserMixin.jsxParseAttribute (/home/lujingwei/DB-HA-Manager/frontend/node_modules/@babel/parser/lib/index.js:4653:23)
      at TypeScriptParserMixin.jsxParseOpeningElementAfterName (/home/lujingwei/DB-HA-Manager/frontend/node_modules/@babel/parser/lib/index.js:4667:28)
      at TypeScriptParserMixin.jsxParseOpeningElementAfterName (/home/lujingwei/DB-HA-Manager/frontend/node_modules/@babel/parser/lib/index.js:10043:18)
      at TypeScriptParserMixin.jsxParseOpeningElementAt (/home/lujingwei/DB-HA-Manager/frontend/node_modules/@babel/parser/lib/index.js:4662:17)
      at TypeScriptParserMixin.jsxParseElementAt (/home/lujingwei/DB-HA-Manager/frontend/node_modules/@babel/parser/lib/index.js:4686:33)
      at TypeScriptParserMixin.jsxParseElement (/home/lujingwei/DB-HA-Manager/frontend/node_modules/@babel/parser/lib/index.js:4749:17)
      at TypeScriptParserMixin.parseExprAtom (/home/lujingwei/DB-HA-Manager/frontend/node_modules/@babel/parser/lib/index.js:4759:19)
      at TypeScriptParserMixin.parseExprSubscripts (/home/lujingwei/DB-HA-Manager/frontend/node_modules/@babel/parser/lib/index.js:11081:23)
      at TypeScriptParserMixin.parseUpdate (/home/lujingwei/DB-HA-Manager/frontend/node_modules/@babel/parser/lib/index.js:11066:21)
      at TypeScriptParserMixin.parseMaybeUnary (/home/lujingwei/DB-HA-Manager/frontend/node_modules/@babel/parser/lib/index.js:11046:23)
      at TypeScriptParserMixin.parseMaybeUnary (/home/lujingwei/DB-HA-Manager/frontend/node_modules/@babel/parser/lib/index.js:9837:18)
      at TypeScriptParserMixin.parseMaybeUnaryOrPrivate (/home/lujingwei/DB-HA-Manager/frontend/node_modules/@babel/parser/lib/index.js:10899:61)
      at TypeScriptParserMixin.parseExprOps (/home/lujingwei/DB-HA-Manager/frontend/node_modules/@babel/parser/lib/index.js:10904:23)
      at TypeScriptParserMixin.parseMaybeConditional (/home/lujingwei/DB-HA-Manager/frontend/node_modules/@babel/parser/lib/index.js:10881:23)
      at TypeScriptParserMixin.parseMaybeAssign (/home/lujingwei/DB-HA-Manager/frontend/node_modules/@babel/parser/lib/index.js:10831:21)
      at /home/lujingwei/DB-HA-Manager/frontend/node_modules/@babel/parser/lib/index.js:9775:39
      at TypeScriptParserMixin.tryParse (/home/lujingwei/DB-HA-Manager/frontend/node_modules/@babel/parser/lib/index.js:6907:20)
      at TypeScriptParserMixin.parseMaybeAssign (/home/lujingwei/DB-HA-Manager/frontend/node_modules/@babel/parser/lib/index.js:9775:18)
      at /home/lujingwei/DB-HA-Manager/frontend/node_modules/@babel/parser/lib/index.js:10800:39
      at TypeScriptParserMixin.allowInAnd (/home/lujingwei/DB-HA-Manager/frontend/node_modules/@babel/parser/lib/index.js:12426:12)
      at TypeScriptParserMixin.parseMaybeAssignAllowIn (/home/lujingwei/DB-HA-Manager/frontend/node_modules/@babel/parser/lib/index.js:10800:17)
      at TypeScriptParserMixin.parseMaybeAssignAllowInOrVoidPattern (/home/lujingwei/DB-HA-Manager/frontend/node_modules/@babel/parser/lib/index.js:12493:17)
      at TypeScriptParserMixin.parseParenAndDistinguishExpression (/home/lujingwei/DB-HA-Manager/frontend/node_modules/@babel/parser/lib/index.js:11675:28)
      at TypeScriptParserMixin.parseExprAtom (/home/lujingwei/DB-HA-Manager/frontend/node_modules/@babel/parser/lib/index.js:11331:23)
      at TypeScriptParserMixin.parseExprAtom (/home/lujingwei/DB-HA-Manager/frontend/node_modules/@babel/parser/lib/index.js:4764:20)
      at TypeScriptParserMixin.parseExprSubscripts (/home/lujingwei/DB-HA-Manager/frontend/node_modules/@babel/parser/lib/index.js:11081:23)
      at TypeScriptParserMixin.parseUpdate (/home/lujingwei/DB-HA-Manager/frontend/node_modules/@babel/parser/lib/index.js:11066:21)
      at TypeScriptParserMixin.parseMaybeUnary (/home/lujingwei/DB-HA-Manager/frontend/node_modules/@babel/parser/lib/index.js:11046:23)
      at TypeScriptParserMixin.parseMaybeUnary (/home/lujingwei/DB-HA-Manager/frontend/node_modules/@babel/parser/lib/index.js:9837:18)
      at TypeScriptParserMixin.parseMaybeUnaryOrPrivate (/home/lujingwei/DB-HA-Manager/frontend/node_modules/@babel/parser/lib/index.js:10899:61)
      at TypeScriptParserMixin.parseExprOps (/home/lujingwei/DB-HA-Manager/frontend/node_modules/@babel/parser/lib/index.js:10904:23)
      at TypeScriptParserMixin.parseMaybeConditional (/home/lujingwei/DB-HA-Manager/frontend/node_modules/@babel/parser/lib/index.js:10881:23)
      at TypeScriptParserMixin.parseMaybeAssign (/home/lujingwei/DB-HA-Manager/frontend/node_modules/@babel/parser/lib/index.js:10831:21)
      at TypeScriptParserMixin.parseMaybeAssign (/home/lujingwei/DB-HA-Manager/frontend/node_modules/@babel/parser/lib/index.js:9786:20)
      at /home/lujingwei/DB-HA-Manager/frontend/node_modules/@babel/parser/lib/index.js:10800:39
      at TypeScriptParserMixin.allowInAnd (/home/lujingwei/DB-HA-Manager/frontend/node_modules/@babel/parser/lib/index.js:12426:12)
      at TypeScriptParserMixin.parseMaybeAssignAllowIn (/home/lujingwei/DB-HA-Manager/frontend/node_modules/@babel/parser/lib/index.js:10800:17)
      at TypeScriptParserMixin.parseMaybeAssignAllowInOrVoidPattern (/home/lujingwei/DB-HA-Manager/frontend/node_modules/@babel/parser/lib/index.js:12493:17)
      at TypeScriptParserMixin.parseObjectProperty (/home/lujingwei/DB-HA-Manager/frontend/node_modules/@babel/parser/lib/index.js:11950:83)
      at TypeScriptParserMixin.parseObjPropValue (/home/lujingwei/DB-HA-Manager/frontend/node_modules/@babel/parser/lib/index.js:11978:100)
3:54:51 PM [vite] hmr update /src/pages/SetupWizard.tsx
3:54:51 PM [vite] Internal server error: /home/lujingwei/DB-HA-Manager/frontend/src/pages/SetupWizard.tsx: Expecting Unicode escape sequence \uXXXX. (995:28)

  993 |         title: '主备 IP 相同',
  994 |         content: (
> 995 |           <Space direction=\"vertical\" size={8}>
      |                             ^
  996 |             <Text>主备同机存在数据风险，请确认您已理解风险。</Text>
  997 |             <Text type=\"secondary\">继续将沿用单机路径策略，请确保具备隔离与备份计划。</Text>
  998 |           </Space>
  Plugin: vite:react-babel
  File: /home/lujingwei/DB-HA-Manager/frontend/src/pages/SetupWizard.tsx:995:28
  993|          title: '主备 IP 相同',
  994|          content: (
  995|            <Space direction=\"vertical\" size={8}>
     |                              ^
  996|              <Text>主备同机存在数据风险，请确认您已理解风险。</Text>
  997|              <Text type=\"secondary\">继续将沿用单机路径策略，请确保具备隔离与备份计划。</Text>
      at constructor (/home/lujingwei/DB-HA-Manager/frontend/node_modules/@babel/parser/lib/index.js:365:19)
      at TypeScriptParserMixin.raise (/home/lujingwei/DB-HA-Manager/frontend/node_modules/@babel/parser/lib/index.js:6599:19)
      at TypeScriptParserMixin.readWord1 (/home/lujingwei/DB-HA-Manager/frontend/node_modules/@babel/parser/lib/index.js:6559:16)
      at TypeScriptParserMixin.readWord (/home/lujingwei/DB-HA-Manager/frontend/node_modules/@babel/parser/lib/index.js:6579:23)
      at TypeScriptParserMixin.getTokenFromCode (/home/lujingwei/DB-HA-Manager/frontend/node_modules/@babel/parser/lib/index.js:6298:14)
      at TypeScriptParserMixin.getTokenFromCode (/home/lujingwei/DB-HA-Manager/frontend/node_modules/@babel/parser/lib/index.js:4797:11)
      at TypeScriptParserMixin.getTokenFromCode (/home/lujingwei/DB-HA-Manager/frontend/node_modules/@babel/parser/lib/index.js:9987:11)
      at TypeScriptParserMixin.nextToken (/home/lujingwei/DB-HA-Manager/frontend/node_modules/@babel/parser/lib/index.js:5782:10)
      at TypeScriptParserMixin.next (/home/lujingwei/DB-HA-Manager/frontend/node_modules/@babel/parser/lib/index.js:5692:10)
      at TypeScriptParserMixin.eat (/home/lujingwei/DB-HA-Manager/frontend/node_modules/@babel/parser/lib/index.js:5696:12)
      at TypeScriptParserMixin.jsxParseAttribute (/home/lujingwei/DB-HA-Manager/frontend/node_modules/@babel/parser/lib/index.js:4653:23)
      at TypeScriptParserMixin.jsxParseOpeningElementAfterName (/home/lujingwei/DB-HA-Manager/frontend/node_modules/@babel/parser/lib/index.js:4667:28)
      at TypeScriptParserMixin.jsxParseOpeningElementAfterName (/home/lujingwei/DB-HA-Manager/frontend/node_modules/@babel/parser/lib/index.js:10043:18)
      at TypeScriptParserMixin.jsxParseOpeningElementAt (/home/lujingwei/DB-HA-Manager/frontend/node_modules/@babel/parser/lib/index.js:4662:17)
      at TypeScriptParserMixin.jsxParseElementAt (/home/lujingwei/DB-HA-Manager/frontend/node_modules/@babel/parser/lib/index.js:4686:33)
      at TypeScriptParserMixin.jsxParseElement (/home/lujingwei/DB-HA-Manager/frontend/node_modules/@babel/parser/lib/index.js:4749:17)
      at TypeScriptParserMixin.parseExprAtom (/home/lujingwei/DB-HA-Manager/frontend/node_modules/@babel/parser/lib/index.js:4759:19)
      at TypeScriptParserMixin.parseExprSubscripts (/home/lujingwei/DB-HA-Manager/frontend/node_modules/@babel/parser/lib/index.js:11081:23)
      at TypeScriptParserMixin.parseUpdate (/home/lujingwei/DB-HA-Manager/frontend/node_modules/@babel/parser/lib/index.js:11066:21)
      at TypeScriptParserMixin.parseMaybeUnary (/home/lujingwei/DB-HA-Manager/frontend/node_modules/@babel/parser/lib/index.js:11046:23)
      at TypeScriptParserMixin.parseMaybeUnary (/home/lujingwei/DB-HA-Manager/frontend/node_modules/@babel/parser/lib/index.js:9837:18)
      at TypeScriptParserMixin.parseMaybeUnaryOrPrivate (/home/lujingwei/DB-HA-Manager/frontend/node_modules/@babel/parser/lib/index.js:10899:61)
      at TypeScriptParserMixin.parseExprOps (/home/lujingwei/DB-HA-Manager/frontend/node_modules/@babel/parser/lib/index.js:10904:23)
      at TypeScriptParserMixin.parseMaybeConditional (/home/lujingwei/DB-HA-Manager/frontend/node_modules/@babel/parser/lib/index.js:10881:23)
      at TypeScriptParserMixin.parseMaybeAssign (/home/lujingwei/DB-HA-Manager/frontend/node_modules/@babel/parser/lib/index.js:10831:21)
      at /home/lujingwei/DB-HA-Manager/frontend/node_modules/@babel/parser/lib/index.js:9775:39
      at TypeScriptParserMixin.tryParse (/home/lujingwei/DB-HA-Manager/frontend/node_modules/@babel/parser/lib/index.js:6907:20)
      at TypeScriptParserMixin.parseMaybeAssign (/home/lujingwei/DB-HA-Manager/frontend/node_modules/@babel/parser/lib/index.js:9775:18)
      at /home/lujingwei/DB-HA-Manager/frontend/node_modules/@babel/parser/lib/index.js:10800:39
      at TypeScriptParserMixin.allowInAnd (/home/lujingwei/DB-HA-Manager/frontend/node_modules/@babel/parser/lib/index.js:12426:12)
      at TypeScriptParserMixin.parseMaybeAssignAllowIn (/home/lujingwei/DB-HA-Manager/frontend/node_modules/@babel/parser/lib/index.js:10800:17)
      at TypeScriptParserMixin.parseMaybeAssignAllowInOrVoidPattern (/home/lujingwei/DB-HA-Manager/frontend/node_modules/@babel/parser/lib/index.js:12493:17)
      at TypeScriptParserMixin.parseParenAndDistinguishExpression (/home/lujingwei/DB-HA-Manager/frontend/node_modules/@babel/parser/lib/index.js:11675:28)
      at TypeScriptParserMixin.parseExprAtom (/home/lujingwei/DB-HA-Manager/frontend/node_modules/@babel/parser/lib/index.js:11331:23)
      at TypeScriptParserMixin.parseExprAtom (/home/lujingwei/DB-HA-Manager/frontend/node_modules/@babel/parser/lib/index.js:4764:20)
      at TypeScriptParserMixin.parseExprSubscripts (/home/lujingwei/DB-HA-Manager/frontend/node_modules/@babel/parser/lib/index.js:11081:23)
      at TypeScriptParserMixin.parseUpdate (/home/lujingwei/DB-HA-Manager/frontend/node_modules/@babel/parser/lib/index.js:11066:21)
      at TypeScriptParserMixin.parseMaybeUnary (/home/lujingwei/DB-HA-Manager/frontend/node_modules/@babel/parser/lib/index.js:11046:23)
      at TypeScriptParserMixin.parseMaybeUnary (/home/lujingwei/DB-HA-Manager/frontend/node_modules/@babel/parser/lib/index.js:9837:18)
      at TypeScriptParserMixin.parseMaybeUnaryOrPrivate (/home/lujingwei/DB-HA-Manager/frontend/node_modules/@babel/parser/lib/index.js:10899:61)
      at TypeScriptParserMixin.parseExprOps (/home/lujingwei/DB-HA-Manager/frontend/node_modules/@babel/parser/lib/index.js:10904:23)
      at TypeScriptParserMixin.parseMaybeConditional (/home/lujingwei/DB-HA-Manager/frontend/node_modules/@babel/parser/lib/index.js:10881:23)
      at TypeScriptParserMixin.parseMaybeAssign (/home/lujingwei/DB-HA-Manager/frontend/node_modules/@babel/parser/lib/index.js:10831:21)
      at TypeScriptParserMixin.parseMaybeAssign (/home/lujingwei/DB-HA-Manager/frontend/node_modules/@babel/parser/lib/index.js:9786:20)
      at /home/lujingwei/DB-HA-Manager/frontend/node_modules/@babel/parser/lib/index.js:10800:39
      at TypeScriptParserMixin.allowInAnd (/home/lujingwei/DB-HA-Manager/frontend/node_modules/@babel/parser/lib/index.js:12426:12)
      at TypeScriptParserMixin.parseMaybeAssignAllowIn (/home/lujingwei/DB-HA-Manager/frontend/node_modules/@babel/parser/lib/index.js:10800:17)
      at TypeScriptParserMixin.parseMaybeAssignAllowInOrVoidPattern (/home/lujingwei/DB-HA-Manager/frontend/node_modules/@babel/parser/lib/index.js:12493:17)
      at TypeScriptParserMixin.parseObjectProperty (/home/lujingwei/DB-HA-Manager/frontend/node_modules/@babel/parser/lib/index.js:11950:83)
      at TypeScriptParserMixin.parseObjPropValue (/home/lujingwei/DB-HA-Manager/frontend/node_modules/@babel/parser/lib/index.js:11978:100)
3:54:53 PM [vite] hmr update /src/pages/SetupWizard.tsx
3:54:53 PM [vite] Internal server error: /home/lujingwei/DB-HA-Manager/frontend/src/pages/SetupWizard.tsx: Expecting Unicode escape sequence \uXXXX. (995:28)

  993 |         title: '主备 IP 相同',
  994 |         content: (
> 995 |           <Space direction=\"vertical\" size={8}>
      |                             ^
  996 |             <Text>主备同机存在数据风险，请确认您已理解风险。</Text>
  997 |             <Text type=\"secondary\">继续将沿用单机路径策略，请确保具备隔离与备份计划。</Text>
  998 |           </Space>
  Plugin: vite:react-babel
  File: /home/lujingwei/DB-HA-Manager/frontend/src/pages/SetupWizard.tsx:995:28
  993|          title: '主备 IP 相同',
  994|          content: (
  995|            <Space direction=\"vertical\" size={8}>
     |                              ^
  996|              <Text>主备同机存在数据风险，请确认您已理解风险。</Text>
  997|              <Text type=\"secondary\">继续将沿用单机路径策略，请确保具备隔离与备份计划。</Text>
      at constructor (/home/lujingwei/DB-HA-Manager/frontend/node_modules/@babel/parser/lib/index.js:365:19)
      at TypeScriptParserMixin.raise (/home/lujingwei/DB-HA-Manager/frontend/node_modules/@babel/parser/lib/index.js:6599:19)
      at TypeScriptParserMixin.readWord1 (/home/lujingwei/DB-HA-Manager/frontend/node_modules/@babel/parser/lib/index.js:6559:16)
      at TypeScriptParserMixin.readWord (/home/lujingwei/DB-HA-Manager/frontend/node_modules/@babel/parser/lib/index.js:6579:23)
      at TypeScriptParserMixin.getTokenFromCode (/home/lujingwei/DB-HA-Manager/frontend/node_modules/@babel/parser/lib/index.js:6298:14)
      at TypeScriptParserMixin.getTokenFromCode (/home/lujingwei/DB-HA-Manager/frontend/node_modules/@babel/parser/lib/index.js:4797:11)
      at TypeScriptParserMixin.getTokenFromCode (/home/lujingwei/DB-HA-Manager/frontend/node_modules/@babel/parser/lib/index.js:9987:11)
      at TypeScriptParserMixin.nextToken (/home/lujingwei/DB-HA-Manager/frontend/node_modules/@babel/parser/lib/index.js:5782:10)
      at TypeScriptParserMixin.next (/home/lujingwei/DB-HA-Manager/frontend/node_modules/@babel/parser/lib/index.js:5692:10)
      at TypeScriptParserMixin.eat (/home/lujingwei/DB-HA-Manager/frontend/node_modules/@babel/parser/lib/index.js:5696:12)
      at TypeScriptParserMixin.jsxParseAttribute (/home/lujingwei/DB-HA-Manager/frontend/node_modules/@babel/parser/lib/index.js:4653:23)
      at TypeScriptParserMixin.jsxParseOpeningElementAfterName (/home/lujingwei/DB-HA-Manager/frontend/node_modules/@babel/parser/lib/index.js:4667:28)
      at TypeScriptParserMixin.jsxParseOpeningElementAfterName (/home/lujingwei/DB-HA-Manager/frontend/node_modules/@babel/parser/lib/index.js:10043:18)
      at TypeScriptParserMixin.jsxParseOpeningElementAt (/home/lujingwei/DB-HA-Manager/frontend/node_modules/@babel/parser/lib/index.js:4662:17)
      at TypeScriptParserMixin.jsxParseElementAt (/home/lujingwei/DB-HA-Manager/frontend/node_modules/@babel/parser/lib/index.js:4686:33)
      at TypeScriptParserMixin.jsxParseElement (/home/lujingwei/DB-HA-Manager/frontend/node_modules/@babel/parser/lib/index.js:4749:17)
      at TypeScriptParserMixin.parseExprAtom (/home/lujingwei/DB-HA-Manager/frontend/node_modules/@babel/parser/lib/index.js:4759:19)
      at TypeScriptParserMixin.parseExprSubscripts (/home/lujingwei/DB-HA-Manager/frontend/node_modules/@babel/parser/lib/index.js:11081:23)
      at TypeScriptParserMixin.parseUpdate (/home/lujingwei/DB-HA-Manager/frontend/node_modules/@babel/parser/lib/index.js:11066:21)
      at TypeScriptParserMixin.parseMaybeUnary (/home/lujingwei/DB-HA-Manager/frontend/node_modules/@babel/parser/lib/index.js:11046:23)
      at TypeScriptParserMixin.parseMaybeUnary (/home/lujingwei/DB-HA-Manager/frontend/node_modules/@babel/parser/lib/index.js:9837:18)
      at TypeScriptParserMixin.parseMaybeUnaryOrPrivate (/home/lujingwei/DB-HA-Manager/frontend/node_modules/@babel/parser/lib/index.js:10899:61)
      at TypeScriptParserMixin.parseExprOps (/home/lujingwei/DB-HA-Manager/frontend/node_modules/@babel/parser/lib/index.js:10904:23)
      at TypeScriptParserMixin.parseMaybeConditional (/home/lujingwei/DB-HA-Manager/frontend/node_modules/@babel/parser/lib/index.js:10881:23)
      at TypeScriptParserMixin.parseMaybeAssign (/home/lujingwei/DB-HA-Manager/frontend/node_modules/@babel/parser/lib/index.js:10831:21)
      at /home/lujingwei/DB-HA-Manager/frontend/node_modules/@babel/parser/lib/index.js:9775:39
      at TypeScriptParserMixin.tryParse (/home/lujingwei/DB-HA-Manager/frontend/node_modules/@babel/parser/lib/index.js:6907:20)
      at TypeScriptParserMixin.parseMaybeAssign (/home/lujingwei/DB-HA-Manager/frontend/node_modules/@babel/parser/lib/index.js:9775:18)
      at /home/lujingwei/DB-HA-Manager/frontend/node_modules/@babel/parser/lib/index.js:10800:39
      at TypeScriptParserMixin.allowInAnd (/home/lujingwei/DB-HA-Manager/frontend/node_modules/@babel/parser/lib/index.js:12426:12)
      at TypeScriptParserMixin.parseMaybeAssignAllowIn (/home/lujingwei/DB-HA-Manager/frontend/node_modules/@babel/parser/lib/index.js:10800:17)
      at TypeScriptParserMixin.parseMaybeAssignAllowInOrVoidPattern (/home/lujingwei/DB-HA-Manager/frontend/node_modules/@babel/parser/lib/index.js:12493:17)
      at TypeScriptParserMixin.parseParenAndDistinguishExpression (/home/lujingwei/DB-HA-Manager/frontend/node_modules/@babel/parser/lib/index.js:11675:28)
      at TypeScriptParserMixin.parseExprAtom (/home/lujingwei/DB-HA-Manager/frontend/node_modules/@babel/parser/lib/index.js:11331:23)
      at TypeScriptParserMixin.parseExprAtom (/home/lujingwei/DB-HA-Manager/frontend/node_modules/@babel/parser/lib/index.js:4764:20)
      at TypeScriptParserMixin.parseExprSubscripts (/home/lujingwei/DB-HA-Manager/frontend/node_modules/@babel/parser/lib/index.js:11081:23)
      at TypeScriptParserMixin.parseUpdate (/home/lujingwei/DB-HA-Manager/frontend/node_modules/@babel/parser/lib/index.js:11066:21)
      at TypeScriptParserMixin.parseMaybeUnary (/home/lujingwei/DB-HA-Manager/frontend/node_modules/@babel/parser/lib/index.js:11046:23)
      at TypeScriptParserMixin.parseMaybeUnary (/home/lujingwei/DB-HA-Manager/frontend/node_modules/@babel/parser/lib/index.js:9837:18)
      at TypeScriptParserMixin.parseMaybeUnaryOrPrivate (/home/lujingwei/DB-HA-Manager/frontend/node_modules/@babel/parser/lib/index.js:10899:61)
      at TypeScriptParserMixin.parseExprOps (/home/lujingwei/DB-HA-Manager/frontend/node_modules/@babel/parser/lib/index.js:10904:23)
      at TypeScriptParserMixin.parseMaybeConditional (/home/lujingwei/DB-HA-Manager/frontend/node_modules/@babel/parser/lib/index.js:10881:23)
      at TypeScriptParserMixin.parseMaybeAssign (/home/lujingwei/DB-HA-Manager/frontend/node_modules/@babel/parser/lib/index.js:10831:21)
      at TypeScriptParserMixin.parseMaybeAssign (/home/lujingwei/DB-HA-Manager/frontend/node_modules/@babel/parser/lib/index.js:9786:20)
      at /home/lujingwei/DB-HA-Manager/frontend/node_modules/@babel/parser/lib/index.js:10800:39
      at TypeScriptParserMixin.allowInAnd (/home/lujingwei/DB-HA-Manager/frontend/node_modules/@babel/parser/lib/index.js:12426:12)
      at TypeScriptParserMixin.parseMaybeAssignAllowIn (/home/lujingwei/DB-HA-Manager/frontend/node_modules/@babel/parser/lib/index.js:10800:17)
      at TypeScriptParserMixin.parseMaybeAssignAllowInOrVoidPattern (/home/lujingwei/DB-HA-Manager/frontend/node_modules/@babel/parser/lib/index.js:12493:17)
      at TypeScriptParserMixin.parseObjectProperty (/home/lujingwei/DB-HA-Manager/frontend/node_modules/@babel/parser/lib/index.js:11950:83)
      at TypeScriptParserMixin.parseObjPropValue (/home/lujingwei/DB-HA-Manager/frontend/node_modules/@babel/parser/lib/index.js:11978:100)
3:54:55 PM [vite] hmr update /src/pages/SetupWizard.tsx
3:54:55 PM [vite] Internal server error: /home/lujingwei/DB-HA-Manager/frontend/src/pages/SetupWizard.tsx: Expecting Unicode escape sequence \uXXXX. (995:28)

  993 |         title: '主备 IP 相同',
  994 |         content: (
> 995 |           <Space direction=\"vertical\" size={8}>
      |                             ^
  996 |             <Text>主备同机存在数据风险，请确认您已理解风险。</Text>
  997 |             <Text type=\"secondary\">继续将沿用单机路径策略，请确保具备隔离与备份计划。</Text>
  998 |           </Space>
  Plugin: vite:react-babel
  File: /home/lujingwei/DB-HA-Manager/frontend/src/pages/SetupWizard.tsx:995:28
  993|          title: '主备 IP 相同',
  994|          content: (
  995|            <Space direction=\"vertical\" size={8}>
     |                              ^
  996|              <Text>主备同机存在数据风险，请确认您已理解风险。</Text>
  997|              <Text type=\"secondary\">继续将沿用单机路径策略，请确保具备隔离与备份计划。</Text>
      at constructor (/home/lujingwei/DB-HA-Manager/frontend/node_modules/@babel/parser/lib/index.js:365:19)
      at TypeScriptParserMixin.raise (/home/lujingwei/DB-HA-Manager/frontend/node_modules/@babel/parser/lib/index.js:6599:19)
      at TypeScriptParserMixin.readWord1 (/home/lujingwei/DB-HA-Manager/frontend/node_modules/@babel/parser/lib/index.js:6559:16)
      at TypeScriptParserMixin.readWord (/home/lujingwei/DB-HA-Manager/frontend/node_modules/@babel/parser/lib/index.js:6579:23)
      at TypeScriptParserMixin.getTokenFromCode (/home/lujingwei/DB-HA-Manager/frontend/node_modules/@babel/parser/lib/index.js:6298:14)
      at TypeScriptParserMixin.getTokenFromCode (/home/lujingwei/DB-HA-Manager/frontend/node_modules/@babel/parser/lib/index.js:4797:11)
      at TypeScriptParserMixin.getTokenFromCode (/home/lujingwei/DB-HA-Manager/frontend/node_modules/@babel/parser/lib/index.js:9987:11)
      at TypeScriptParserMixin.nextToken (/home/lujingwei/DB-HA-Manager/frontend/node_modules/@babel/parser/lib/index.js:5782:10)
      at TypeScriptParserMixin.next (/home/lujingwei/DB-HA-Manager/frontend/node_modules/@babel/parser/lib/index.js:5692:10)
      at TypeScriptParserMixin.eat (/home/lujingwei/DB-HA-Manager/frontend/node_modules/@babel/parser/lib/index.js:5696:12)
      at TypeScriptParserMixin.jsxParseAttribute (/home/lujingwei/DB-HA-Manager/frontend/node_modules/@babel/parser/lib/index.js:4653:23)
      at TypeScriptParserMixin.jsxParseOpeningElementAfterName (/home/lujingwei/DB-HA-Manager/frontend/node_modules/@babel/parser/lib/index.js:4667:28)
      at TypeScriptParserMixin.jsxParseOpeningElementAfterName (/home/lujingwei/DB-HA-Manager/frontend/node_modules/@babel/parser/lib/index.js:10043:18)
      at TypeScriptParserMixin.jsxParseOpeningElementAt (/home/lujingwei/DB-HA-Manager/frontend/node_modules/@babel/parser/lib/index.js:4662:17)
      at TypeScriptParserMixin.jsxParseElementAt (/home/lujingwei/DB-HA-Manager/frontend/node_modules/@babel/parser/lib/index.js:4686:33)
      at TypeScriptParserMixin.jsxParseElement (/home/lujingwei/DB-HA-Manager/frontend/node_modules/@babel/parser/lib/index.js:4749:17)
      at TypeScriptParserMixin.parseExprAtom (/home/lujingwei/DB-HA-Manager/frontend/node_modules/@babel/parser/lib/index.js:4759:19)
      at TypeScriptParserMixin.parseExprSubscripts (/home/lujingwei/DB-HA-Manager/frontend/node_modules/@babel/parser/lib/index.js:11081:23)
      at TypeScriptParserMixin.parseUpdate (/home/lujingwei/DB-HA-Manager/frontend/node_modules/@babel/parser/lib/index.js:11066:21)
      at TypeScriptParserMixin.parseMaybeUnary (/home/lujingwei/DB-HA-Manager/frontend/node_modules/@babel/parser/lib/index.js:11046:23)
      at TypeScriptParserMixin.parseMaybeUnary (/home/lujingwei/DB-HA-Manager/frontend/node_modules/@babel/parser/lib/index.js:9837:18)
      at TypeScriptParserMixin.parseMaybeUnaryOrPrivate (/home/lujingwei/DB-HA-Manager/frontend/node_modules/@babel/parser/lib/index.js:10899:61)
      at TypeScriptParserMixin.parseExprOps (/home/lujingwei/DB-HA-Manager/frontend/node_modules/@babel/parser/lib/index.js:10904:23)
      at TypeScriptParserMixin.parseMaybeConditional (/home/lujingwei/DB-HA-Manager/frontend/node_modules/@babel/parser/lib/index.js:10881:23)
      at TypeScriptParserMixin.parseMaybeAssign (/home/lujingwei/DB-HA-Manager/frontend/node_modules/@babel/parser/lib/index.js:10831:21)
      at /home/lujingwei/DB-HA-Manager/frontend/node_modules/@babel/parser/lib/index.js:9775:39
      at TypeScriptParserMixin.tryParse (/home/lujingwei/DB-HA-Manager/frontend/node_modules/@babel/parser/lib/index.js:6907:20)
      at TypeScriptParserMixin.parseMaybeAssign (/home/lujingwei/DB-HA-Manager/frontend/node_modules/@babel/parser/lib/index.js:9775:18)
      at /home/lujingwei/DB-HA-Manager/frontend/node_modules/@babel/parser/lib/index.js:10800:39
      at TypeScriptParserMixin.allowInAnd (/home/lujingwei/DB-HA-Manager/frontend/node_modules/@babel/parser/lib/index.js:12426:12)
      at TypeScriptParserMixin.parseMaybeAssignAllowIn (/home/lujingwei/DB-HA-Manager/frontend/node_modules/@babel/parser/lib/index.js:10800:17)
      at TypeScriptParserMixin.parseMaybeAssignAllowInOrVoidPattern (/home/lujingwei/DB-HA-Manager/frontend/node_modules/@babel/parser/lib/index.js:12493:17)
      at TypeScriptParserMixin.parseParenAndDistinguishExpression (/home/lujingwei/DB-HA-Manager/frontend/node_modules/@babel/parser/lib/index.js:11675:28)
      at TypeScriptParserMixin.parseExprAtom (/home/lujingwei/DB-HA-Manager/frontend/node_modules/@babel/parser/lib/index.js:11331:23)
      at TypeScriptParserMixin.parseExprAtom (/home/lujingwei/DB-HA-Manager/frontend/node_modules/@babel/parser/lib/index.js:4764:20)
      at TypeScriptParserMixin.parseExprSubscripts (/home/lujingwei/DB-HA-Manager/frontend/node_modules/@babel/parser/lib/index.js:11081:23)
      at TypeScriptParserMixin.parseUpdate (/home/lujingwei/DB-HA-Manager/frontend/node_modules/@babel/parser/lib/index.js:11066:21)
      at TypeScriptParserMixin.parseMaybeUnary (/home/lujingwei/DB-HA-Manager/frontend/node_modules/@babel/parser/lib/index.js:11046:23)
      at TypeScriptParserMixin.parseMaybeUnary (/home/lujingwei/DB-HA-Manager/frontend/node_modules/@babel/parser/lib/index.js:9837:18)
      at TypeScriptParserMixin.parseMaybeUnaryOrPrivate (/home/lujingwei/DB-HA-Manager/frontend/node_modules/@babel/parser/lib/index.js:10899:61)
      at TypeScriptParserMixin.parseExprOps (/home/lujingwei/DB-HA-Manager/frontend/node_modules/@babel/parser/lib/index.js:10904:23)
      at TypeScriptParserMixin.parseMaybeConditional (/home/lujingwei/DB-HA-Manager/frontend/node_modules/@babel/parser/lib/index.js:10881:23)
      at TypeScriptParserMixin.parseMaybeAssign (/home/lujingwei/DB-HA-Manager/frontend/node_modules/@babel/parser/lib/index.js:10831:21)
      at TypeScriptParserMixin.parseMaybeAssign (/home/lujingwei/DB-HA-Manager/frontend/node_modules/@babel/parser/lib/index.js:9786:20)
      at /home/lujingwei/DB-HA-Manager/frontend/node_modules/@babel/parser/lib/index.js:10800:39
      at TypeScriptParserMixin.allowInAnd (/home/lujingwei/DB-HA-Manager/frontend/node_modules/@babel/parser/lib/index.js:12426:12)
      at TypeScriptParserMixin.parseMaybeAssignAllowIn (/home/lujingwei/DB-HA-Manager/frontend/node_modules/@babel/parser/lib/index.js:10800:17)
      at TypeScriptParserMixin.parseMaybeAssignAllowInOrVoidPattern (/home/lujingwei/DB-HA-Manager/frontend/node_modules/@babel/parser/lib/index.js:12493:17)
      at TypeScriptParserMixin.parseObjectProperty (/home/lujingwei/DB-HA-Manager/frontend/node_modules/@babel/parser/lib/index.js:11950:83)
      at TypeScriptParserMixin.parseObjPropValue (/home/lujingwei/DB-HA-Manager/frontend/node_modules/@babel/parser/lib/index.js:11978:100)
3:54:57 PM [vite] hmr update /src/pages/SetupWizard.tsx
3:54:57 PM [vite] Internal server error: /home/lujingwei/DB-HA-Manager/frontend/src/pages/SetupWizard.tsx: Expecting Unicode escape sequence \uXXXX. (995:28)

  993 |         title: '主备 IP 相同',
  994 |         content: (
> 995 |           <Space direction=\"vertical\" size={8}>
      |                             ^
  996 |             <Text>主备同机存在数据风险，请确认您已理解风险。</Text>
  997 |             <Text type=\"secondary\">继续将沿用单机路径策略，请确保具备隔离与备份计划。</Text>
  998 |           </Space>
  Plugin: vite:react-babel
  File: /home/lujingwei/DB-HA-Manager/frontend/src/pages/SetupWizard.tsx:995:28
  993|          title: '主备 IP 相同',
  994|          content: (
  995|            <Space direction=\"vertical\" size={8}>
     |                              ^
  996|              <Text>主备同机存在数据风险，请确认您已理解风险。</Text>
  997|              <Text type=\"secondary\">继续将沿用单机路径策略，请确保具备隔离与备份计划。</Text>
      at constructor (/home/lujingwei/DB-HA-Manager/frontend/node_modules/@babel/parser/lib/index.js:365:19)
      at TypeScriptParserMixin.raise (/home/lujingwei/DB-HA-Manager/frontend/node_modules/@babel/parser/lib/index.js:6599:19)
      at TypeScriptParserMixin.readWord1 (/home/lujingwei/DB-HA-Manager/frontend/node_modules/@babel/parser/lib/index.js:6559:16)
      at TypeScriptParserMixin.readWord (/home/lujingwei/DB-HA-Manager/frontend/node_modules/@babel/parser/lib/index.js:6579:23)
      at TypeScriptParserMixin.getTokenFromCode (/home/lujingwei/DB-HA-Manager/frontend/node_modules/@babel/parser/lib/index.js:6298:14)
      at TypeScriptParserMixin.getTokenFromCode (/home/lujingwei/DB-HA-Manager/frontend/node_modules/@babel/parser/lib/index.js:4797:11)
      at TypeScriptParserMixin.getTokenFromCode (/home/lujingwei/DB-HA-Manager/frontend/node_modules/@babel/parser/lib/index.js:9987:11)
      at TypeScriptParserMixin.nextToken (/home/lujingwei/DB-HA-Manager/frontend/node_modules/@babel/parser/lib/index.js:5782:10)
      at TypeScriptParserMixin.next (/home/lujingwei/DB-HA-Manager/frontend/node_modules/@babel/parser/lib/index.js:5692:10)
      at TypeScriptParserMixin.eat (/home/lujingwei/DB-HA-Manager/frontend/node_modules/@babel/parser/lib/index.js:5696:12)
      at TypeScriptParserMixin.jsxParseAttribute (/home/lujingwei/DB-HA-Manager/frontend/node_modules/@babel/parser/lib/index.js:4653:23)
      at TypeScriptParserMixin.jsxParseOpeningElementAfterName (/home/lujingwei/DB-HA-Manager/frontend/node_modules/@babel/parser/lib/index.js:4667:28)
      at TypeScriptParserMixin.jsxParseOpeningElementAfterName (/home/lujingwei/DB-HA-Manager/frontend/node_modules/@babel/parser/lib/index.js:10043:18)
      at TypeScriptParserMixin.jsxParseOpeningElementAt (/home/lujingwei/DB-HA-Manager/frontend/node_modules/@babel/parser/lib/index.js:4662:17)
      at TypeScriptParserMixin.jsxParseElementAt (/home/lujingwei/DB-HA-Manager/frontend/node_modules/@babel/parser/lib/index.js:4686:33)
      at TypeScriptParserMixin.jsxParseElement (/home/lujingwei/DB-HA-Manager/frontend/node_modules/@babel/parser/lib/index.js:4749:17)
      at TypeScriptParserMixin.parseExprAtom (/home/lujingwei/DB-HA-Manager/frontend/node_modules/@babel/parser/lib/index.js:4759:19)
      at TypeScriptParserMixin.parseExprSubscripts (/home/lujingwei/DB-HA-Manager/frontend/node_modules/@babel/parser/lib/index.js:11081:23)
      at TypeScriptParserMixin.parseUpdate (/home/lujingwei/DB-HA-Manager/frontend/node_modules/@babel/parser/lib/index.js:11066:21)
      at TypeScriptParserMixin.parseMaybeUnary (/home/lujingwei/DB-HA-Manager/frontend/node_modules/@babel/parser/lib/index.js:11046:23)
      at TypeScriptParserMixin.parseMaybeUnary (/home/lujingwei/DB-HA-Manager/frontend/node_modules/@babel/parser/lib/index.js:9837:18)
      at TypeScriptParserMixin.parseMaybeUnaryOrPrivate (/home/lujingwei/DB-HA-Manager/frontend/node_modules/@babel/parser/lib/index.js:10899:61)
      at TypeScriptParserMixin.parseExprOps (/home/lujingwei/DB-HA-Manager/frontend/node_modules/@babel/parser/lib/index.js:10904:23)
      at TypeScriptParserMixin.parseMaybeConditional (/home/lujingwei/DB-HA-Manager/frontend/node_modules/@babel/parser/lib/index.js:10881:23)
      at TypeScriptParserMixin.parseMaybeAssign (/home/lujingwei/DB-HA-Manager/frontend/node_modules/@babel/parser/lib/index.js:10831:21)
      at /home/lujingwei/DB-HA-Manager/frontend/node_modules/@babel/parser/lib/index.js:9775:39
      at TypeScriptParserMixin.tryParse (/home/lujingwei/DB-HA-Manager/frontend/node_modules/@babel/parser/lib/index.js:6907:20)
      at TypeScriptParserMixin.parseMaybeAssign (/home/lujingwei/DB-HA-Manager/frontend/node_modules/@babel/parser/lib/index.js:9775:18)
      at /home/lujingwei/DB-HA-Manager/frontend/node_modules/@babel/parser/lib/index.js:10800:39
      at TypeScriptParserMixin.allowInAnd (/home/lujingwei/DB-HA-Manager/frontend/node_modules/@babel/parser/lib/index.js:12426:12)
      at TypeScriptParserMixin.parseMaybeAssignAllowIn (/home/lujingwei/DB-HA-Manager/frontend/node_modules/@babel/parser/lib/index.js:10800:17)
      at TypeScriptParserMixin.parseMaybeAssignAllowInOrVoidPattern (/home/lujingwei/DB-HA-Manager/frontend/node_modules/@babel/parser/lib/index.js:12493:17)
      at TypeScriptParserMixin.parseParenAndDistinguishExpression (/home/lujingwei/DB-HA-Manager/frontend/node_modules/@babel/parser/lib/index.js:11675:28)
      at TypeScriptParserMixin.parseExprAtom (/home/lujingwei/DB-HA-Manager/frontend/node_modules/@babel/parser/lib/index.js:11331:23)
      at TypeScriptParserMixin.parseExprAtom (/home/lujingwei/DB-HA-Manager/frontend/node_modules/@babel/parser/lib/index.js:4764:20)
      at TypeScriptParserMixin.parseExprSubscripts (/home/lujingwei/DB-HA-Manager/frontend/node_modules/@babel/parser/lib/index.js:11081:23)
      at TypeScriptParserMixin.parseUpdate (/home/lujingwei/DB-HA-Manager/frontend/node_modules/@babel/parser/lib/index.js:11066:21)
      at TypeScriptParserMixin.parseMaybeUnary (/home/lujingwei/DB-HA-Manager/frontend/node_modules/@babel/parser/lib/index.js:11046:23)
      at TypeScriptParserMixin.parseMaybeUnary (/home/lujingwei/DB-HA-Manager/frontend/node_modules/@babel/parser/lib/index.js:9837:18)
      at TypeScriptParserMixin.parseMaybeUnaryOrPrivate (/home/lujingwei/DB-HA-Manager/frontend/node_modules/@babel/parser/lib/index.js:10899:61)
      at TypeScriptParserMixin.parseExprOps (/home/lujingwei/DB-HA-Manager/frontend/node_modules/@babel/parser/lib/index.js:10904:23)
      at TypeScriptParserMixin.parseMaybeConditional (/home/lujingwei/DB-HA-Manager/frontend/node_modules/@babel/parser/lib/index.js:10881:23)
      at TypeScriptParserMixin.parseMaybeAssign (/home/lujingwei/DB-HA-Manager/frontend/node_modules/@babel/parser/lib/index.js:10831:21)
      at TypeScriptParserMixin.parseMaybeAssign (/home/lujingwei/DB-HA-Manager/frontend/node_modules/@babel/parser/lib/index.js:9786:20)
      at /home/lujingwei/DB-HA-Manager/frontend/node_modules/@babel/parser/lib/index.js:10800:39
      at TypeScriptParserMixin.allowInAnd (/home/lujingwei/DB-HA-Manager/frontend/node_modules/@babel/parser/lib/index.js:12426:12)
      at TypeScriptParserMixin.parseMaybeAssignAllowIn (/home/lujingwei/DB-HA-Manager/frontend/node_modules/@babel/parser/lib/index.js:10800:17)
      at TypeScriptParserMixin.parseMaybeAssignAllowInOrVoidPattern (/home/lujingwei/DB-HA-Manager/frontend/node_modules/@babel/parser/lib/index.js:12493:17)
      at TypeScriptParserMixin.parseObjectProperty (/home/lujingwei/DB-HA-Manager/frontend/node_modules/@babel/parser/lib/index.js:11950:83)
      at TypeScriptParserMixin.parseObjPropValue (/home/lujingwei/DB-HA-Manager/frontend/node_modules/@babel/parser/lib/index.js:11978:100)
3:54:59 PM [vite] hmr update /src/pages/SetupWizard.tsx
3:54:59 PM [vite] Internal server error: /home/lujingwei/DB-HA-Manager/frontend/src/pages/SetupWizard.tsx: Expecting Unicode escape sequence \uXXXX. (995:28)

  993 |         title: '主备 IP 相同',
  994 |         content: (
> 995 |           <Space direction=\"vertical\" size={8}>
      |                             ^
  996 |             <Text>主备同机存在数据风险，请确认您已理解风险。</Text>
  997 |             <Text type=\"secondary\">继续将沿用单机路径策略，请确保具备隔离与备份计划。</Text>
  998 |           </Space>
  Plugin: vite:react-babel
  File: /home/lujingwei/DB-HA-Manager/frontend/src/pages/SetupWizard.tsx:995:28
  993|          title: '主备 IP 相同',
  994|          content: (
  995|            <Space direction=\"vertical\" size={8}>
     |                              ^
  996|              <Text>主备同机存在数据风险，请确认您已理解风险。</Text>
  997|              <Text type=\"secondary\">继续将沿用单机路径策略，请确保具备隔离与备份计划。</Text>
      at constructor (/home/lujingwei/DB-HA-Manager/frontend/node_modules/@babel/parser/lib/index.js:365:19)
      at TypeScriptParserMixin.raise (/home/lujingwei/DB-HA-Manager/frontend/node_modules/@babel/parser/lib/index.js:6599:19)
      at TypeScriptParserMixin.readWord1 (/home/lujingwei/DB-HA-Manager/frontend/node_modules/@babel/parser/lib/index.js:6559:16)
      at TypeScriptParserMixin.readWord (/home/lujingwei/DB-HA-Manager/frontend/node_modules/@babel/parser/lib/index.js:6579:23)
      at TypeScriptParserMixin.getTokenFromCode (/home/lujingwei/DB-HA-Manager/frontend/node_modules/@babel/parser/lib/index.js:6298:14)
      at TypeScriptParserMixin.getTokenFromCode (/home/lujingwei/DB-HA-Manager/frontend/node_modules/@babel/parser/lib/index.js:4797:11)
      at TypeScriptParserMixin.getTokenFromCode (/home/lujingwei/DB-HA-Manager/frontend/node_modules/@babel/parser/lib/index.js:9987:11)
      at TypeScriptParserMixin.nextToken (/home/lujingwei/DB-HA-Manager/frontend/node_modules/@babel/parser/lib/index.js:5782:10)
      at TypeScriptParserMixin.next (/home/lujingwei/DB-HA-Manager/frontend/node_modules/@babel/parser/lib/index.js:5692:10)
      at TypeScriptParserMixin.eat (/home/lujingwei/DB-HA-Manager/frontend/node_modules/@babel/parser/lib/index.js:5696:12)
      at TypeScriptParserMixin.jsxParseAttribute (/home/lujingwei/DB-HA-Manager/frontend/node_modules/@babel/parser/lib/index.js:4653:23)
      at TypeScriptParserMixin.jsxParseOpeningElementAfterName (/home/lujingwei/DB-HA-Manager/frontend/node_modules/@babel/parser/lib/index.js:4667:28)
      at TypeScriptParserMixin.jsxParseOpeningElementAfterName (/home/lujingwei/DB-HA-Manager/frontend/node_modules/@babel/parser/lib/index.js:10043:18)
      at TypeScriptParserMixin.jsxParseOpeningElementAt (/home/lujingwei/DB-HA-Manager/frontend/node_modules/@babel/parser/lib/index.js:4662:17)
      at TypeScriptParserMixin.jsxParseElementAt (/home/lujingwei/DB-HA-Manager/frontend/node_modules/@babel/parser/lib/index.js:4686:33)
      at TypeScriptParserMixin.jsxParseElement (/home/lujingwei/DB-HA-Manager/frontend/node_modules/@babel/parser/lib/index.js:4749:17)
      at TypeScriptParserMixin.parseExprAtom (/home/lujingwei/DB-HA-Manager/frontend/node_modules/@babel/parser/lib/index.js:4759:19)
      at TypeScriptParserMixin.parseExprSubscripts (/home/lujingwei/DB-HA-Manager/frontend/node_modules/@babel/parser/lib/index.js:11081:23)
      at TypeScriptParserMixin.parseUpdate (/home/lujingwei/DB-HA-Manager/frontend/node_modules/@babel/parser/lib/index.js:11066:21)
      at TypeScriptParserMixin.parseMaybeUnary (/home/lujingwei/DB-HA-Manager/frontend/node_modules/@babel/parser/lib/index.js:11046:23)
      at TypeScriptParserMixin.parseMaybeUnary (/home/lujingwei/DB-HA-Manager/frontend/node_modules/@babel/parser/lib/index.js:9837:18)
      at TypeScriptParserMixin.parseMaybeUnaryOrPrivate (/home/lujingwei/DB-HA-Manager/frontend/node_modules/@babel/parser/lib/index.js:10899:61)
      at TypeScriptParserMixin.parseExprOps (/home/lujingwei/DB-HA-Manager/frontend/node_modules/@babel/parser/lib/index.js:10904:23)
      at TypeScriptParserMixin.parseMaybeConditional (/home/lujingwei/DB-HA-Manager/frontend/node_modules/@babel/parser/lib/index.js:10881:23)
      at TypeScriptParserMixin.parseMaybeAssign (/home/lujingwei/DB-HA-Manager/frontend/node_modules/@babel/parser/lib/index.js:10831:21)
      at /home/lujingwei/DB-HA-Manager/frontend/node_modules/@babel/parser/lib/index.js:9775:39
      at TypeScriptParserMixin.tryParse (/home/lujingwei/DB-HA-Manager/frontend/node_modules/@babel/parser/lib/index.js:6907:20)
      at TypeScriptParserMixin.parseMaybeAssign (/home/lujingwei/DB-HA-Manager/frontend/node_modules/@babel/parser/lib/index.js:9775:18)
      at /home/lujingwei/DB-HA-Manager/frontend/node_modules/@babel/parser/lib/index.js:10800:39
      at TypeScriptParserMixin.allowInAnd (/home/lujingwei/DB-HA-Manager/frontend/node_modules/@babel/parser/lib/index.js:12426:12)
      at TypeScriptParserMixin.parseMaybeAssignAllowIn (/home/lujingwei/DB-HA-Manager/frontend/node_modules/@babel/parser/lib/index.js:10800:17)
      at TypeScriptParserMixin.parseMaybeAssignAllowInOrVoidPattern (/home/lujingwei/DB-HA-Manager/frontend/node_modules/@babel/parser/lib/index.js:12493:17)
      at TypeScriptParserMixin.parseParenAndDistinguishExpression (/home/lujingwei/DB-HA-Manager/frontend/node_modules/@babel/parser/lib/index.js:11675:28)
      at TypeScriptParserMixin.parseExprAtom (/home/lujingwei/DB-HA-Manager/frontend/node_modules/@babel/parser/lib/index.js:11331:23)
      at TypeScriptParserMixin.parseExprAtom (/home/lujingwei/DB-HA-Manager/frontend/node_modules/@babel/parser/lib/index.js:4764:20)
      at TypeScriptParserMixin.parseExprSubscripts (/home/lujingwei/DB-HA-Manager/frontend/node_modules/@babel/parser/lib/index.js:11081:23)
      at TypeScriptParserMixin.parseUpdate (/home/lujingwei/DB-HA-Manager/frontend/node_modules/@babel/parser/lib/index.js:11066:21)
      at TypeScriptParserMixin.parseMaybeUnary (/home/lujingwei/DB-HA-Manager/frontend/node_modules/@babel/parser/lib/index.js:11046:23)
      at TypeScriptParserMixin.parseMaybeUnary (/home/lujingwei/DB-HA-Manager/frontend/node_modules/@babel/parser/lib/index.js:9837:18)
      at TypeScriptParserMixin.parseMaybeUnaryOrPrivate (/home/lujingwei/DB-HA-Manager/frontend/node_modules/@babel/parser/lib/index.js:10899:61)
      at TypeScriptParserMixin.parseExprOps (/home/lujingwei/DB-HA-Manager/frontend/node_modules/@babel/parser/lib/index.js:10904:23)
      at TypeScriptParserMixin.parseMaybeConditional (/home/lujingwei/DB-HA-Manager/frontend/node_modules/@babel/parser/lib/index.js:10881:23)
      at TypeScriptParserMixin.parseMaybeAssign (/home/lujingwei/DB-HA-Manager/frontend/node_modules/@babel/parser/lib/index.js:10831:21)
      at TypeScriptParserMixin.parseMaybeAssign (/home/lujingwei/DB-HA-Manager/frontend/node_modules/@babel/parser/lib/index.js:9786:20)
      at /home/lujingwei/DB-HA-Manager/frontend/node_modules/@babel/parser/lib/index.js:10800:39
      at TypeScriptParserMixin.allowInAnd (/home/lujingwei/DB-HA-Manager/frontend/node_modules/@babel/parser/lib/index.js:12426:12)
      at TypeScriptParserMixin.parseMaybeAssignAllowIn (/home/lujingwei/DB-HA-Manager/frontend/node_modules/@babel/parser/lib/index.js:10800:17)
      at TypeScriptParserMixin.parseMaybeAssignAllowInOrVoidPattern (/home/lujingwei/DB-HA-Manager/frontend/node_modules/@babel/parser/lib/index.js:12493:17)
      at TypeScriptParserMixin.parseObjectProperty (/home/lujingwei/DB-HA-Manager/frontend/node_modules/@babel/parser/lib/index.js:11950:83)
      at TypeScriptParserMixin.parseObjPropValue (/home/lujingwei/DB-HA-Manager/frontend/node_modules/@babel/parser/lib/index.js:11978:100)
3:55:02 PM [vite] hmr update /src/pages/SetupWizard.tsx
3:55:02 PM [vite] Internal server error: /home/lujingwei/DB-HA-Manager/frontend/src/pages/SetupWizard.tsx: Expecting Unicode escape sequence \uXXXX. (995:28)

  993 |         title: '主备 IP 相同',
  994 |         content: (
> 995 |           <Space direction=\"vertical\" size={8}>
      |                             ^
  996 |             <Text>主备同机存在数据风险，请确认您已理解风险。</Text>
  997 |             <Text type=\"secondary\">继续将沿用单机路径策略，请确保具备隔离与备份计划。</Text>
  998 |           </Space>
  Plugin: vite:react-babel
  File: /home/lujingwei/DB-HA-Manager/frontend/src/pages/SetupWizard.tsx:995:28
  993|          title: '主备 IP 相同',
  994|          content: (
  995|            <Space direction=\"vertical\" size={8}>
     |                              ^
  996|              <Text>主备同机存在数据风险，请确认您已理解风险。</Text>
  997|              <Text type=\"secondary\">继续将沿用单机路径策略，请确保具备隔离与备份计划。</Text>
      at constructor (/home/lujingwei/DB-HA-Manager/frontend/node_modules/@babel/parser/lib/index.js:365:19)
      at TypeScriptParserMixin.raise (/home/lujingwei/DB-HA-Manager/frontend/node_modules/@babel/parser/lib/index.js:6599:19)
      at TypeScriptParserMixin.readWord1 (/home/lujingwei/DB-HA-Manager/frontend/node_modules/@babel/parser/lib/index.js:6559:16)
      at TypeScriptParserMixin.readWord (/home/lujingwei/DB-HA-Manager/frontend/node_modules/@babel/parser/lib/index.js:6579:23)
      at TypeScriptParserMixin.getTokenFromCode (/home/lujingwei/DB-HA-Manager/frontend/node_modules/@babel/parser/lib/index.js:6298:14)
      at TypeScriptParserMixin.getTokenFromCode (/home/lujingwei/DB-HA-Manager/frontend/node_modules/@babel/parser/lib/index.js:4797:11)
      at TypeScriptParserMixin.getTokenFromCode (/home/lujingwei/DB-HA-Manager/frontend/node_modules/@babel/parser/lib/index.js:9987:11)
      at TypeScriptParserMixin.nextToken (/home/lujingwei/DB-HA-Manager/frontend/node_modules/@babel/parser/lib/index.js:5782:10)
      at TypeScriptParserMixin.next (/home/lujingwei/DB-HA-Manager/frontend/node_modules/@babel/parser/lib/index.js:5692:10)
      at TypeScriptParserMixin.eat (/home/lujingwei/DB-HA-Manager/frontend/node_modules/@babel/parser/lib/index.js:5696:12)
      at TypeScriptParserMixin.jsxParseAttribute (/home/lujingwei/DB-HA-Manager/frontend/node_modules/@babel/parser/lib/index.js:4653:23)
      at TypeScriptParserMixin.jsxParseOpeningElementAfterName (/home/lujingwei/DB-HA-Manager/frontend/node_modules/@babel/parser/lib/index.js:4667:28)
      at TypeScriptParserMixin.jsxParseOpeningElementAfterName (/home/lujingwei/DB-HA-Manager/frontend/node_modules/@babel/parser/lib/index.js:10043:18)
      at TypeScriptParserMixin.jsxParseOpeningElementAt (/home/lujingwei/DB-HA-Manager/frontend/node_modules/@babel/parser/lib/index.js:4662:17)
      at TypeScriptParserMixin.jsxParseElementAt (/home/lujingwei/DB-HA-Manager/frontend/node_modules/@babel/parser/lib/index.js:4686:33)
      at TypeScriptParserMixin.jsxParseElement (/home/lujingwei/DB-HA-Manager/frontend/node_modules/@babel/parser/lib/index.js:4749:17)
      at TypeScriptParserMixin.parseExprAtom (/home/lujingwei/DB-HA-Manager/frontend/node_modules/@babel/parser/lib/index.js:4759:19)
      at TypeScriptParserMixin.parseExprSubscripts (/home/lujingwei/DB-HA-Manager/frontend/node_modules/@babel/parser/lib/index.js:11081:23)
      at TypeScriptParserMixin.parseUpdate (/home/lujingwei/DB-HA-Manager/frontend/node_modules/@babel/parser/lib/index.js:11066:21)
      at TypeScriptParserMixin.parseMaybeUnary (/home/lujingwei/DB-HA-Manager/frontend/node_modules/@babel/parser/lib/index.js:11046:23)
      at TypeScriptParserMixin.parseMaybeUnary (/home/lujingwei/DB-HA-Manager/frontend/node_modules/@babel/parser/lib/index.js:9837:18)
      at TypeScriptParserMixin.parseMaybeUnaryOrPrivate (/home/lujingwei/DB-HA-Manager/frontend/node_modules/@babel/parser/lib/index.js:10899:61)
      at TypeScriptParserMixin.parseExprOps (/home/lujingwei/DB-HA-Manager/frontend/node_modules/@babel/parser/lib/index.js:10904:23)
      at TypeScriptParserMixin.parseMaybeConditional (/home/lujingwei/DB-HA-Manager/frontend/node_modules/@babel/parser/lib/index.js:10881:23)
      at TypeScriptParserMixin.parseMaybeAssign (/home/lujingwei/DB-HA-Manager/frontend/node_modules/@babel/parser/lib/index.js:10831:21)
      at /home/lujingwei/DB-HA-Manager/frontend/node_modules/@babel/parser/lib/index.js:9775:39
      at TypeScriptParserMixin.tryParse (/home/lujingwei/DB-HA-Manager/frontend/node_modules/@babel/parser/lib/index.js:6907:20)
      at TypeScriptParserMixin.parseMaybeAssign (/home/lujingwei/DB-HA-Manager/frontend/node_modules/@babel/parser/lib/index.js:9775:18)
      at /home/lujingwei/DB-HA-Manager/frontend/node_modules/@babel/parser/lib/index.js:10800:39
      at TypeScriptParserMixin.allowInAnd (/home/lujingwei/DB-HA-Manager/frontend/node_modules/@babel/parser/lib/index.js:12426:12)
      at TypeScriptParserMixin.parseMaybeAssignAllowIn (/home/lujingwei/DB-HA-Manager/frontend/node_modules/@babel/parser/lib/index.js:10800:17)
      at TypeScriptParserMixin.parseMaybeAssignAllowInOrVoidPattern (/home/lujingwei/DB-HA-Manager/frontend/node_modules/@babel/parser/lib/index.js:12493:17)
      at TypeScriptParserMixin.parseParenAndDistinguishExpression (/home/lujingwei/DB-HA-Manager/frontend/node_modules/@babel/parser/lib/index.js:11675:28)
      at TypeScriptParserMixin.parseExprAtom (/home/lujingwei/DB-HA-Manager/frontend/node_modules/@babel/parser/lib/index.js:11331:23)
      at TypeScriptParserMixin.parseExprAtom (/home/lujingwei/DB-HA-Manager/frontend/node_modules/@babel/parser/lib/index.js:4764:20)
      at TypeScriptParserMixin.parseExprSubscripts (/home/lujingwei/DB-HA-Manager/frontend/node_modules/@babel/parser/lib/index.js:11081:23)
      at TypeScriptParserMixin.parseUpdate (/home/lujingwei/DB-HA-Manager/frontend/node_modules/@babel/parser/lib/index.js:11066:21)
      at TypeScriptParserMixin.parseMaybeUnary (/home/lujingwei/DB-HA-Manager/frontend/node_modules/@babel/parser/lib/index.js:11046:23)
      at TypeScriptParserMixin.parseMaybeUnary (/home/lujingwei/DB-HA-Manager/frontend/node_modules/@babel/parser/lib/index.js:9837:18)
      at TypeScriptParserMixin.parseMaybeUnaryOrPrivate (/home/lujingwei/DB-HA-Manager/frontend/node_modules/@babel/parser/lib/index.js:10899:61)
      at TypeScriptParserMixin.parseExprOps (/home/lujingwei/DB-HA-Manager/frontend/node_modules/@babel/parser/lib/index.js:10904:23)
      at TypeScriptParserMixin.parseMaybeConditional (/home/lujingwei/DB-HA-Manager/frontend/node_modules/@babel/parser/lib/index.js:10881:23)
      at TypeScriptParserMixin.parseMaybeAssign (/home/lujingwei/DB-HA-Manager/frontend/node_modules/@babel/parser/lib/index.js:10831:21)
      at TypeScriptParserMixin.parseMaybeAssign (/home/lujingwei/DB-HA-Manager/frontend/node_modules/@babel/parser/lib/index.js:9786:20)
      at /home/lujingwei/DB-HA-Manager/frontend/node_modules/@babel/parser/lib/index.js:10800:39
      at TypeScriptParserMixin.allowInAnd (/home/lujingwei/DB-HA-Manager/frontend/node_modules/@babel/parser/lib/index.js:12426:12)
      at TypeScriptParserMixin.parseMaybeAssignAllowIn (/home/lujingwei/DB-HA-Manager/frontend/node_modules/@babel/parser/lib/index.js:10800:17)
      at TypeScriptParserMixin.parseMaybeAssignAllowInOrVoidPattern (/home/lujingwei/DB-HA-Manager/frontend/node_modules/@babel/parser/lib/index.js:12493:17)
      at TypeScriptParserMixin.parseObjectProperty (/home/lujingwei/DB-HA-Manager/frontend/node_modules/@babel/parser/lib/index.js:11950:83)
      at TypeScriptParserMixin.parseObjPropValue (/home/lujingwei/DB-HA-Manager/frontend/node_modules/@babel/parser/lib/index.js:11978:100)
4:01:51 PM [vite] hmr update /src/pages/SetupWizard.tsx
4:01:52 PM [vite] Internal server error: /home/lujingwei/DB-HA-Manager/frontend/src/pages/SetupWizard.tsx: Expecting Unicode escape sequence \uXXXX. (998:28)

   996 |         title: '主备 IP 相同',
   997 |         content: (
>  998 |           <Space direction=\"vertical\" size={8}>
       |                             ^
   999 |             <Text>主备同机存在数据风险，请确认您已理解风险。</Text>
  1000 |             <Text type=\"secondary\">继续将沿用单机路径策略，请确保具备隔离与备份计划。</Text>
  1001 |           </Space>
  Plugin: vite:react-babel
  File: /home/lujingwei/DB-HA-Manager/frontend/src/pages/SetupWizard.tsx:998:28
  996|          title: '主备 IP 相同',
  997|          content: (
  998|            <Space direction=\"vertical\" size={8}>
     |                              ^
  999|              <Text>主备同机存在数据风险，请确认您已理解风险。</Text>
  1000|              <Text type=\"secondary\">继续将沿用单机路径策略，请确保具备隔离与备份计划。</Text>
      at constructor (/home/lujingwei/DB-HA-Manager/frontend/node_modules/@babel/parser/lib/index.js:365:19)
      at TypeScriptParserMixin.raise (/home/lujingwei/DB-HA-Manager/frontend/node_modules/@babel/parser/lib/index.js:6599:19)
      at TypeScriptParserMixin.readWord1 (/home/lujingwei/DB-HA-Manager/frontend/node_modules/@babel/parser/lib/index.js:6559:16)
      at TypeScriptParserMixin.readWord (/home/lujingwei/DB-HA-Manager/frontend/node_modules/@babel/parser/lib/index.js:6579:23)
      at TypeScriptParserMixin.getTokenFromCode (/home/lujingwei/DB-HA-Manager/frontend/node_modules/@babel/parser/lib/index.js:6298:14)
      at TypeScriptParserMixin.getTokenFromCode (/home/lujingwei/DB-HA-Manager/frontend/node_modules/@babel/parser/lib/index.js:4797:11)
      at TypeScriptParserMixin.getTokenFromCode (/home/lujingwei/DB-HA-Manager/frontend/node_modules/@babel/parser/lib/index.js:9987:11)
      at TypeScriptParserMixin.nextToken (/home/lujingwei/DB-HA-Manager/frontend/node_modules/@babel/parser/lib/index.js:5782:10)
      at TypeScriptParserMixin.next (/home/lujingwei/DB-HA-Manager/frontend/node_modules/@babel/parser/lib/index.js:5692:10)
      at TypeScriptParserMixin.eat (/home/lujingwei/DB-HA-Manager/frontend/node_modules/@babel/parser/lib/index.js:5696:12)
      at TypeScriptParserMixin.jsxParseAttribute (/home/lujingwei/DB-HA-Manager/frontend/node_modules/@babel/parser/lib/index.js:4653:23)
      at TypeScriptParserMixin.jsxParseOpeningElementAfterName (/home/lujingwei/DB-HA-Manager/frontend/node_modules/@babel/parser/lib/index.js:4667:28)
      at TypeScriptParserMixin.jsxParseOpeningElementAfterName (/home/lujingwei/DB-HA-Manager/frontend/node_modules/@babel/parser/lib/index.js:10043:18)
      at TypeScriptParserMixin.jsxParseOpeningElementAt (/home/lujingwei/DB-HA-Manager/frontend/node_modules/@babel/parser/lib/index.js:4662:17)
      at TypeScriptParserMixin.jsxParseElementAt (/home/lujingwei/DB-HA-Manager/frontend/node_modules/@babel/parser/lib/index.js:4686:33)
      at TypeScriptParserMixin.jsxParseElement (/home/lujingwei/DB-HA-Manager/frontend/node_modules/@babel/parser/lib/index.js:4749:17)
      at TypeScriptParserMixin.parseExprAtom (/home/lujingwei/DB-HA-Manager/frontend/node_modules/@babel/parser/lib/index.js:4759:19)
      at TypeScriptParserMixin.parseExprSubscripts (/home/lujingwei/DB-HA-Manager/frontend/node_modules/@babel/parser/lib/index.js:11081:23)
      at TypeScriptParserMixin.parseUpdate (/home/lujingwei/DB-HA-Manager/frontend/node_modules/@babel/parser/lib/index.js:11066:21)
      at TypeScriptParserMixin.parseMaybeUnary (/home/lujingwei/DB-HA-Manager/frontend/node_modules/@babel/parser/lib/index.js:11046:23)
      at TypeScriptParserMixin.parseMaybeUnary (/home/lujingwei/DB-HA-Manager/frontend/node_modules/@babel/parser/lib/index.js:9837:18)
      at TypeScriptParserMixin.parseMaybeUnaryOrPrivate (/home/lujingwei/DB-HA-Manager/frontend/node_modules/@babel/parser/lib/index.js:10899:61)
      at TypeScriptParserMixin.parseExprOps (/home/lujingwei/DB-HA-Manager/frontend/node_modules/@babel/parser/lib/index.js:10904:23)
      at TypeScriptParserMixin.parseMaybeConditional (/home/lujingwei/DB-HA-Manager/frontend/node_modules/@babel/parser/lib/index.js:10881:23)
      at TypeScriptParserMixin.parseMaybeAssign (/home/lujingwei/DB-HA-Manager/frontend/node_modules/@babel/parser/lib/index.js:10831:21)
      at /home/lujingwei/DB-HA-Manager/frontend/node_modules/@babel/parser/lib/index.js:9775:39
      at TypeScriptParserMixin.tryParse (/home/lujingwei/DB-HA-Manager/frontend/node_modules/@babel/parser/lib/index.js:6907:20)
      at TypeScriptParserMixin.parseMaybeAssign (/home/lujingwei/DB-HA-Manager/frontend/node_modules/@babel/parser/lib/index.js:9775:18)
      at /home/lujingwei/DB-HA-Manager/frontend/node_modules/@babel/parser/lib/index.js:10800:39
      at TypeScriptParserMixin.allowInAnd (/home/lujingwei/DB-HA-Manager/frontend/node_modules/@babel/parser/lib/index.js:12426:12)
      at TypeScriptParserMixin.parseMaybeAssignAllowIn (/home/lujingwei/DB-HA-Manager/frontend/node_modules/@babel/parser/lib/index.js:10800:17)
      at TypeScriptParserMixin.parseMaybeAssignAllowInOrVoidPattern (/home/lujingwei/DB-HA-Manager/frontend/node_modules/@babel/parser/lib/index.js:12493:17)
      at TypeScriptParserMixin.parseParenAndDistinguishExpression (/home/lujingwei/DB-HA-Manager/frontend/node_modules/@babel/parser/lib/index.js:11675:28)
      at TypeScriptParserMixin.parseExprAtom (/home/lujingwei/DB-HA-Manager/frontend/node_modules/@babel/parser/lib/index.js:11331:23)
      at TypeScriptParserMixin.parseExprAtom (/home/lujingwei/DB-HA-Manager/frontend/node_modules/@babel/parser/lib/index.js:4764:20)
      at TypeScriptParserMixin.parseExprSubscripts (/home/lujingwei/DB-HA-Manager/frontend/node_modules/@babel/parser/lib/index.js:11081:23)
      at TypeScriptParserMixin.parseUpdate (/home/lujingwei/DB-HA-Manager/frontend/node_modules/@babel/parser/lib/index.js:11066:21)
      at TypeScriptParserMixin.parseMaybeUnary (/home/lujingwei/DB-HA-Manager/frontend/node_modules/@babel/parser/lib/index.js:11046:23)
      at TypeScriptParserMixin.parseMaybeUnary (/home/lujingwei/DB-HA-Manager/frontend/node_modules/@babel/parser/lib/index.js:9837:18)
      at TypeScriptParserMixin.parseMaybeUnaryOrPrivate (/home/lujingwei/DB-HA-Manager/frontend/node_modules/@babel/parser/lib/index.js:10899:61)
      at TypeScriptParserMixin.parseExprOps (/home/lujingwei/DB-HA-Manager/frontend/node_modules/@babel/parser/lib/index.js:10904:23)
      at TypeScriptParserMixin.parseMaybeConditional (/home/lujingwei/DB-HA-Manager/frontend/node_modules/@babel/parser/lib/index.js:10881:23)
      at TypeScriptParserMixin.parseMaybeAssign (/home/lujingwei/DB-HA-Manager/frontend/node_modules/@babel/parser/lib/index.js:10831:21)
      at TypeScriptParserMixin.parseMaybeAssign (/home/lujingwei/DB-HA-Manager/frontend/node_modules/@babel/parser/lib/index.js:9786:20)
      at /home/lujingwei/DB-HA-Manager/frontend/node_modules/@babel/parser/lib/index.js:10800:39
      at TypeScriptParserMixin.allowInAnd (/home/lujingwei/DB-HA-Manager/frontend/node_modules/@babel/parser/lib/index.js:12426:12)
      at TypeScriptParserMixin.parseMaybeAssignAllowIn (/home/lujingwei/DB-HA-Manager/frontend/node_modules/@babel/parser/lib/index.js:10800:17)
      at TypeScriptParserMixin.parseMaybeAssignAllowInOrVoidPattern (/home/lujingwei/DB-HA-Manager/frontend/node_modules/@babel/parser/lib/index.js:12493:17)
      at TypeScriptParserMixin.parseObjectProperty (/home/lujingwei/DB-HA-Manager/frontend/node_modules/@babel/parser/lib/index.js:11950:83)
      at TypeScriptParserMixin.parseObjPropValue (/home/lujingwei/DB-HA-Manager/frontend/node_modules/@babel/parser/lib/index.js:11978:100)
4:02:01 PM [vite] hmr update /src/pages/SetupWizard.tsx
4:02:01 PM [vite] Internal server error: /home/lujingwei/DB-HA-Manager/frontend/src/pages/SetupWizard.tsx: Expecting Unicode escape sequence \uXXXX. (998:28)

   996 |         title: '主备 IP 相同',
   997 |         content: (
>  998 |           <Space direction=\"vertical\" size={8}>
       |                             ^
   999 |             <Text>主备同机存在数据风险，请确认您已理解风险。</Text>
  1000 |             <Text type=\"secondary\">继续将沿用单机路径策略，请确保具备隔离与备份计划。</Text>
  1001 |           </Space>
  Plugin: vite:react-babel
  File: /home/lujingwei/DB-HA-Manager/frontend/src/pages/SetupWizard.tsx:998:28
  996|          title: '主备 IP 相同',
  997|          content: (
  998|            <Space direction=\"vertical\" size={8}>
     |                              ^
  999|              <Text>主备同机存在数据风险，请确认您已理解风险。</Text>
  1000|              <Text type=\"secondary\">继续将沿用单机路径策略，请确保具备隔离与备份计划。</Text>
      at constructor (/home/lujingwei/DB-HA-Manager/frontend/node_modules/@babel/parser/lib/index.js:365:19)
      at TypeScriptParserMixin.raise (/home/lujingwei/DB-HA-Manager/frontend/node_modules/@babel/parser/lib/index.js:6599:19)
      at TypeScriptParserMixin.readWord1 (/home/lujingwei/DB-HA-Manager/frontend/node_modules/@babel/parser/lib/index.js:6559:16)
      at TypeScriptParserMixin.readWord (/home/lujingwei/DB-HA-Manager/frontend/node_modules/@babel/parser/lib/index.js:6579:23)
      at TypeScriptParserMixin.getTokenFromCode (/home/lujingwei/DB-HA-Manager/frontend/node_modules/@babel/parser/lib/index.js:6298:14)
      at TypeScriptParserMixin.getTokenFromCode (/home/lujingwei/DB-HA-Manager/frontend/node_modules/@babel/parser/lib/index.js:4797:11)
      at TypeScriptParserMixin.getTokenFromCode (/home/lujingwei/DB-HA-Manager/frontend/node_modules/@babel/parser/lib/index.js:9987:11)
      at TypeScriptParserMixin.nextToken (/home/lujingwei/DB-HA-Manager/frontend/node_modules/@babel/parser/lib/index.js:5782:10)
      at TypeScriptParserMixin.next (/home/lujingwei/DB-HA-Manager/frontend/node_modules/@babel/parser/lib/index.js:5692:10)
      at TypeScriptParserMixin.eat (/home/lujingwei/DB-HA-Manager/frontend/node_modules/@babel/parser/lib/index.js:5696:12)
      at TypeScriptParserMixin.jsxParseAttribute (/home/lujingwei/DB-HA-Manager/frontend/node_modules/@babel/parser/lib/index.js:4653:23)
      at TypeScriptParserMixin.jsxParseOpeningElementAfterName (/home/lujingwei/DB-HA-Manager/frontend/node_modules/@babel/parser/lib/index.js:4667:28)
      at TypeScriptParserMixin.jsxParseOpeningElementAfterName (/home/lujingwei/DB-HA-Manager/frontend/node_modules/@babel/parser/lib/index.js:10043:18)
      at TypeScriptParserMixin.jsxParseOpeningElementAt (/home/lujingwei/DB-HA-Manager/frontend/node_modules/@babel/parser/lib/index.js:4662:17)
      at TypeScriptParserMixin.jsxParseElementAt (/home/lujingwei/DB-HA-Manager/frontend/node_modules/@babel/parser/lib/index.js:4686:33)
      at TypeScriptParserMixin.jsxParseElement (/home/lujingwei/DB-HA-Manager/frontend/node_modules/@babel/parser/lib/index.js:4749:17)
      at TypeScriptParserMixin.parseExprAtom (/home/lujingwei/DB-HA-Manager/frontend/node_modules/@babel/parser/lib/index.js:4759:19)
      at TypeScriptParserMixin.parseExprSubscripts (/home/lujingwei/DB-HA-Manager/frontend/node_modules/@babel/parser/lib/index.js:11081:23)
      at TypeScriptParserMixin.parseUpdate (/home/lujingwei/DB-HA-Manager/frontend/node_modules/@babel/parser/lib/index.js:11066:21)
      at TypeScriptParserMixin.parseMaybeUnary (/home/lujingwei/DB-HA-Manager/frontend/node_modules/@babel/parser/lib/index.js:11046:23)
      at TypeScriptParserMixin.parseMaybeUnary (/home/lujingwei/DB-HA-Manager/frontend/node_modules/@babel/parser/lib/index.js:9837:18)
      at TypeScriptParserMixin.parseMaybeUnaryOrPrivate (/home/lujingwei/DB-HA-Manager/frontend/node_modules/@babel/parser/lib/index.js:10899:61)
      at TypeScriptParserMixin.parseExprOps (/home/lujingwei/DB-HA-Manager/frontend/node_modules/@babel/parser/lib/index.js:10904:23)
      at TypeScriptParserMixin.parseMaybeConditional (/home/lujingwei/DB-HA-Manager/frontend/node_modules/@babel/parser/lib/index.js:10881:23)
      at TypeScriptParserMixin.parseMaybeAssign (/home/lujingwei/DB-HA-Manager/frontend/node_modules/@babel/parser/lib/index.js:10831:21)
      at /home/lujingwei/DB-HA-Manager/frontend/node_modules/@babel/parser/lib/index.js:9775:39
      at TypeScriptParserMixin.tryParse (/home/lujingwei/DB-HA-Manager/frontend/node_modules/@babel/parser/lib/index.js:6907:20)
      at TypeScriptParserMixin.parseMaybeAssign (/home/lujingwei/DB-HA-Manager/frontend/node_modules/@babel/parser/lib/index.js:9775:18)
      at /home/lujingwei/DB-HA-Manager/frontend/node_modules/@babel/parser/lib/index.js:10800:39
      at TypeScriptParserMixin.allowInAnd (/home/lujingwei/DB-HA-Manager/frontend/node_modules/@babel/parser/lib/index.js:12426:12)
      at TypeScriptParserMixin.parseMaybeAssignAllowIn (/home/lujingwei/DB-HA-Manager/frontend/node_modules/@babel/parser/lib/index.js:10800:17)
      at TypeScriptParserMixin.parseMaybeAssignAllowInOrVoidPattern (/home/lujingwei/DB-HA-Manager/frontend/node_modules/@babel/parser/lib/index.js:12493:17)
      at TypeScriptParserMixin.parseParenAndDistinguishExpression (/home/lujingwei/DB-HA-Manager/frontend/node_modules/@babel/parser/lib/index.js:11675:28)
      at TypeScriptParserMixin.parseExprAtom (/home/lujingwei/DB-HA-Manager/frontend/node_modules/@babel/parser/lib/index.js:11331:23)
      at TypeScriptParserMixin.parseExprAtom (/home/lujingwei/DB-HA-Manager/frontend/node_modules/@babel/parser/lib/index.js:4764:20)
      at TypeScriptParserMixin.parseExprSubscripts (/home/lujingwei/DB-HA-Manager/frontend/node_modules/@babel/parser/lib/index.js:11081:23)
      at TypeScriptParserMixin.parseUpdate (/home/lujingwei/DB-HA-Manager/frontend/node_modules/@babel/parser/lib/index.js:11066:21)
      at TypeScriptParserMixin.parseMaybeUnary (/home/lujingwei/DB-HA-Manager/frontend/node_modules/@babel/parser/lib/index.js:11046:23)
      at TypeScriptParserMixin.parseMaybeUnary (/home/lujingwei/DB-HA-Manager/frontend/node_modules/@babel/parser/lib/index.js:9837:18)
      at TypeScriptParserMixin.parseMaybeUnaryOrPrivate (/home/lujingwei/DB-HA-Manager/frontend/node_modules/@babel/parser/lib/index.js:10899:61)
      at TypeScriptParserMixin.parseExprOps (/home/lujingwei/DB-HA-Manager/frontend/node_modules/@babel/parser/lib/index.js:10904:23)
      at TypeScriptParserMixin.parseMaybeConditional (/home/lujingwei/DB-HA-Manager/frontend/node_modules/@babel/parser/lib/index.js:10881:23)
      at TypeScriptParserMixin.parseMaybeAssign (/home/lujingwei/DB-HA-Manager/frontend/node_modules/@babel/parser/lib/index.js:10831:21)
      at TypeScriptParserMixin.parseMaybeAssign (/home/lujingwei/DB-HA-Manager/frontend/node_modules/@babel/parser/lib/index.js:9786:20)
      at /home/lujingwei/DB-HA-Manager/frontend/node_modules/@babel/parser/lib/index.js:10800:39
      at TypeScriptParserMixin.allowInAnd (/home/lujingwei/DB-HA-Manager/frontend/node_modules/@babel/parser/lib/index.js:12426:12)
      at TypeScriptParserMixin.parseMaybeAssignAllowIn (/home/lujingwei/DB-HA-Manager/frontend/node_modules/@babel/parser/lib/index.js:10800:17)
      at TypeScriptParserMixin.parseMaybeAssignAllowInOrVoidPattern (/home/lujingwei/DB-HA-Manager/frontend/node_modules/@babel/parser/lib/index.js:12493:17)
      at TypeScriptParserMixin.parseObjectProperty (/home/lujingwei/DB-HA-Manager/frontend/node_modules/@babel/parser/lib/index.js:11950:83)
      at TypeScriptParserMixin.parseObjPropValue (/home/lujingwei/DB-HA-Manager/frontend/node_modules/@babel/parser/lib/index.js:11978:100)
4:02:04 PM [vite] hmr update /src/pages/SetupWizard.tsx
4:02:04 PM [vite] Internal server error: /home/lujingwei/DB-HA-Manager/frontend/src/pages/SetupWizard.tsx: Expecting Unicode escape sequence \uXXXX. (998:28)

   996 |         title: '主备 IP 相同',
   997 |         content: (
>  998 |           <Space direction=\"vertical\" size={8}>
       |                             ^
   999 |             <Text>主备同机存在数据风险，请确认您已理解风险。</Text>
  1000 |             <Text type=\"secondary\">继续将沿用单机路径策略，请确保具备隔离与备份计划。</Text>
  1001 |           </Space>
  Plugin: vite:react-babel
  File: /home/lujingwei/DB-HA-Manager/frontend/src/pages/SetupWizard.tsx:998:28
  996|          title: '主备 IP 相同',
  997|          content: (
  998|            <Space direction=\"vertical\" size={8}>
     |                              ^
  999|              <Text>主备同机存在数据风险，请确认您已理解风险。</Text>
  1000|              <Text type=\"secondary\">继续将沿用单机路径策略，请确保具备隔离与备份计划。</Text>
      at constructor (/home/lujingwei/DB-HA-Manager/frontend/node_modules/@babel/parser/lib/index.js:365:19)
      at TypeScriptParserMixin.raise (/home/lujingwei/DB-HA-Manager/frontend/node_modules/@babel/parser/lib/index.js:6599:19)
      at TypeScriptParserMixin.readWord1 (/home/lujingwei/DB-HA-Manager/frontend/node_modules/@babel/parser/lib/index.js:6559:16)
      at TypeScriptParserMixin.readWord (/home/lujingwei/DB-HA-Manager/frontend/node_modules/@babel/parser/lib/index.js:6579:23)
      at TypeScriptParserMixin.getTokenFromCode (/home/lujingwei/DB-HA-Manager/frontend/node_modules/@babel/parser/lib/index.js:6298:14)
      at TypeScriptParserMixin.getTokenFromCode (/home/lujingwei/DB-HA-Manager/frontend/node_modules/@babel/parser/lib/index.js:4797:11)
      at TypeScriptParserMixin.getTokenFromCode (/home/lujingwei/DB-HA-Manager/frontend/node_modules/@babel/parser/lib/index.js:9987:11)
      at TypeScriptParserMixin.nextToken (/home/lujingwei/DB-HA-Manager/frontend/node_modules/@babel/parser/lib/index.js:5782:10)
      at TypeScriptParserMixin.next (/home/lujingwei/DB-HA-Manager/frontend/node_modules/@babel/parser/lib/index.js:5692:10)
      at TypeScriptParserMixin.eat (/home/lujingwei/DB-HA-Manager/frontend/node_modules/@babel/parser/lib/index.js:5696:12)
      at TypeScriptParserMixin.jsxParseAttribute (/home/lujingwei/DB-HA-Manager/frontend/node_modules/@babel/parser/lib/index.js:4653:23)
      at TypeScriptParserMixin.jsxParseOpeningElementAfterName (/home/lujingwei/DB-HA-Manager/frontend/node_modules/@babel/parser/lib/index.js:4667:28)
      at TypeScriptParserMixin.jsxParseOpeningElementAfterName (/home/lujingwei/DB-HA-Manager/frontend/node_modules/@babel/parser/lib/index.js:10043:18)
      at TypeScriptParserMixin.jsxParseOpeningElementAt (/home/lujingwei/DB-HA-Manager/frontend/node_modules/@babel/parser/lib/index.js:4662:17)
      at TypeScriptParserMixin.jsxParseElementAt (/home/lujingwei/DB-HA-Manager/frontend/node_modules/@babel/parser/lib/index.js:4686:33)
      at TypeScriptParserMixin.jsxParseElement (/home/lujingwei/DB-HA-Manager/frontend/node_modules/@babel/parser/lib/index.js:4749:17)
      at TypeScriptParserMixin.parseExprAtom (/home/lujingwei/DB-HA-Manager/frontend/node_modules/@babel/parser/lib/index.js:4759:19)
      at TypeScriptParserMixin.parseExprSubscripts (/home/lujingwei/DB-HA-Manager/frontend/node_modules/@babel/parser/lib/index.js:11081:23)
      at TypeScriptParserMixin.parseUpdate (/home/lujingwei/DB-HA-Manager/frontend/node_modules/@babel/parser/lib/index.js:11066:21)
      at TypeScriptParserMixin.parseMaybeUnary (/home/lujingwei/DB-HA-Manager/frontend/node_modules/@babel/parser/lib/index.js:11046:23)
      at TypeScriptParserMixin.parseMaybeUnary (/home/lujingwei/DB-HA-Manager/frontend/node_modules/@babel/parser/lib/index.js:9837:18)
      at TypeScriptParserMixin.parseMaybeUnaryOrPrivate (/home/lujingwei/DB-HA-Manager/frontend/node_modules/@babel/parser/lib/index.js:10899:61)
      at TypeScriptParserMixin.parseExprOps (/home/lujingwei/DB-HA-Manager/frontend/node_modules/@babel/parser/lib/index.js:10904:23)
      at TypeScriptParserMixin.parseMaybeConditional (/home/lujingwei/DB-HA-Manager/frontend/node_modules/@babel/parser/lib/index.js:10881:23)
      at TypeScriptParserMixin.parseMaybeAssign (/home/lujingwei/DB-HA-Manager/frontend/node_modules/@babel/parser/lib/index.js:10831:21)
      at /home/lujingwei/DB-HA-Manager/frontend/node_modules/@babel/parser/lib/index.js:9775:39
      at TypeScriptParserMixin.tryParse (/home/lujingwei/DB-HA-Manager/frontend/node_modules/@babel/parser/lib/index.js:6907:20)
      at TypeScriptParserMixin.parseMaybeAssign (/home/lujingwei/DB-HA-Manager/frontend/node_modules/@babel/parser/lib/index.js:9775:18)
      at /home/lujingwei/DB-HA-Manager/frontend/node_modules/@babel/parser/lib/index.js:10800:39
      at TypeScriptParserMixin.allowInAnd (/home/lujingwei/DB-HA-Manager/frontend/node_modules/@babel/parser/lib/index.js:12426:12)
      at TypeScriptParserMixin.parseMaybeAssignAllowIn (/home/lujingwei/DB-HA-Manager/frontend/node_modules/@babel/parser/lib/index.js:10800:17)
      at TypeScriptParserMixin.parseMaybeAssignAllowInOrVoidPattern (/home/lujingwei/DB-HA-Manager/frontend/node_modules/@babel/parser/lib/index.js:12493:17)
      at TypeScriptParserMixin.parseParenAndDistinguishExpression (/home/lujingwei/DB-HA-Manager/frontend/node_modules/@babel/parser/lib/index.js:11675:28)
      at TypeScriptParserMixin.parseExprAtom (/home/lujingwei/DB-HA-Manager/frontend/node_modules/@babel/parser/lib/index.js:11331:23)
      at TypeScriptParserMixin.parseExprAtom (/home/lujingwei/DB-HA-Manager/frontend/node_modules/@babel/parser/lib/index.js:4764:20)
      at TypeScriptParserMixin.parseExprSubscripts (/home/lujingwei/DB-HA-Manager/frontend/node_modules/@babel/parser/lib/index.js:11081:23)
      at TypeScriptParserMixin.parseUpdate (/home/lujingwei/DB-HA-Manager/frontend/node_modules/@babel/parser/lib/index.js:11066:21)
      at TypeScriptParserMixin.parseMaybeUnary (/home/lujingwei/DB-HA-Manager/frontend/node_modules/@babel/parser/lib/index.js:11046:23)
      at TypeScriptParserMixin.parseMaybeUnary (/home/lujingwei/DB-HA-Manager/frontend/node_modules/@babel/parser/lib/index.js:9837:18)
      at TypeScriptParserMixin.parseMaybeUnaryOrPrivate (/home/lujingwei/DB-HA-Manager/frontend/node_modules/@babel/parser/lib/index.js:10899:61)
      at TypeScriptParserMixin.parseExprOps (/home/lujingwei/DB-HA-Manager/frontend/node_modules/@babel/parser/lib/index.js:10904:23)
      at TypeScriptParserMixin.parseMaybeConditional (/home/lujingwei/DB-HA-Manager/frontend/node_modules/@babel/parser/lib/index.js:10881:23)
      at TypeScriptParserMixin.parseMaybeAssign (/home/lujingwei/DB-HA-Manager/frontend/node_modules/@babel/parser/lib/index.js:10831:21)
      at TypeScriptParserMixin.parseMaybeAssign (/home/lujingwei/DB-HA-Manager/frontend/node_modules/@babel/parser/lib/index.js:9786:20)
      at /home/lujingwei/DB-HA-Manager/frontend/node_modules/@babel/parser/lib/index.js:10800:39
      at TypeScriptParserMixin.allowInAnd (/home/lujingwei/DB-HA-Manager/frontend/node_modules/@babel/parser/lib/index.js:12426:12)
      at TypeScriptParserMixin.parseMaybeAssignAllowIn (/home/lujingwei/DB-HA-Manager/frontend/node_modules/@babel/parser/lib/index.js:10800:17)
      at TypeScriptParserMixin.parseMaybeAssignAllowInOrVoidPattern (/home/lujingwei/DB-HA-Manager/frontend/node_modules/@babel/parser/lib/index.js:12493:17)
      at TypeScriptParserMixin.parseObjectProperty (/home/lujingwei/DB-HA-Manager/frontend/node_modules/@babel/parser/lib/index.js:11950:83)
      at TypeScriptParserMixin.parseObjPropValue (/home/lujingwei/DB-HA-Manager/frontend/node_modules/@babel/parser/lib/index.js:11978:100)
4:02:10 PM [vite] hmr update /src/pages/SetupWizard.tsx
4:02:10 PM [vite] Internal server error: /home/lujingwei/DB-HA-Manager/frontend/src/pages/SetupWizard.tsx: Expecting Unicode escape sequence \uXXXX. (998:28)

   996 |         title: '主备 IP 相同',
   997 |         content: (
>  998 |           <Space direction=\"vertical\" size={8}>
       |                             ^
   999 |             <Text>主备同机存在数据风险，请确认您已理解风险。</Text>
  1000 |             <Text type=\"secondary\">继续将沿用单机路径策略，请确保具备隔离与备份计划。</Text>
  1001 |           </Space>
  Plugin: vite:react-babel
  File: /home/lujingwei/DB-HA-Manager/frontend/src/pages/SetupWizard.tsx:998:28
  996|          title: '主备 IP 相同',
  997|          content: (
  998|            <Space direction=\"vertical\" size={8}>
     |                              ^
  999|              <Text>主备同机存在数据风险，请确认您已理解风险。</Text>
  1000|              <Text type=\"secondary\">继续将沿用单机路径策略，请确保具备隔离与备份计划。</Text>
      at constructor (/home/lujingwei/DB-HA-Manager/frontend/node_modules/@babel/parser/lib/index.js:365:19)
      at TypeScriptParserMixin.raise (/home/lujingwei/DB-HA-Manager/frontend/node_modules/@babel/parser/lib/index.js:6599:19)
      at TypeScriptParserMixin.readWord1 (/home/lujingwei/DB-HA-Manager/frontend/node_modules/@babel/parser/lib/index.js:6559:16)
      at TypeScriptParserMixin.readWord (/home/lujingwei/DB-HA-Manager/frontend/node_modules/@babel/parser/lib/index.js:6579:23)
      at TypeScriptParserMixin.getTokenFromCode (/home/lujingwei/DB-HA-Manager/frontend/node_modules/@babel/parser/lib/index.js:6298:14)
      at TypeScriptParserMixin.getTokenFromCode (/home/lujingwei/DB-HA-Manager/frontend/node_modules/@babel/parser/lib/index.js:4797:11)
      at TypeScriptParserMixin.getTokenFromCode (/home/lujingwei/DB-HA-Manager/frontend/node_modules/@babel/parser/lib/index.js:9987:11)
      at TypeScriptParserMixin.nextToken (/home/lujingwei/DB-HA-Manager/frontend/node_modules/@babel/parser/lib/index.js:5782:10)
      at TypeScriptParserMixin.next (/home/lujingwei/DB-HA-Manager/frontend/node_modules/@babel/parser/lib/index.js:5692:10)
      at TypeScriptParserMixin.eat (/home/lujingwei/DB-HA-Manager/frontend/node_modules/@babel/parser/lib/index.js:5696:12)
      at TypeScriptParserMixin.jsxParseAttribute (/home/lujingwei/DB-HA-Manager/frontend/node_modules/@babel/parser/lib/index.js:4653:23)
      at TypeScriptParserMixin.jsxParseOpeningElementAfterName (/home/lujingwei/DB-HA-Manager/frontend/node_modules/@babel/parser/lib/index.js:4667:28)
      at TypeScriptParserMixin.jsxParseOpeningElementAfterName (/home/lujingwei/DB-HA-Manager/frontend/node_modules/@babel/parser/lib/index.js:10043:18)
      at TypeScriptParserMixin.jsxParseOpeningElementAt (/home/lujingwei/DB-HA-Manager/frontend/node_modules/@babel/parser/lib/index.js:4662:17)
      at TypeScriptParserMixin.jsxParseElementAt (/home/lujingwei/DB-HA-Manager/frontend/node_modules/@babel/parser/lib/index.js:4686:33)
      at TypeScriptParserMixin.jsxParseElement (/home/lujingwei/DB-HA-Manager/frontend/node_modules/@babel/parser/lib/index.js:4749:17)
      at TypeScriptParserMixin.parseExprAtom (/home/lujingwei/DB-HA-Manager/frontend/node_modules/@babel/parser/lib/index.js:4759:19)
      at TypeScriptParserMixin.parseExprSubscripts (/home/lujingwei/DB-HA-Manager/frontend/node_modules/@babel/parser/lib/index.js:11081:23)
      at TypeScriptParserMixin.parseUpdate (/home/lujingwei/DB-HA-Manager/frontend/node_modules/@babel/parser/lib/index.js:11066:21)
      at TypeScriptParserMixin.parseMaybeUnary (/home/lujingwei/DB-HA-Manager/frontend/node_modules/@babel/parser/lib/index.js:11046:23)
      at TypeScriptParserMixin.parseMaybeUnary (/home/lujingwei/DB-HA-Manager/frontend/node_modules/@babel/parser/lib/index.js:9837:18)
      at TypeScriptParserMixin.parseMaybeUnaryOrPrivate (/home/lujingwei/DB-HA-Manager/frontend/node_modules/@babel/parser/lib/index.js:10899:61)
      at TypeScriptParserMixin.parseExprOps (/home/lujingwei/DB-HA-Manager/frontend/node_modules/@babel/parser/lib/index.js:10904:23)
      at TypeScriptParserMixin.parseMaybeConditional (/home/lujingwei/DB-HA-Manager/frontend/node_modules/@babel/parser/lib/index.js:10881:23)
      at TypeScriptParserMixin.parseMaybeAssign (/home/lujingwei/DB-HA-Manager/frontend/node_modules/@babel/parser/lib/index.js:10831:21)
      at /home/lujingwei/DB-HA-Manager/frontend/node_modules/@babel/parser/lib/index.js:9775:39
      at TypeScriptParserMixin.tryParse (/home/lujingwei/DB-HA-Manager/frontend/node_modules/@babel/parser/lib/index.js:6907:20)
      at TypeScriptParserMixin.parseMaybeAssign (/home/lujingwei/DB-HA-Manager/frontend/node_modules/@babel/parser/lib/index.js:9775:18)
      at /home/lujingwei/DB-HA-Manager/frontend/node_modules/@babel/parser/lib/index.js:10800:39
      at TypeScriptParserMixin.allowInAnd (/home/lujingwei/DB-HA-Manager/frontend/node_modules/@babel/parser/lib/index.js:12426:12)
      at TypeScriptParserMixin.parseMaybeAssignAllowIn (/home/lujingwei/DB-HA-Manager/frontend/node_modules/@babel/parser/lib/index.js:10800:17)
      at TypeScriptParserMixin.parseMaybeAssignAllowInOrVoidPattern (/home/lujingwei/DB-HA-Manager/frontend/node_modules/@babel/parser/lib/index.js:12493:17)
      at TypeScriptParserMixin.parseParenAndDistinguishExpression (/home/lujingwei/DB-HA-Manager/frontend/node_modules/@babel/parser/lib/index.js:11675:28)
      at TypeScriptParserMixin.parseExprAtom (/home/lujingwei/DB-HA-Manager/frontend/node_modules/@babel/parser/lib/index.js:11331:23)
      at TypeScriptParserMixin.parseExprAtom (/home/lujingwei/DB-HA-Manager/frontend/node_modules/@babel/parser/lib/index.js:4764:20)
      at TypeScriptParserMixin.parseExprSubscripts (/home/lujingwei/DB-HA-Manager/frontend/node_modules/@babel/parser/lib/index.js:11081:23)
      at TypeScriptParserMixin.parseUpdate (/home/lujingwei/DB-HA-Manager/frontend/node_modules/@babel/parser/lib/index.js:11066:21)
      at TypeScriptParserMixin.parseMaybeUnary (/home/lujingwei/DB-HA-Manager/frontend/node_modules/@babel/parser/lib/index.js:11046:23)
      at TypeScriptParserMixin.parseMaybeUnary (/home/lujingwei/DB-HA-Manager/frontend/node_modules/@babel/parser/lib/index.js:9837:18)
      at TypeScriptParserMixin.parseMaybeUnaryOrPrivate (/home/lujingwei/DB-HA-Manager/frontend/node_modules/@babel/parser/lib/index.js:10899:61)
      at TypeScriptParserMixin.parseExprOps (/home/lujingwei/DB-HA-Manager/frontend/node_modules/@babel/parser/lib/index.js:10904:23)
      at TypeScriptParserMixin.parseMaybeConditional (/home/lujingwei/DB-HA-Manager/frontend/node_modules/@babel/parser/lib/index.js:10881:23)
      at TypeScriptParserMixin.parseMaybeAssign (/home/lujingwei/DB-HA-Manager/frontend/node_modules/@babel/parser/lib/index.js:10831:21)
      at TypeScriptParserMixin.parseMaybeAssign (/home/lujingwei/DB-HA-Manager/frontend/node_modules/@babel/parser/lib/index.js:9786:20)
      at /home/lujingwei/DB-HA-Manager/frontend/node_modules/@babel/parser/lib/index.js:10800:39
      at TypeScriptParserMixin.allowInAnd (/home/lujingwei/DB-HA-Manager/frontend/node_modules/@babel/parser/lib/index.js:12426:12)
      at TypeScriptParserMixin.parseMaybeAssignAllowIn (/home/lujingwei/DB-HA-Manager/frontend/node_modules/@babel/parser/lib/index.js:10800:17)
      at TypeScriptParserMixin.parseMaybeAssignAllowInOrVoidPattern (/home/lujingwei/DB-HA-Manager/frontend/node_modules/@babel/parser/lib/index.js:12493:17)
      at TypeScriptParserMixin.parseObjectProperty (/home/lujingwei/DB-HA-Manager/frontend/node_modules/@babel/parser/lib/index.js:11950:83)
      at TypeScriptParserMixin.parseObjPropValue (/home/lujingwei/DB-HA-Manager/frontend/node_modules/@babel/parser/lib/index.js:11978:100)
4:02:39 PM [vite] hmr update /src/pages/SetupWizard.tsx
4:02:39 PM [vite] Internal server error: /home/lujingwei/DB-HA-Manager/frontend/src/pages/SetupWizard.tsx: Expecting Unicode escape sequence \uXXXX. (998:28)

   996 |         title: '主备 IP 相同',
   997 |         content: (
>  998 |           <Space direction=\"vertical\" size={8}>
       |                             ^
   999 |             <Text>主备同机存在数据风险，请确认您已理解风险。</Text>
  1000 |             <Text type=\"secondary\">继续将沿用单机路径策略，请确保具备隔离与备份计划。</Text>
  1001 |           </Space>
  Plugin: vite:react-babel
  File: /home/lujingwei/DB-HA-Manager/frontend/src/pages/SetupWizard.tsx:998:28
  996|          title: '主备 IP 相同',
  997|          content: (
  998|            <Space direction=\"vertical\" size={8}>
     |                              ^
  999|              <Text>主备同机存在数据风险，请确认您已理解风险。</Text>
  1000|              <Text type=\"secondary\">继续将沿用单机路径策略，请确保具备隔离与备份计划。</Text>
      at constructor (/home/lujingwei/DB-HA-Manager/frontend/node_modules/@babel/parser/lib/index.js:365:19)
      at TypeScriptParserMixin.raise (/home/lujingwei/DB-HA-Manager/frontend/node_modules/@babel/parser/lib/index.js:6599:19)
      at TypeScriptParserMixin.readWord1 (/home/lujingwei/DB-HA-Manager/frontend/node_modules/@babel/parser/lib/index.js:6559:16)
      at TypeScriptParserMixin.readWord (/home/lujingwei/DB-HA-Manager/frontend/node_modules/@babel/parser/lib/index.js:6579:23)
      at TypeScriptParserMixin.getTokenFromCode (/home/lujingwei/DB-HA-Manager/frontend/node_modules/@babel/parser/lib/index.js:6298:14)
      at TypeScriptParserMixin.getTokenFromCode (/home/lujingwei/DB-HA-Manager/frontend/node_modules/@babel/parser/lib/index.js:4797:11)
      at TypeScriptParserMixin.getTokenFromCode (/home/lujingwei/DB-HA-Manager/frontend/node_modules/@babel/parser/lib/index.js:9987:11)
      at TypeScriptParserMixin.nextToken (/home/lujingwei/DB-HA-Manager/frontend/node_modules/@babel/parser/lib/index.js:5782:10)
      at TypeScriptParserMixin.next (/home/lujingwei/DB-HA-Manager/frontend/node_modules/@babel/parser/lib/index.js:5692:10)
      at TypeScriptParserMixin.eat (/home/lujingwei/DB-HA-Manager/frontend/node_modules/@babel/parser/lib/index.js:5696:12)
      at TypeScriptParserMixin.jsxParseAttribute (/home/lujingwei/DB-HA-Manager/frontend/node_modules/@babel/parser/lib/index.js:4653:23)
      at TypeScriptParserMixin.jsxParseOpeningElementAfterName (/home/lujingwei/DB-HA-Manager/frontend/node_modules/@babel/parser/lib/index.js:4667:28)
      at TypeScriptParserMixin.jsxParseOpeningElementAfterName (/home/lujingwei/DB-HA-Manager/frontend/node_modules/@babel/parser/lib/index.js:10043:18)
      at TypeScriptParserMixin.jsxParseOpeningElementAt (/home/lujingwei/DB-HA-Manager/frontend/node_modules/@babel/parser/lib/index.js:4662:17)
      at TypeScriptParserMixin.jsxParseElementAt (/home/lujingwei/DB-HA-Manager/frontend/node_modules/@babel/parser/lib/index.js:4686:33)
      at TypeScriptParserMixin.jsxParseElement (/home/lujingwei/DB-HA-Manager/frontend/node_modules/@babel/parser/lib/index.js:4749:17)
      at TypeScriptParserMixin.parseExprAtom (/home/lujingwei/DB-HA-Manager/frontend/node_modules/@babel/parser/lib/index.js:4759:19)
      at TypeScriptParserMixin.parseExprSubscripts (/home/lujingwei/DB-HA-Manager/frontend/node_modules/@babel/parser/lib/index.js:11081:23)
      at TypeScriptParserMixin.parseUpdate (/home/lujingwei/DB-HA-Manager/frontend/node_modules/@babel/parser/lib/index.js:11066:21)
      at TypeScriptParserMixin.parseMaybeUnary (/home/lujingwei/DB-HA-Manager/frontend/node_modules/@babel/parser/lib/index.js:11046:23)
      at TypeScriptParserMixin.parseMaybeUnary (/home/lujingwei/DB-HA-Manager/frontend/node_modules/@babel/parser/lib/index.js:9837:18)
      at TypeScriptParserMixin.parseMaybeUnaryOrPrivate (/home/lujingwei/DB-HA-Manager/frontend/node_modules/@babel/parser/lib/index.js:10899:61)
      at TypeScriptParserMixin.parseExprOps (/home/lujingwei/DB-HA-Manager/frontend/node_modules/@babel/parser/lib/index.js:10904:23)
      at TypeScriptParserMixin.parseMaybeConditional (/home/lujingwei/DB-HA-Manager/frontend/node_modules/@babel/parser/lib/index.js:10881:23)
      at TypeScriptParserMixin.parseMaybeAssign (/home/lujingwei/DB-HA-Manager/frontend/node_modules/@babel/parser/lib/index.js:10831:21)
      at /home/lujingwei/DB-HA-Manager/frontend/node_modules/@babel/parser/lib/index.js:9775:39
      at TypeScriptParserMixin.tryParse (/home/lujingwei/DB-HA-Manager/frontend/node_modules/@babel/parser/lib/index.js:6907:20)
      at TypeScriptParserMixin.parseMaybeAssign (/home/lujingwei/DB-HA-Manager/frontend/node_modules/@babel/parser/lib/index.js:9775:18)
      at /home/lujingwei/DB-HA-Manager/frontend/node_modules/@babel/parser/lib/index.js:10800:39
      at TypeScriptParserMixin.allowInAnd (/home/lujingwei/DB-HA-Manager/frontend/node_modules/@babel/parser/lib/index.js:12426:12)
      at TypeScriptParserMixin.parseMaybeAssignAllowIn (/home/lujingwei/DB-HA-Manager/frontend/node_modules/@babel/parser/lib/index.js:10800:17)
      at TypeScriptParserMixin.parseMaybeAssignAllowInOrVoidPattern (/home/lujingwei/DB-HA-Manager/frontend/node_modules/@babel/parser/lib/index.js:12493:17)
      at TypeScriptParserMixin.parseParenAndDistinguishExpression (/home/lujingwei/DB-HA-Manager/frontend/node_modules/@babel/parser/lib/index.js:11675:28)
      at TypeScriptParserMixin.parseExprAtom (/home/lujingwei/DB-HA-Manager/frontend/node_modules/@babel/parser/lib/index.js:11331:23)
      at TypeScriptParserMixin.parseExprAtom (/home/lujingwei/DB-HA-Manager/frontend/node_modules/@babel/parser/lib/index.js:4764:20)
      at TypeScriptParserMixin.parseExprSubscripts (/home/lujingwei/DB-HA-Manager/frontend/node_modules/@babel/parser/lib/index.js:11081:23)
      at TypeScriptParserMixin.parseUpdate (/home/lujingwei/DB-HA-Manager/frontend/node_modules/@babel/parser/lib/index.js:11066:21)
      at TypeScriptParserMixin.parseMaybeUnary (/home/lujingwei/DB-HA-Manager/frontend/node_modules/@babel/parser/lib/index.js:11046:23)
      at TypeScriptParserMixin.parseMaybeUnary (/home/lujingwei/DB-HA-Manager/frontend/node_modules/@babel/parser/lib/index.js:9837:18)
      at TypeScriptParserMixin.parseMaybeUnaryOrPrivate (/home/lujingwei/DB-HA-Manager/frontend/node_modules/@babel/parser/lib/index.js:10899:61)
      at TypeScriptParserMixin.parseExprOps (/home/lujingwei/DB-HA-Manager/frontend/node_modules/@babel/parser/lib/index.js:10904:23)
      at TypeScriptParserMixin.parseMaybeConditional (/home/lujingwei/DB-HA-Manager/frontend/node_modules/@babel/parser/lib/index.js:10881:23)
      at TypeScriptParserMixin.parseMaybeAssign (/home/lujingwei/DB-HA-Manager/frontend/node_modules/@babel/parser/lib/index.js:10831:21)
      at TypeScriptParserMixin.parseMaybeAssign (/home/lujingwei/DB-HA-Manager/frontend/node_modules/@babel/parser/lib/index.js:9786:20)
      at /home/lujingwei/DB-HA-Manager/frontend/node_modules/@babel/parser/lib/index.js:10800:39
      at TypeScriptParserMixin.allowInAnd (/home/lujingwei/DB-HA-Manager/frontend/node_modules/@babel/parser/lib/index.js:12426:12)
      at TypeScriptParserMixin.parseMaybeAssignAllowIn (/home/lujingwei/DB-HA-Manager/frontend/node_modules/@babel/parser/lib/index.js:10800:17)
      at TypeScriptParserMixin.parseMaybeAssignAllowInOrVoidPattern (/home/lujingwei/DB-HA-Manager/frontend/node_modules/@babel/parser/lib/index.js:12493:17)
      at TypeScriptParserMixin.parseObjectProperty (/home/lujingwei/DB-HA-Manager/frontend/node_modules/@babel/parser/lib/index.js:11950:83)
      at TypeScriptParserMixin.parseObjPropValue (/home/lujingwei/DB-HA-Manager/frontend/node_modules/@babel/parser/lib/index.js:11978:100)
4:02:52 PM [vite] hmr update /src/pages/SetupWizard.tsx
4:02:52 PM [vite] Internal server error: /home/lujingwei/DB-HA-Manager/frontend/src/pages/SetupWizard.tsx: Expecting Unicode escape sequence \uXXXX. (998:28)

   996 |         title: '主备 IP 相同',
   997 |         content: (
>  998 |           <Space direction=\"vertical\" size={8}>
       |                             ^
   999 |             <Text>主备同机存在数据风险，请确认您已理解风险。</Text>
  1000 |             <Text type=\"secondary\">继续将沿用单机路径策略，请确保具备隔离与备份计划。</Text>
  1001 |           </Space>
  Plugin: vite:react-babel
  File: /home/lujingwei/DB-HA-Manager/frontend/src/pages/SetupWizard.tsx:998:28
  996|          title: '主备 IP 相同',
  997|          content: (
  998|            <Space direction=\"vertical\" size={8}>
     |                              ^
  999|              <Text>主备同机存在数据风险，请确认您已理解风险。</Text>
  1000|              <Text type=\"secondary\">继续将沿用单机路径策略，请确保具备隔离与备份计划。</Text>
      at constructor (/home/lujingwei/DB-HA-Manager/frontend/node_modules/@babel/parser/lib/index.js:365:19)
      at TypeScriptParserMixin.raise (/home/lujingwei/DB-HA-Manager/frontend/node_modules/@babel/parser/lib/index.js:6599:19)
      at TypeScriptParserMixin.readWord1 (/home/lujingwei/DB-HA-Manager/frontend/node_modules/@babel/parser/lib/index.js:6559:16)
      at TypeScriptParserMixin.readWord (/home/lujingwei/DB-HA-Manager/frontend/node_modules/@babel/parser/lib/index.js:6579:23)
      at TypeScriptParserMixin.getTokenFromCode (/home/lujingwei/DB-HA-Manager/frontend/node_modules/@babel/parser/lib/index.js:6298:14)
      at TypeScriptParserMixin.getTokenFromCode (/home/lujingwei/DB-HA-Manager/frontend/node_modules/@babel/parser/lib/index.js:4797:11)
      at TypeScriptParserMixin.getTokenFromCode (/home/lujingwei/DB-HA-Manager/frontend/node_modules/@babel/parser/lib/index.js:9987:11)
      at TypeScriptParserMixin.nextToken (/home/lujingwei/DB-HA-Manager/frontend/node_modules/@babel/parser/lib/index.js:5782:10)
      at TypeScriptParserMixin.next (/home/lujingwei/DB-HA-Manager/frontend/node_modules/@babel/parser/lib/index.js:5692:10)
      at TypeScriptParserMixin.eat (/home/lujingwei/DB-HA-Manager/frontend/node_modules/@babel/parser/lib/index.js:5696:12)
      at TypeScriptParserMixin.jsxParseAttribute (/home/lujingwei/DB-HA-Manager/frontend/node_modules/@babel/parser/lib/index.js:4653:23)
      at TypeScriptParserMixin.jsxParseOpeningElementAfterName (/home/lujingwei/DB-HA-Manager/frontend/node_modules/@babel/parser/lib/index.js:4667:28)
      at TypeScriptParserMixin.jsxParseOpeningElementAfterName (/home/lujingwei/DB-HA-Manager/frontend/node_modules/@babel/parser/lib/index.js:10043:18)
      at TypeScriptParserMixin.jsxParseOpeningElementAt (/home/lujingwei/DB-HA-Manager/frontend/node_modules/@babel/parser/lib/index.js:4662:17)
      at TypeScriptParserMixin.jsxParseElementAt (/home/lujingwei/DB-HA-Manager/frontend/node_modules/@babel/parser/lib/index.js:4686:33)
      at TypeScriptParserMixin.jsxParseElement (/home/lujingwei/DB-HA-Manager/frontend/node_modules/@babel/parser/lib/index.js:4749:17)
      at TypeScriptParserMixin.parseExprAtom (/home/lujingwei/DB-HA-Manager/frontend/node_modules/@babel/parser/lib/index.js:4759:19)
      at TypeScriptParserMixin.parseExprSubscripts (/home/lujingwei/DB-HA-Manager/frontend/node_modules/@babel/parser/lib/index.js:11081:23)
      at TypeScriptParserMixin.parseUpdate (/home/lujingwei/DB-HA-Manager/frontend/node_modules/@babel/parser/lib/index.js:11066:21)
      at TypeScriptParserMixin.parseMaybeUnary (/home/lujingwei/DB-HA-Manager/frontend/node_modules/@babel/parser/lib/index.js:11046:23)
      at TypeScriptParserMixin.parseMaybeUnary (/home/lujingwei/DB-HA-Manager/frontend/node_modules/@babel/parser/lib/index.js:9837:18)
      at TypeScriptParserMixin.parseMaybeUnaryOrPrivate (/home/lujingwei/DB-HA-Manager/frontend/node_modules/@babel/parser/lib/index.js:10899:61)
      at TypeScriptParserMixin.parseExprOps (/home/lujingwei/DB-HA-Manager/frontend/node_modules/@babel/parser/lib/index.js:10904:23)
      at TypeScriptParserMixin.parseMaybeConditional (/home/lujingwei/DB-HA-Manager/frontend/node_modules/@babel/parser/lib/index.js:10881:23)
      at TypeScriptParserMixin.parseMaybeAssign (/home/lujingwei/DB-HA-Manager/frontend/node_modules/@babel/parser/lib/index.js:10831:21)
      at /home/lujingwei/DB-HA-Manager/frontend/node_modules/@babel/parser/lib/index.js:9775:39
      at TypeScriptParserMixin.tryParse (/home/lujingwei/DB-HA-Manager/frontend/node_modules/@babel/parser/lib/index.js:6907:20)
      at TypeScriptParserMixin.parseMaybeAssign (/home/lujingwei/DB-HA-Manager/frontend/node_modules/@babel/parser/lib/index.js:9775:18)
      at /home/lujingwei/DB-HA-Manager/frontend/node_modules/@babel/parser/lib/index.js:10800:39
      at TypeScriptParserMixin.allowInAnd (/home/lujingwei/DB-HA-Manager/frontend/node_modules/@babel/parser/lib/index.js:12426:12)
      at TypeScriptParserMixin.parseMaybeAssignAllowIn (/home/lujingwei/DB-HA-Manager/frontend/node_modules/@babel/parser/lib/index.js:10800:17)
      at TypeScriptParserMixin.parseMaybeAssignAllowInOrVoidPattern (/home/lujingwei/DB-HA-Manager/frontend/node_modules/@babel/parser/lib/index.js:12493:17)
      at TypeScriptParserMixin.parseParenAndDistinguishExpression (/home/lujingwei/DB-HA-Manager/frontend/node_modules/@babel/parser/lib/index.js:11675:28)
      at TypeScriptParserMixin.parseExprAtom (/home/lujingwei/DB-HA-Manager/frontend/node_modules/@babel/parser/lib/index.js:11331:23)
      at TypeScriptParserMixin.parseExprAtom (/home/lujingwei/DB-HA-Manager/frontend/node_modules/@babel/parser/lib/index.js:4764:20)
      at TypeScriptParserMixin.parseExprSubscripts (/home/lujingwei/DB-HA-Manager/frontend/node_modules/@babel/parser/lib/index.js:11081:23)
      at TypeScriptParserMixin.parseUpdate (/home/lujingwei/DB-HA-Manager/frontend/node_modules/@babel/parser/lib/index.js:11066:21)
      at TypeScriptParserMixin.parseMaybeUnary (/home/lujingwei/DB-HA-Manager/frontend/node_modules/@babel/parser/lib/index.js:11046:23)
      at TypeScriptParserMixin.parseMaybeUnary (/home/lujingwei/DB-HA-Manager/frontend/node_modules/@babel/parser/lib/index.js:9837:18)
      at TypeScriptParserMixin.parseMaybeUnaryOrPrivate (/home/lujingwei/DB-HA-Manager/frontend/node_modules/@babel/parser/lib/index.js:10899:61)
      at TypeScriptParserMixin.parseExprOps (/home/lujingwei/DB-HA-Manager/frontend/node_modules/@babel/parser/lib/index.js:10904:23)
      at TypeScriptParserMixin.parseMaybeConditional (/home/lujingwei/DB-HA-Manager/frontend/node_modules/@babel/parser/lib/index.js:10881:23)
      at TypeScriptParserMixin.parseMaybeAssign (/home/lujingwei/DB-HA-Manager/frontend/node_modules/@babel/parser/lib/index.js:10831:21)
      at TypeScriptParserMixin.parseMaybeAssign (/home/lujingwei/DB-HA-Manager/frontend/node_modules/@babel/parser/lib/index.js:9786:20)
      at /home/lujingwei/DB-HA-Manager/frontend/node_modules/@babel/parser/lib/index.js:10800:39
      at TypeScriptParserMixin.allowInAnd (/home/lujingwei/DB-HA-Manager/frontend/node_modules/@babel/parser/lib/index.js:12426:12)
      at TypeScriptParserMixin.parseMaybeAssignAllowIn (/home/lujingwei/DB-HA-Manager/frontend/node_modules/@babel/parser/lib/index.js:10800:17)
      at TypeScriptParserMixin.parseMaybeAssignAllowInOrVoidPattern (/home/lujingwei/DB-HA-Manager/frontend/node_modules/@babel/parser/lib/index.js:12493:17)
      at TypeScriptParserMixin.parseObjectProperty (/home/lujingwei/DB-HA-Manager/frontend/node_modules/@babel/parser/lib/index.js:11950:83)
      at TypeScriptParserMixin.parseObjPropValue (/home/lujingwei/DB-HA-Manager/frontend/node_modules/@babel/parser/lib/index.js:11978:100)
4:02:57 PM [vite] hmr update /src/pages/SetupWizard.tsx
4:02:57 PM [vite] Internal server error: /home/lujingwei/DB-HA-Manager/frontend/src/pages/SetupWizard.tsx: Expecting Unicode escape sequence \uXXXX. (998:28)

   996 |         title: '主备 IP 相同',
   997 |         content: (
>  998 |           <Space direction=\"vertical\" size={8}>
       |                             ^
   999 |             <Text>主备同机存在数据风险，请确认您已理解风险。</Text>
  1000 |             <Text type=\"secondary\">继续将沿用单机路径策略，请确保具备隔离与备份计划。</Text>
  1001 |           </Space>
  Plugin: vite:react-babel
  File: /home/lujingwei/DB-HA-Manager/frontend/src/pages/SetupWizard.tsx:998:28
  996|          title: '主备 IP 相同',
  997|          content: (
  998|            <Space direction=\"vertical\" size={8}>
     |                              ^
  999|              <Text>主备同机存在数据风险，请确认您已理解风险。</Text>
  1000|              <Text type=\"secondary\">继续将沿用单机路径策略，请确保具备隔离与备份计划。</Text>
      at constructor (/home/lujingwei/DB-HA-Manager/frontend/node_modules/@babel/parser/lib/index.js:365:19)
      at TypeScriptParserMixin.raise (/home/lujingwei/DB-HA-Manager/frontend/node_modules/@babel/parser/lib/index.js:6599:19)
      at TypeScriptParserMixin.readWord1 (/home/lujingwei/DB-HA-Manager/frontend/node_modules/@babel/parser/lib/index.js:6559:16)
      at TypeScriptParserMixin.readWord (/home/lujingwei/DB-HA-Manager/frontend/node_modules/@babel/parser/lib/index.js:6579:23)
      at TypeScriptParserMixin.getTokenFromCode (/home/lujingwei/DB-HA-Manager/frontend/node_modules/@babel/parser/lib/index.js:6298:14)
      at TypeScriptParserMixin.getTokenFromCode (/home/lujingwei/DB-HA-Manager/frontend/node_modules/@babel/parser/lib/index.js:4797:11)
      at TypeScriptParserMixin.getTokenFromCode (/home/lujingwei/DB-HA-Manager/frontend/node_modules/@babel/parser/lib/index.js:9987:11)
      at TypeScriptParserMixin.nextToken (/home/lujingwei/DB-HA-Manager/frontend/node_modules/@babel/parser/lib/index.js:5782:10)
      at TypeScriptParserMixin.next (/home/lujingwei/DB-HA-Manager/frontend/node_modules/@babel/parser/lib/index.js:5692:10)
      at TypeScriptParserMixin.eat (/home/lujingwei/DB-HA-Manager/frontend/node_modules/@babel/parser/lib/index.js:5696:12)
      at TypeScriptParserMixin.jsxParseAttribute (/home/lujingwei/DB-HA-Manager/frontend/node_modules/@babel/parser/lib/index.js:4653:23)
      at TypeScriptParserMixin.jsxParseOpeningElementAfterName (/home/lujingwei/DB-HA-Manager/frontend/node_modules/@babel/parser/lib/index.js:4667:28)
      at TypeScriptParserMixin.jsxParseOpeningElementAfterName (/home/lujingwei/DB-HA-Manager/frontend/node_modules/@babel/parser/lib/index.js:10043:18)
      at TypeScriptParserMixin.jsxParseOpeningElementAt (/home/lujingwei/DB-HA-Manager/frontend/node_modules/@babel/parser/lib/index.js:4662:17)
      at TypeScriptParserMixin.jsxParseElementAt (/home/lujingwei/DB-HA-Manager/frontend/node_modules/@babel/parser/lib/index.js:4686:33)
      at TypeScriptParserMixin.jsxParseElement (/home/lujingwei/DB-HA-Manager/frontend/node_modules/@babel/parser/lib/index.js:4749:17)
      at TypeScriptParserMixin.parseExprAtom (/home/lujingwei/DB-HA-Manager/frontend/node_modules/@babel/parser/lib/index.js:4759:19)
      at TypeScriptParserMixin.parseExprSubscripts (/home/lujingwei/DB-HA-Manager/frontend/node_modules/@babel/parser/lib/index.js:11081:23)
      at TypeScriptParserMixin.parseUpdate (/home/lujingwei/DB-HA-Manager/frontend/node_modules/@babel/parser/lib/index.js:11066:21)
      at TypeScriptParserMixin.parseMaybeUnary (/home/lujingwei/DB-HA-Manager/frontend/node_modules/@babel/parser/lib/index.js:11046:23)
      at TypeScriptParserMixin.parseMaybeUnary (/home/lujingwei/DB-HA-Manager/frontend/node_modules/@babel/parser/lib/index.js:9837:18)
      at TypeScriptParserMixin.parseMaybeUnaryOrPrivate (/home/lujingwei/DB-HA-Manager/frontend/node_modules/@babel/parser/lib/index.js:10899:61)
      at TypeScriptParserMixin.parseExprOps (/home/lujingwei/DB-HA-Manager/frontend/node_modules/@babel/parser/lib/index.js:10904:23)
      at TypeScriptParserMixin.parseMaybeConditional (/home/lujingwei/DB-HA-Manager/frontend/node_modules/@babel/parser/lib/index.js:10881:23)
      at TypeScriptParserMixin.parseMaybeAssign (/home/lujingwei/DB-HA-Manager/frontend/node_modules/@babel/parser/lib/index.js:10831:21)
      at /home/lujingwei/DB-HA-Manager/frontend/node_modules/@babel/parser/lib/index.js:9775:39
      at TypeScriptParserMixin.tryParse (/home/lujingwei/DB-HA-Manager/frontend/node_modules/@babel/parser/lib/index.js:6907:20)
      at TypeScriptParserMixin.parseMaybeAssign (/home/lujingwei/DB-HA-Manager/frontend/node_modules/@babel/parser/lib/index.js:9775:18)
      at /home/lujingwei/DB-HA-Manager/frontend/node_modules/@babel/parser/lib/index.js:10800:39
      at TypeScriptParserMixin.allowInAnd (/home/lujingwei/DB-HA-Manager/frontend/node_modules/@babel/parser/lib/index.js:12426:12)
      at TypeScriptParserMixin.parseMaybeAssignAllowIn (/home/lujingwei/DB-HA-Manager/frontend/node_modules/@babel/parser/lib/index.js:10800:17)
      at TypeScriptParserMixin.parseMaybeAssignAllowInOrVoidPattern (/home/lujingwei/DB-HA-Manager/frontend/node_modules/@babel/parser/lib/index.js:12493:17)
      at TypeScriptParserMixin.parseParenAndDistinguishExpression (/home/lujingwei/DB-HA-Manager/frontend/node_modules/@babel/parser/lib/index.js:11675:28)
      at TypeScriptParserMixin.parseExprAtom (/home/lujingwei/DB-HA-Manager/frontend/node_modules/@babel/parser/lib/index.js:11331:23)
      at TypeScriptParserMixin.parseExprAtom (/home/lujingwei/DB-HA-Manager/frontend/node_modules/@babel/parser/lib/index.js:4764:20)
      at TypeScriptParserMixin.parseExprSubscripts (/home/lujingwei/DB-HA-Manager/frontend/node_modules/@babel/parser/lib/index.js:11081:23)
      at TypeScriptParserMixin.parseUpdate (/home/lujingwei/DB-HA-Manager/frontend/node_modules/@babel/parser/lib/index.js:11066:21)
      at TypeScriptParserMixin.parseMaybeUnary (/home/lujingwei/DB-HA-Manager/frontend/node_modules/@babel/parser/lib/index.js:11046:23)
      at TypeScriptParserMixin.parseMaybeUnary (/home/lujingwei/DB-HA-Manager/frontend/node_modules/@babel/parser/lib/index.js:9837:18)
      at TypeScriptParserMixin.parseMaybeUnaryOrPrivate (/home/lujingwei/DB-HA-Manager/frontend/node_modules/@babel/parser/lib/index.js:10899:61)
      at TypeScriptParserMixin.parseExprOps (/home/lujingwei/DB-HA-Manager/frontend/node_modules/@babel/parser/lib/index.js:10904:23)
      at TypeScriptParserMixin.parseMaybeConditional (/home/lujingwei/DB-HA-Manager/frontend/node_modules/@babel/parser/lib/index.js:10881:23)
      at TypeScriptParserMixin.parseMaybeAssign (/home/lujingwei/DB-HA-Manager/frontend/node_modules/@babel/parser/lib/index.js:10831:21)
      at TypeScriptParserMixin.parseMaybeAssign (/home/lujingwei/DB-HA-Manager/frontend/node_modules/@babel/parser/lib/index.js:9786:20)
      at /home/lujingwei/DB-HA-Manager/frontend/node_modules/@babel/parser/lib/index.js:10800:39
      at TypeScriptParserMixin.allowInAnd (/home/lujingwei/DB-HA-Manager/frontend/node_modules/@babel/parser/lib/index.js:12426:12)
      at TypeScriptParserMixin.parseMaybeAssignAllowIn (/home/lujingwei/DB-HA-Manager/frontend/node_modules/@babel/parser/lib/index.js:10800:17)
      at TypeScriptParserMixin.parseMaybeAssignAllowInOrVoidPattern (/home/lujingwei/DB-HA-Manager/frontend/node_modules/@babel/parser/lib/index.js:12493:17)
      at TypeScriptParserMixin.parseObjectProperty (/home/lujingwei/DB-HA-Manager/frontend/node_modules/@babel/parser/lib/index.js:11950:83)
      at TypeScriptParserMixin.parseObjPropValue (/home/lujingwei/DB-HA-Manager/frontend/node_modules/@babel/parser/lib/index.js:11978:100)
4:03:04 PM [vite] hmr update /src/pages/SetupWizard.tsx
4:03:04 PM [vite] Internal server error: /home/lujingwei/DB-HA-Manager/frontend/src/pages/SetupWizard.tsx: Expecting Unicode escape sequence \uXXXX. (998:28)

   996 |         title: '主备 IP 相同',
   997 |         content: (
>  998 |           <Space direction=\"vertical\" size={8}>
       |                             ^
   999 |             <Text>主备同机存在数据风险，请确认您已理解风险。</Text>
  1000 |             <Text type=\"secondary\">继续将沿用单机路径策略，请确保具备隔离与备份计划。</Text>
  1001 |           </Space>
  Plugin: vite:react-babel
  File: /home/lujingwei/DB-HA-Manager/frontend/src/pages/SetupWizard.tsx:998:28
  996|          title: '主备 IP 相同',
  997|          content: (
  998|            <Space direction=\"vertical\" size={8}>
     |                              ^
  999|              <Text>主备同机存在数据风险，请确认您已理解风险。</Text>
  1000|              <Text type=\"secondary\">继续将沿用单机路径策略，请确保具备隔离与备份计划。</Text>
      at constructor (/home/lujingwei/DB-HA-Manager/frontend/node_modules/@babel/parser/lib/index.js:365:19)
      at TypeScriptParserMixin.raise (/home/lujingwei/DB-HA-Manager/frontend/node_modules/@babel/parser/lib/index.js:6599:19)
      at TypeScriptParserMixin.readWord1 (/home/lujingwei/DB-HA-Manager/frontend/node_modules/@babel/parser/lib/index.js:6559:16)
      at TypeScriptParserMixin.readWord (/home/lujingwei/DB-HA-Manager/frontend/node_modules/@babel/parser/lib/index.js:6579:23)
      at TypeScriptParserMixin.getTokenFromCode (/home/lujingwei/DB-HA-Manager/frontend/node_modules/@babel/parser/lib/index.js:6298:14)
      at TypeScriptParserMixin.getTokenFromCode (/home/lujingwei/DB-HA-Manager/frontend/node_modules/@babel/parser/lib/index.js:4797:11)
      at TypeScriptParserMixin.getTokenFromCode (/home/lujingwei/DB-HA-Manager/frontend/node_modules/@babel/parser/lib/index.js:9987:11)
      at TypeScriptParserMixin.nextToken (/home/lujingwei/DB-HA-Manager/frontend/node_modules/@babel/parser/lib/index.js:5782:10)
      at TypeScriptParserMixin.next (/home/lujingwei/DB-HA-Manager/frontend/node_modules/@babel/parser/lib/index.js:5692:10)
      at TypeScriptParserMixin.eat (/home/lujingwei/DB-HA-Manager/frontend/node_modules/@babel/parser/lib/index.js:5696:12)
      at TypeScriptParserMixin.jsxParseAttribute (/home/lujingwei/DB-HA-Manager/frontend/node_modules/@babel/parser/lib/index.js:4653:23)
      at TypeScriptParserMixin.jsxParseOpeningElementAfterName (/home/lujingwei/DB-HA-Manager/frontend/node_modules/@babel/parser/lib/index.js:4667:28)
      at TypeScriptParserMixin.jsxParseOpeningElementAfterName (/home/lujingwei/DB-HA-Manager/frontend/node_modules/@babel/parser/lib/index.js:10043:18)
      at TypeScriptParserMixin.jsxParseOpeningElementAt (/home/lujingwei/DB-HA-Manager/frontend/node_modules/@babel/parser/lib/index.js:4662:17)
      at TypeScriptParserMixin.jsxParseElementAt (/home/lujingwei/DB-HA-Manager/frontend/node_modules/@babel/parser/lib/index.js:4686:33)
      at TypeScriptParserMixin.jsxParseElement (/home/lujingwei/DB-HA-Manager/frontend/node_modules/@babel/parser/lib/index.js:4749:17)
      at TypeScriptParserMixin.parseExprAtom (/home/lujingwei/DB-HA-Manager/frontend/node_modules/@babel/parser/lib/index.js:4759:19)
      at TypeScriptParserMixin.parseExprSubscripts (/home/lujingwei/DB-HA-Manager/frontend/node_modules/@babel/parser/lib/index.js:11081:23)
      at TypeScriptParserMixin.parseUpdate (/home/lujingwei/DB-HA-Manager/frontend/node_modules/@babel/parser/lib/index.js:11066:21)
      at TypeScriptParserMixin.parseMaybeUnary (/home/lujingwei/DB-HA-Manager/frontend/node_modules/@babel/parser/lib/index.js:11046:23)
      at TypeScriptParserMixin.parseMaybeUnary (/home/lujingwei/DB-HA-Manager/frontend/node_modules/@babel/parser/lib/index.js:9837:18)
      at TypeScriptParserMixin.parseMaybeUnaryOrPrivate (/home/lujingwei/DB-HA-Manager/frontend/node_modules/@babel/parser/lib/index.js:10899:61)
      at TypeScriptParserMixin.parseExprOps (/home/lujingwei/DB-HA-Manager/frontend/node_modules/@babel/parser/lib/index.js:10904:23)
      at TypeScriptParserMixin.parseMaybeConditional (/home/lujingwei/DB-HA-Manager/frontend/node_modules/@babel/parser/lib/index.js:10881:23)
      at TypeScriptParserMixin.parseMaybeAssign (/home/lujingwei/DB-HA-Manager/frontend/node_modules/@babel/parser/lib/index.js:10831:21)
      at /home/lujingwei/DB-HA-Manager/frontend/node_modules/@babel/parser/lib/index.js:9775:39
      at TypeScriptParserMixin.tryParse (/home/lujingwei/DB-HA-Manager/frontend/node_modules/@babel/parser/lib/index.js:6907:20)
      at TypeScriptParserMixin.parseMaybeAssign (/home/lujingwei/DB-HA-Manager/frontend/node_modules/@babel/parser/lib/index.js:9775:18)
      at /home/lujingwei/DB-HA-Manager/frontend/node_modules/@babel/parser/lib/index.js:10800:39
      at TypeScriptParserMixin.allowInAnd (/home/lujingwei/DB-HA-Manager/frontend/node_modules/@babel/parser/lib/index.js:12426:12)
      at TypeScriptParserMixin.parseMaybeAssignAllowIn (/home/lujingwei/DB-HA-Manager/frontend/node_modules/@babel/parser/lib/index.js:10800:17)
      at TypeScriptParserMixin.parseMaybeAssignAllowInOrVoidPattern (/home/lujingwei/DB-HA-Manager/frontend/node_modules/@babel/parser/lib/index.js:12493:17)
      at TypeScriptParserMixin.parseParenAndDistinguishExpression (/home/lujingwei/DB-HA-Manager/frontend/node_modules/@babel/parser/lib/index.js:11675:28)
      at TypeScriptParserMixin.parseExprAtom (/home/lujingwei/DB-HA-Manager/frontend/node_modules/@babel/parser/lib/index.js:11331:23)
      at TypeScriptParserMixin.parseExprAtom (/home/lujingwei/DB-HA-Manager/frontend/node_modules/@babel/parser/lib/index.js:4764:20)
      at TypeScriptParserMixin.parseExprSubscripts (/home/lujingwei/DB-HA-Manager/frontend/node_modules/@babel/parser/lib/index.js:11081:23)
      at TypeScriptParserMixin.parseUpdate (/home/lujingwei/DB-HA-Manager/frontend/node_modules/@babel/parser/lib/index.js:11066:21)
      at TypeScriptParserMixin.parseMaybeUnary (/home/lujingwei/DB-HA-Manager/frontend/node_modules/@babel/parser/lib/index.js:11046:23)
      at TypeScriptParserMixin.parseMaybeUnary (/home/lujingwei/DB-HA-Manager/frontend/node_modules/@babel/parser/lib/index.js:9837:18)
      at TypeScriptParserMixin.parseMaybeUnaryOrPrivate (/home/lujingwei/DB-HA-Manager/frontend/node_modules/@babel/parser/lib/index.js:10899:61)
      at TypeScriptParserMixin.parseExprOps (/home/lujingwei/DB-HA-Manager/frontend/node_modules/@babel/parser/lib/index.js:10904:23)
      at TypeScriptParserMixin.parseMaybeConditional (/home/lujingwei/DB-HA-Manager/frontend/node_modules/@babel/parser/lib/index.js:10881:23)
      at TypeScriptParserMixin.parseMaybeAssign (/home/lujingwei/DB-HA-Manager/frontend/node_modules/@babel/parser/lib/index.js:10831:21)
      at TypeScriptParserMixin.parseMaybeAssign (/home/lujingwei/DB-HA-Manager/frontend/node_modules/@babel/parser/lib/index.js:9786:20)
      at /home/lujingwei/DB-HA-Manager/frontend/node_modules/@babel/parser/lib/index.js:10800:39
      at TypeScriptParserMixin.allowInAnd (/home/lujingwei/DB-HA-Manager/frontend/node_modules/@babel/parser/lib/index.js:12426:12)
      at TypeScriptParserMixin.parseMaybeAssignAllowIn (/home/lujingwei/DB-HA-Manager/frontend/node_modules/@babel/parser/lib/index.js:10800:17)
      at TypeScriptParserMixin.parseMaybeAssignAllowInOrVoidPattern (/home/lujingwei/DB-HA-Manager/frontend/node_modules/@babel/parser/lib/index.js:12493:17)
      at TypeScriptParserMixin.parseObjectProperty (/home/lujingwei/DB-HA-Manager/frontend/node_modules/@babel/parser/lib/index.js:11950:83)
      at TypeScriptParserMixin.parseObjPropValue (/home/lujingwei/DB-HA-Manager/frontend/node_modules/@babel/parser/lib/index.js:11978:100)
4:03:13 PM [vite] hmr update /src/pages/SetupWizard.tsx
4:03:13 PM [vite] Internal server error: /home/lujingwei/DB-HA-Manager/frontend/src/pages/SetupWizard.tsx: Expecting Unicode escape sequence \uXXXX. (998:28)

   996 |         title: '主备 IP 相同',
   997 |         content: (
>  998 |           <Space direction=\"vertical\" size={8}>
       |                             ^
   999 |             <Text>主备同机存在数据风险，请确认您已理解风险。</Text>
  1000 |             <Text type=\"secondary\">继续将沿用单机路径策略，请确保具备隔离与备份计划。</Text>
  1001 |           </Space>
  Plugin: vite:react-babel
  File: /home/lujingwei/DB-HA-Manager/frontend/src/pages/SetupWizard.tsx:998:28
  996|          title: '主备 IP 相同',
  997|          content: (
  998|            <Space direction=\"vertical\" size={8}>
     |                              ^
  999|              <Text>主备同机存在数据风险，请确认您已理解风险。</Text>
  1000|              <Text type=\"secondary\">继续将沿用单机路径策略，请确保具备隔离与备份计划。</Text>
      at constructor (/home/lujingwei/DB-HA-Manager/frontend/node_modules/@babel/parser/lib/index.js:365:19)
      at TypeScriptParserMixin.raise (/home/lujingwei/DB-HA-Manager/frontend/node_modules/@babel/parser/lib/index.js:6599:19)
      at TypeScriptParserMixin.readWord1 (/home/lujingwei/DB-HA-Manager/frontend/node_modules/@babel/parser/lib/index.js:6559:16)
      at TypeScriptParserMixin.readWord (/home/lujingwei/DB-HA-Manager/frontend/node_modules/@babel/parser/lib/index.js:6579:23)
      at TypeScriptParserMixin.getTokenFromCode (/home/lujingwei/DB-HA-Manager/frontend/node_modules/@babel/parser/lib/index.js:6298:14)
      at TypeScriptParserMixin.getTokenFromCode (/home/lujingwei/DB-HA-Manager/frontend/node_modules/@babel/parser/lib/index.js:4797:11)
      at TypeScriptParserMixin.getTokenFromCode (/home/lujingwei/DB-HA-Manager/frontend/node_modules/@babel/parser/lib/index.js:9987:11)
      at TypeScriptParserMixin.nextToken (/home/lujingwei/DB-HA-Manager/frontend/node_modules/@babel/parser/lib/index.js:5782:10)
      at TypeScriptParserMixin.next (/home/lujingwei/DB-HA-Manager/frontend/node_modules/@babel/parser/lib/index.js:5692:10)
      at TypeScriptParserMixin.eat (/home/lujingwei/DB-HA-Manager/frontend/node_modules/@babel/parser/lib/index.js:5696:12)
      at TypeScriptParserMixin.jsxParseAttribute (/home/lujingwei/DB-HA-Manager/frontend/node_modules/@babel/parser/lib/index.js:4653:23)
      at TypeScriptParserMixin.jsxParseOpeningElementAfterName (/home/lujingwei/DB-HA-Manager/frontend/node_modules/@babel/parser/lib/index.js:4667:28)
      at TypeScriptParserMixin.jsxParseOpeningElementAfterName (/home/lujingwei/DB-HA-Manager/frontend/node_modules/@babel/parser/lib/index.js:10043:18)
      at TypeScriptParserMixin.jsxParseOpeningElementAt (/home/lujingwei/DB-HA-Manager/frontend/node_modules/@babel/parser/lib/index.js:4662:17)
      at TypeScriptParserMixin.jsxParseElementAt (/home/lujingwei/DB-HA-Manager/frontend/node_modules/@babel/parser/lib/index.js:4686:33)
      at TypeScriptParserMixin.jsxParseElement (/home/lujingwei/DB-HA-Manager/frontend/node_modules/@babel/parser/lib/index.js:4749:17)
      at TypeScriptParserMixin.parseExprAtom (/home/lujingwei/DB-HA-Manager/frontend/node_modules/@babel/parser/lib/index.js:4759:19)
      at TypeScriptParserMixin.parseExprSubscripts (/home/lujingwei/DB-HA-Manager/frontend/node_modules/@babel/parser/lib/index.js:11081:23)
      at TypeScriptParserMixin.parseUpdate (/home/lujingwei/DB-HA-Manager/frontend/node_modules/@babel/parser/lib/index.js:11066:21)
      at TypeScriptParserMixin.parseMaybeUnary (/home/lujingwei/DB-HA-Manager/frontend/node_modules/@babel/parser/lib/index.js:11046:23)
      at TypeScriptParserMixin.parseMaybeUnary (/home/lujingwei/DB-HA-Manager/frontend/node_modules/@babel/parser/lib/index.js:9837:18)
      at TypeScriptParserMixin.parseMaybeUnaryOrPrivate (/home/lujingwei/DB-HA-Manager/frontend/node_modules/@babel/parser/lib/index.js:10899:61)
      at TypeScriptParserMixin.parseExprOps (/home/lujingwei/DB-HA-Manager/frontend/node_modules/@babel/parser/lib/index.js:10904:23)
      at TypeScriptParserMixin.parseMaybeConditional (/home/lujingwei/DB-HA-Manager/frontend/node_modules/@babel/parser/lib/index.js:10881:23)
      at TypeScriptParserMixin.parseMaybeAssign (/home/lujingwei/DB-HA-Manager/frontend/node_modules/@babel/parser/lib/index.js:10831:21)
      at /home/lujingwei/DB-HA-Manager/frontend/node_modules/@babel/parser/lib/index.js:9775:39
      at TypeScriptParserMixin.tryParse (/home/lujingwei/DB-HA-Manager/frontend/node_modules/@babel/parser/lib/index.js:6907:20)
      at TypeScriptParserMixin.parseMaybeAssign (/home/lujingwei/DB-HA-Manager/frontend/node_modules/@babel/parser/lib/index.js:9775:18)
      at /home/lujingwei/DB-HA-Manager/frontend/node_modules/@babel/parser/lib/index.js:10800:39
      at TypeScriptParserMixin.allowInAnd (/home/lujingwei/DB-HA-Manager/frontend/node_modules/@babel/parser/lib/index.js:12426:12)
      at TypeScriptParserMixin.parseMaybeAssignAllowIn (/home/lujingwei/DB-HA-Manager/frontend/node_modules/@babel/parser/lib/index.js:10800:17)
      at TypeScriptParserMixin.parseMaybeAssignAllowInOrVoidPattern (/home/lujingwei/DB-HA-Manager/frontend/node_modules/@babel/parser/lib/index.js:12493:17)
      at TypeScriptParserMixin.parseParenAndDistinguishExpression (/home/lujingwei/DB-HA-Manager/frontend/node_modules/@babel/parser/lib/index.js:11675:28)
      at TypeScriptParserMixin.parseExprAtom (/home/lujingwei/DB-HA-Manager/frontend/node_modules/@babel/parser/lib/index.js:11331:23)
      at TypeScriptParserMixin.parseExprAtom (/home/lujingwei/DB-HA-Manager/frontend/node_modules/@babel/parser/lib/index.js:4764:20)
      at TypeScriptParserMixin.parseExprSubscripts (/home/lujingwei/DB-HA-Manager/frontend/node_modules/@babel/parser/lib/index.js:11081:23)
      at TypeScriptParserMixin.parseUpdate (/home/lujingwei/DB-HA-Manager/frontend/node_modules/@babel/parser/lib/index.js:11066:21)
      at TypeScriptParserMixin.parseMaybeUnary (/home/lujingwei/DB-HA-Manager/frontend/node_modules/@babel/parser/lib/index.js:11046:23)
      at TypeScriptParserMixin.parseMaybeUnary (/home/lujingwei/DB-HA-Manager/frontend/node_modules/@babel/parser/lib/index.js:9837:18)
      at TypeScriptParserMixin.parseMaybeUnaryOrPrivate (/home/lujingwei/DB-HA-Manager/frontend/node_modules/@babel/parser/lib/index.js:10899:61)
      at TypeScriptParserMixin.parseExprOps (/home/lujingwei/DB-HA-Manager/frontend/node_modules/@babel/parser/lib/index.js:10904:23)
      at TypeScriptParserMixin.parseMaybeConditional (/home/lujingwei/DB-HA-Manager/frontend/node_modules/@babel/parser/lib/index.js:10881:23)
      at TypeScriptParserMixin.parseMaybeAssign (/home/lujingwei/DB-HA-Manager/frontend/node_modules/@babel/parser/lib/index.js:10831:21)
      at TypeScriptParserMixin.parseMaybeAssign (/home/lujingwei/DB-HA-Manager/frontend/node_modules/@babel/parser/lib/index.js:9786:20)
      at /home/lujingwei/DB-HA-Manager/frontend/node_modules/@babel/parser/lib/index.js:10800:39
      at TypeScriptParserMixin.allowInAnd (/home/lujingwei/DB-HA-Manager/frontend/node_modules/@babel/parser/lib/index.js:12426:12)
      at TypeScriptParserMixin.parseMaybeAssignAllowIn (/home/lujingwei/DB-HA-Manager/frontend/node_modules/@babel/parser/lib/index.js:10800:17)
      at TypeScriptParserMixin.parseMaybeAssignAllowInOrVoidPattern (/home/lujingwei/DB-HA-Manager/frontend/node_modules/@babel/parser/lib/index.js:12493:17)
      at TypeScriptParserMixin.parseObjectProperty (/home/lujingwei/DB-HA-Manager/frontend/node_modules/@babel/parser/lib/index.js:11950:83)
      at TypeScriptParserMixin.parseObjPropValue (/home/lujingwei/DB-HA-Manager/frontend/node_modules/@babel/parser/lib/index.js:11978:100)
4:03:16 PM [vite] hmr update /src/pages/SetupWizard.tsx
4:03:16 PM [vite] Internal server error: /home/lujingwei/DB-HA-Manager/frontend/src/pages/SetupWizard.tsx: Expecting Unicode escape sequence \uXXXX. (998:28)

   996 |         title: '主备 IP 相同',
   997 |         content: (
>  998 |           <Space direction=\"vertical\" size={8}>
       |                             ^
   999 |             <Text>主备同机存在数据风险，请确认您已理解风险。</Text>
  1000 |             <Text type=\"secondary\">继续将沿用单机路径策略，请确保具备隔离与备份计划。</Text>
  1001 |           </Space>
  Plugin: vite:react-babel
  File: /home/lujingwei/DB-HA-Manager/frontend/src/pages/SetupWizard.tsx:998:28
  996|          title: '主备 IP 相同',
  997|          content: (
  998|            <Space direction=\"vertical\" size={8}>
     |                              ^
  999|              <Text>主备同机存在数据风险，请确认您已理解风险。</Text>
  1000|              <Text type=\"secondary\">继续将沿用单机路径策略，请确保具备隔离与备份计划。</Text>
      at constructor (/home/lujingwei/DB-HA-Manager/frontend/node_modules/@babel/parser/lib/index.js:365:19)
      at TypeScriptParserMixin.raise (/home/lujingwei/DB-HA-Manager/frontend/node_modules/@babel/parser/lib/index.js:6599:19)
      at TypeScriptParserMixin.readWord1 (/home/lujingwei/DB-HA-Manager/frontend/node_modules/@babel/parser/lib/index.js:6559:16)
      at TypeScriptParserMixin.readWord (/home/lujingwei/DB-HA-Manager/frontend/node_modules/@babel/parser/lib/index.js:6579:23)
      at TypeScriptParserMixin.getTokenFromCode (/home/lujingwei/DB-HA-Manager/frontend/node_modules/@babel/parser/lib/index.js:6298:14)
      at TypeScriptParserMixin.getTokenFromCode (/home/lujingwei/DB-HA-Manager/frontend/node_modules/@babel/parser/lib/index.js:4797:11)
      at TypeScriptParserMixin.getTokenFromCode (/home/lujingwei/DB-HA-Manager/frontend/node_modules/@babel/parser/lib/index.js:9987:11)
      at TypeScriptParserMixin.nextToken (/home/lujingwei/DB-HA-Manager/frontend/node_modules/@babel/parser/lib/index.js:5782:10)
      at TypeScriptParserMixin.next (/home/lujingwei/DB-HA-Manager/frontend/node_modules/@babel/parser/lib/index.js:5692:10)
      at TypeScriptParserMixin.eat (/home/lujingwei/DB-HA-Manager/frontend/node_modules/@babel/parser/lib/index.js:5696:12)
      at TypeScriptParserMixin.jsxParseAttribute (/home/lujingwei/DB-HA-Manager/frontend/node_modules/@babel/parser/lib/index.js:4653:23)
      at TypeScriptParserMixin.jsxParseOpeningElementAfterName (/home/lujingwei/DB-HA-Manager/frontend/node_modules/@babel/parser/lib/index.js:4667:28)
      at TypeScriptParserMixin.jsxParseOpeningElementAfterName (/home/lujingwei/DB-HA-Manager/frontend/node_modules/@babel/parser/lib/index.js:10043:18)
      at TypeScriptParserMixin.jsxParseOpeningElementAt (/home/lujingwei/DB-HA-Manager/frontend/node_modules/@babel/parser/lib/index.js:4662:17)
      at TypeScriptParserMixin.jsxParseElementAt (/home/lujingwei/DB-HA-Manager/frontend/node_modules/@babel/parser/lib/index.js:4686:33)
      at TypeScriptParserMixin.jsxParseElement (/home/lujingwei/DB-HA-Manager/frontend/node_modules/@babel/parser/lib/index.js:4749:17)
      at TypeScriptParserMixin.parseExprAtom (/home/lujingwei/DB-HA-Manager/frontend/node_modules/@babel/parser/lib/index.js:4759:19)
      at TypeScriptParserMixin.parseExprSubscripts (/home/lujingwei/DB-HA-Manager/frontend/node_modules/@babel/parser/lib/index.js:11081:23)
      at TypeScriptParserMixin.parseUpdate (/home/lujingwei/DB-HA-Manager/frontend/node_modules/@babel/parser/lib/index.js:11066:21)
      at TypeScriptParserMixin.parseMaybeUnary (/home/lujingwei/DB-HA-Manager/frontend/node_modules/@babel/parser/lib/index.js:11046:23)
      at TypeScriptParserMixin.parseMaybeUnary (/home/lujingwei/DB-HA-Manager/frontend/node_modules/@babel/parser/lib/index.js:9837:18)
      at TypeScriptParserMixin.parseMaybeUnaryOrPrivate (/home/lujingwei/DB-HA-Manager/frontend/node_modules/@babel/parser/lib/index.js:10899:61)
      at TypeScriptParserMixin.parseExprOps (/home/lujingwei/DB-HA-Manager/frontend/node_modules/@babel/parser/lib/index.js:10904:23)
      at TypeScriptParserMixin.parseMaybeConditional (/home/lujingwei/DB-HA-Manager/frontend/node_modules/@babel/parser/lib/index.js:10881:23)
      at TypeScriptParserMixin.parseMaybeAssign (/home/lujingwei/DB-HA-Manager/frontend/node_modules/@babel/parser/lib/index.js:10831:21)
      at /home/lujingwei/DB-HA-Manager/frontend/node_modules/@babel/parser/lib/index.js:9775:39
      at TypeScriptParserMixin.tryParse (/home/lujingwei/DB-HA-Manager/frontend/node_modules/@babel/parser/lib/index.js:6907:20)
      at TypeScriptParserMixin.parseMaybeAssign (/home/lujingwei/DB-HA-Manager/frontend/node_modules/@babel/parser/lib/index.js:9775:18)
      at /home/lujingwei/DB-HA-Manager/frontend/node_modules/@babel/parser/lib/index.js:10800:39
      at TypeScriptParserMixin.allowInAnd (/home/lujingwei/DB-HA-Manager/frontend/node_modules/@babel/parser/lib/index.js:12426:12)
      at TypeScriptParserMixin.parseMaybeAssignAllowIn (/home/lujingwei/DB-HA-Manager/frontend/node_modules/@babel/parser/lib/index.js:10800:17)
      at TypeScriptParserMixin.parseMaybeAssignAllowInOrVoidPattern (/home/lujingwei/DB-HA-Manager/frontend/node_modules/@babel/parser/lib/index.js:12493:17)
      at TypeScriptParserMixin.parseParenAndDistinguishExpression (/home/lujingwei/DB-HA-Manager/frontend/node_modules/@babel/parser/lib/index.js:11675:28)
      at TypeScriptParserMixin.parseExprAtom (/home/lujingwei/DB-HA-Manager/frontend/node_modules/@babel/parser/lib/index.js:11331:23)
      at TypeScriptParserMixin.parseExprAtom (/home/lujingwei/DB-HA-Manager/frontend/node_modules/@babel/parser/lib/index.js:4764:20)
      at TypeScriptParserMixin.parseExprSubscripts (/home/lujingwei/DB-HA-Manager/frontend/node_modules/@babel/parser/lib/index.js:11081:23)
      at TypeScriptParserMixin.parseUpdate (/home/lujingwei/DB-HA-Manager/frontend/node_modules/@babel/parser/lib/index.js:11066:21)
      at TypeScriptParserMixin.parseMaybeUnary (/home/lujingwei/DB-HA-Manager/frontend/node_modules/@babel/parser/lib/index.js:11046:23)
      at TypeScriptParserMixin.parseMaybeUnary (/home/lujingwei/DB-HA-Manager/frontend/node_modules/@babel/parser/lib/index.js:9837:18)
      at TypeScriptParserMixin.parseMaybeUnaryOrPrivate (/home/lujingwei/DB-HA-Manager/frontend/node_modules/@babel/parser/lib/index.js:10899:61)
      at TypeScriptParserMixin.parseExprOps (/home/lujingwei/DB-HA-Manager/frontend/node_modules/@babel/parser/lib/index.js:10904:23)
      at TypeScriptParserMixin.parseMaybeConditional (/home/lujingwei/DB-HA-Manager/frontend/node_modules/@babel/parser/lib/index.js:10881:23)
      at TypeScriptParserMixin.parseMaybeAssign (/home/lujingwei/DB-HA-Manager/frontend/node_modules/@babel/parser/lib/index.js:10831:21)
      at TypeScriptParserMixin.parseMaybeAssign (/home/lujingwei/DB-HA-Manager/frontend/node_modules/@babel/parser/lib/index.js:9786:20)
      at /home/lujingwei/DB-HA-Manager/frontend/node_modules/@babel/parser/lib/index.js:10800:39
      at TypeScriptParserMixin.allowInAnd (/home/lujingwei/DB-HA-Manager/frontend/node_modules/@babel/parser/lib/index.js:12426:12)
      at TypeScriptParserMixin.parseMaybeAssignAllowIn (/home/lujingwei/DB-HA-Manager/frontend/node_modules/@babel/parser/lib/index.js:10800:17)
      at TypeScriptParserMixin.parseMaybeAssignAllowInOrVoidPattern (/home/lujingwei/DB-HA-Manager/frontend/node_modules/@babel/parser/lib/index.js:12493:17)
      at TypeScriptParserMixin.parseObjectProperty (/home/lujingwei/DB-HA-Manager/frontend/node_modules/@babel/parser/lib/index.js:11950:83)
      at TypeScriptParserMixin.parseObjPropValue (/home/lujingwei/DB-HA-Manager/frontend/node_modules/@babel/parser/lib/index.js:11978:100)
4:03:24 PM [vite] hmr update /src/pages/SetupWizard.tsx
4:03:24 PM [vite] Internal server error: /home/lujingwei/DB-HA-Manager/frontend/src/pages/SetupWizard.tsx: Expecting Unicode escape sequence \uXXXX. (998:28)

   996 |         title: '主备 IP 相同',
   997 |         content: (
>  998 |           <Space direction=\"vertical\" size={8}>
       |                             ^
   999 |             <Text>主备同机存在数据风险，请确认您已理解风险。</Text>
  1000 |             <Text type=\"secondary\">继续将沿用单机路径策略，请确保具备隔离与备份计划。</Text>
  1001 |           </Space>
  Plugin: vite:react-babel
  File: /home/lujingwei/DB-HA-Manager/frontend/src/pages/SetupWizard.tsx:998:28
  996|          title: '主备 IP 相同',
  997|          content: (
  998|            <Space direction=\"vertical\" size={8}>
     |                              ^
  999|              <Text>主备同机存在数据风险，请确认您已理解风险。</Text>
  1000|              <Text type=\"secondary\">继续将沿用单机路径策略，请确保具备隔离与备份计划。</Text>
      at constructor (/home/lujingwei/DB-HA-Manager/frontend/node_modules/@babel/parser/lib/index.js:365:19)
      at TypeScriptParserMixin.raise (/home/lujingwei/DB-HA-Manager/frontend/node_modules/@babel/parser/lib/index.js:6599:19)
      at TypeScriptParserMixin.readWord1 (/home/lujingwei/DB-HA-Manager/frontend/node_modules/@babel/parser/lib/index.js:6559:16)
      at TypeScriptParserMixin.readWord (/home/lujingwei/DB-HA-Manager/frontend/node_modules/@babel/parser/lib/index.js:6579:23)
      at TypeScriptParserMixin.getTokenFromCode (/home/lujingwei/DB-HA-Manager/frontend/node_modules/@babel/parser/lib/index.js:6298:14)
      at TypeScriptParserMixin.getTokenFromCode (/home/lujingwei/DB-HA-Manager/frontend/node_modules/@babel/parser/lib/index.js:4797:11)
      at TypeScriptParserMixin.getTokenFromCode (/home/lujingwei/DB-HA-Manager/frontend/node_modules/@babel/parser/lib/index.js:9987:11)
      at TypeScriptParserMixin.nextToken (/home/lujingwei/DB-HA-Manager/frontend/node_modules/@babel/parser/lib/index.js:5782:10)
      at TypeScriptParserMixin.next (/home/lujingwei/DB-HA-Manager/frontend/node_modules/@babel/parser/lib/index.js:5692:10)
      at TypeScriptParserMixin.eat (/home/lujingwei/DB-HA-Manager/frontend/node_modules/@babel/parser/lib/index.js:5696:12)
      at TypeScriptParserMixin.jsxParseAttribute (/home/lujingwei/DB-HA-Manager/frontend/node_modules/@babel/parser/lib/index.js:4653:23)
      at TypeScriptParserMixin.jsxParseOpeningElementAfterName (/home/lujingwei/DB-HA-Manager/frontend/node_modules/@babel/parser/lib/index.js:4667:28)
      at TypeScriptParserMixin.jsxParseOpeningElementAfterName (/home/lujingwei/DB-HA-Manager/frontend/node_modules/@babel/parser/lib/index.js:10043:18)
      at TypeScriptParserMixin.jsxParseOpeningElementAt (/home/lujingwei/DB-HA-Manager/frontend/node_modules/@babel/parser/lib/index.js:4662:17)
      at TypeScriptParserMixin.jsxParseElementAt (/home/lujingwei/DB-HA-Manager/frontend/node_modules/@babel/parser/lib/index.js:4686:33)
      at TypeScriptParserMixin.jsxParseElement (/home/lujingwei/DB-HA-Manager/frontend/node_modules/@babel/parser/lib/index.js:4749:17)
      at TypeScriptParserMixin.parseExprAtom (/home/lujingwei/DB-HA-Manager/frontend/node_modules/@babel/parser/lib/index.js:4759:19)
      at TypeScriptParserMixin.parseExprSubscripts (/home/lujingwei/DB-HA-Manager/frontend/node_modules/@babel/parser/lib/index.js:11081:23)
      at TypeScriptParserMixin.parseUpdate (/home/lujingwei/DB-HA-Manager/frontend/node_modules/@babel/parser/lib/index.js:11066:21)
      at TypeScriptParserMixin.parseMaybeUnary (/home/lujingwei/DB-HA-Manager/frontend/node_modules/@babel/parser/lib/index.js:11046:23)
      at TypeScriptParserMixin.parseMaybeUnary (/home/lujingwei/DB-HA-Manager/frontend/node_modules/@babel/parser/lib/index.js:9837:18)
      at TypeScriptParserMixin.parseMaybeUnaryOrPrivate (/home/lujingwei/DB-HA-Manager/frontend/node_modules/@babel/parser/lib/index.js:10899:61)
      at TypeScriptParserMixin.parseExprOps (/home/lujingwei/DB-HA-Manager/frontend/node_modules/@babel/parser/lib/index.js:10904:23)
      at TypeScriptParserMixin.parseMaybeConditional (/home/lujingwei/DB-HA-Manager/frontend/node_modules/@babel/parser/lib/index.js:10881:23)
      at TypeScriptParserMixin.parseMaybeAssign (/home/lujingwei/DB-HA-Manager/frontend/node_modules/@babel/parser/lib/index.js:10831:21)
      at /home/lujingwei/DB-HA-Manager/frontend/node_modules/@babel/parser/lib/index.js:9775:39
      at TypeScriptParserMixin.tryParse (/home/lujingwei/DB-HA-Manager/frontend/node_modules/@babel/parser/lib/index.js:6907:20)
      at TypeScriptParserMixin.parseMaybeAssign (/home/lujingwei/DB-HA-Manager/frontend/node_modules/@babel/parser/lib/index.js:9775:18)
      at /home/lujingwei/DB-HA-Manager/frontend/node_modules/@babel/parser/lib/index.js:10800:39
      at TypeScriptParserMixin.allowInAnd (/home/lujingwei/DB-HA-Manager/frontend/node_modules/@babel/parser/lib/index.js:12426:12)
      at TypeScriptParserMixin.parseMaybeAssignAllowIn (/home/lujingwei/DB-HA-Manager/frontend/node_modules/@babel/parser/lib/index.js:10800:17)
      at TypeScriptParserMixin.parseMaybeAssignAllowInOrVoidPattern (/home/lujingwei/DB-HA-Manager/frontend/node_modules/@babel/parser/lib/index.js:12493:17)
      at TypeScriptParserMixin.parseParenAndDistinguishExpression (/home/lujingwei/DB-HA-Manager/frontend/node_modules/@babel/parser/lib/index.js:11675:28)
      at TypeScriptParserMixin.parseExprAtom (/home/lujingwei/DB-HA-Manager/frontend/node_modules/@babel/parser/lib/index.js:11331:23)
      at TypeScriptParserMixin.parseExprAtom (/home/lujingwei/DB-HA-Manager/frontend/node_modules/@babel/parser/lib/index.js:4764:20)
      at TypeScriptParserMixin.parseExprSubscripts (/home/lujingwei/DB-HA-Manager/frontend/node_modules/@babel/parser/lib/index.js:11081:23)
      at TypeScriptParserMixin.parseUpdate (/home/lujingwei/DB-HA-Manager/frontend/node_modules/@babel/parser/lib/index.js:11066:21)
      at TypeScriptParserMixin.parseMaybeUnary (/home/lujingwei/DB-HA-Manager/frontend/node_modules/@babel/parser/lib/index.js:11046:23)
      at TypeScriptParserMixin.parseMaybeUnary (/home/lujingwei/DB-HA-Manager/frontend/node_modules/@babel/parser/lib/index.js:9837:18)
      at TypeScriptParserMixin.parseMaybeUnaryOrPrivate (/home/lujingwei/DB-HA-Manager/frontend/node_modules/@babel/parser/lib/index.js:10899:61)
      at TypeScriptParserMixin.parseExprOps (/home/lujingwei/DB-HA-Manager/frontend/node_modules/@babel/parser/lib/index.js:10904:23)
      at TypeScriptParserMixin.parseMaybeConditional (/home/lujingwei/DB-HA-Manager/frontend/node_modules/@babel/parser/lib/index.js:10881:23)
      at TypeScriptParserMixin.parseMaybeAssign (/home/lujingwei/DB-HA-Manager/frontend/node_modules/@babel/parser/lib/index.js:10831:21)
      at TypeScriptParserMixin.parseMaybeAssign (/home/lujingwei/DB-HA-Manager/frontend/node_modules/@babel/parser/lib/index.js:9786:20)
      at /home/lujingwei/DB-HA-Manager/frontend/node_modules/@babel/parser/lib/index.js:10800:39
      at TypeScriptParserMixin.allowInAnd (/home/lujingwei/DB-HA-Manager/frontend/node_modules/@babel/parser/lib/index.js:12426:12)
      at TypeScriptParserMixin.parseMaybeAssignAllowIn (/home/lujingwei/DB-HA-Manager/frontend/node_modules/@babel/parser/lib/index.js:10800:17)
      at TypeScriptParserMixin.parseMaybeAssignAllowInOrVoidPattern (/home/lujingwei/DB-HA-Manager/frontend/node_modules/@babel/parser/lib/index.js:12493:17)
      at TypeScriptParserMixin.parseObjectProperty (/home/lujingwei/DB-HA-Manager/frontend/node_modules/@babel/parser/lib/index.js:11950:83)
      at TypeScriptParserMixin.parseObjPropValue (/home/lujingwei/DB-HA-Manager/frontend/node_modules/@babel/parser/lib/index.js:11978:100)
4:03:27 PM [vite] hmr update /src/pages/SetupWizard.tsx
4:03:27 PM [vite] Internal server error: /home/lujingwei/DB-HA-Manager/frontend/src/pages/SetupWizard.tsx: Expecting Unicode escape sequence \uXXXX. (998:28)

   996 |         title: '主备 IP 相同',
   997 |         content: (
>  998 |           <Space direction=\"vertical\" size={8}>
       |                             ^
   999 |             <Text>主备同机存在数据风险，请确认您已理解风险。</Text>
  1000 |             <Text type=\"secondary\">继续将沿用单机路径策略，请确保具备隔离与备份计划。</Text>
  1001 |           </Space>
  Plugin: vite:react-babel
  File: /home/lujingwei/DB-HA-Manager/frontend/src/pages/SetupWizard.tsx:998:28
  996|          title: '主备 IP 相同',
  997|          content: (
  998|            <Space direction=\"vertical\" size={8}>
     |                              ^
  999|              <Text>主备同机存在数据风险，请确认您已理解风险。</Text>
  1000|              <Text type=\"secondary\">继续将沿用单机路径策略，请确保具备隔离与备份计划。</Text>
      at constructor (/home/lujingwei/DB-HA-Manager/frontend/node_modules/@babel/parser/lib/index.js:365:19)
      at TypeScriptParserMixin.raise (/home/lujingwei/DB-HA-Manager/frontend/node_modules/@babel/parser/lib/index.js:6599:19)
      at TypeScriptParserMixin.readWord1 (/home/lujingwei/DB-HA-Manager/frontend/node_modules/@babel/parser/lib/index.js:6559:16)
      at TypeScriptParserMixin.readWord (/home/lujingwei/DB-HA-Manager/frontend/node_modules/@babel/parser/lib/index.js:6579:23)
      at TypeScriptParserMixin.getTokenFromCode (/home/lujingwei/DB-HA-Manager/frontend/node_modules/@babel/parser/lib/index.js:6298:14)
      at TypeScriptParserMixin.getTokenFromCode (/home/lujingwei/DB-HA-Manager/frontend/node_modules/@babel/parser/lib/index.js:4797:11)
      at TypeScriptParserMixin.getTokenFromCode (/home/lujingwei/DB-HA-Manager/frontend/node_modules/@babel/parser/lib/index.js:9987:11)
      at TypeScriptParserMixin.nextToken (/home/lujingwei/DB-HA-Manager/frontend/node_modules/@babel/parser/lib/index.js:5782:10)
      at TypeScriptParserMixin.next (/home/lujingwei/DB-HA-Manager/frontend/node_modules/@babel/parser/lib/index.js:5692:10)
      at TypeScriptParserMixin.eat (/home/lujingwei/DB-HA-Manager/frontend/node_modules/@babel/parser/lib/index.js:5696:12)
      at TypeScriptParserMixin.jsxParseAttribute (/home/lujingwei/DB-HA-Manager/frontend/node_modules/@babel/parser/lib/index.js:4653:23)
      at TypeScriptParserMixin.jsxParseOpeningElementAfterName (/home/lujingwei/DB-HA-Manager/frontend/node_modules/@babel/parser/lib/index.js:4667:28)
      at TypeScriptParserMixin.jsxParseOpeningElementAfterName (/home/lujingwei/DB-HA-Manager/frontend/node_modules/@babel/parser/lib/index.js:10043:18)
      at TypeScriptParserMixin.jsxParseOpeningElementAt (/home/lujingwei/DB-HA-Manager/frontend/node_modules/@babel/parser/lib/index.js:4662:17)
      at TypeScriptParserMixin.jsxParseElementAt (/home/lujingwei/DB-HA-Manager/frontend/node_modules/@babel/parser/lib/index.js:4686:33)
      at TypeScriptParserMixin.jsxParseElement (/home/lujingwei/DB-HA-Manager/frontend/node_modules/@babel/parser/lib/index.js:4749:17)
      at TypeScriptParserMixin.parseExprAtom (/home/lujingwei/DB-HA-Manager/frontend/node_modules/@babel/parser/lib/index.js:4759:19)
      at TypeScriptParserMixin.parseExprSubscripts (/home/lujingwei/DB-HA-Manager/frontend/node_modules/@babel/parser/lib/index.js:11081:23)
      at TypeScriptParserMixin.parseUpdate (/home/lujingwei/DB-HA-Manager/frontend/node_modules/@babel/parser/lib/index.js:11066:21)
      at TypeScriptParserMixin.parseMaybeUnary (/home/lujingwei/DB-HA-Manager/frontend/node_modules/@babel/parser/lib/index.js:11046:23)
      at TypeScriptParserMixin.parseMaybeUnary (/home/lujingwei/DB-HA-Manager/frontend/node_modules/@babel/parser/lib/index.js:9837:18)
      at TypeScriptParserMixin.parseMaybeUnaryOrPrivate (/home/lujingwei/DB-HA-Manager/frontend/node_modules/@babel/parser/lib/index.js:10899:61)
      at TypeScriptParserMixin.parseExprOps (/home/lujingwei/DB-HA-Manager/frontend/node_modules/@babel/parser/lib/index.js:10904:23)
      at TypeScriptParserMixin.parseMaybeConditional (/home/lujingwei/DB-HA-Manager/frontend/node_modules/@babel/parser/lib/index.js:10881:23)
      at TypeScriptParserMixin.parseMaybeAssign (/home/lujingwei/DB-HA-Manager/frontend/node_modules/@babel/parser/lib/index.js:10831:21)
      at /home/lujingwei/DB-HA-Manager/frontend/node_modules/@babel/parser/lib/index.js:9775:39
      at TypeScriptParserMixin.tryParse (/home/lujingwei/DB-HA-Manager/frontend/node_modules/@babel/parser/lib/index.js:6907:20)
      at TypeScriptParserMixin.parseMaybeAssign (/home/lujingwei/DB-HA-Manager/frontend/node_modules/@babel/parser/lib/index.js:9775:18)
      at /home/lujingwei/DB-HA-Manager/frontend/node_modules/@babel/parser/lib/index.js:10800:39
      at TypeScriptParserMixin.allowInAnd (/home/lujingwei/DB-HA-Manager/frontend/node_modules/@babel/parser/lib/index.js:12426:12)
      at TypeScriptParserMixin.parseMaybeAssignAllowIn (/home/lujingwei/DB-HA-Manager/frontend/node_modules/@babel/parser/lib/index.js:10800:17)
      at TypeScriptParserMixin.parseMaybeAssignAllowInOrVoidPattern (/home/lujingwei/DB-HA-Manager/frontend/node_modules/@babel/parser/lib/index.js:12493:17)
      at TypeScriptParserMixin.parseParenAndDistinguishExpression (/home/lujingwei/DB-HA-Manager/frontend/node_modules/@babel/parser/lib/index.js:11675:28)
      at TypeScriptParserMixin.parseExprAtom (/home/lujingwei/DB-HA-Manager/frontend/node_modules/@babel/parser/lib/index.js:11331:23)
      at TypeScriptParserMixin.parseExprAtom (/home/lujingwei/DB-HA-Manager/frontend/node_modules/@babel/parser/lib/index.js:4764:20)
      at TypeScriptParserMixin.parseExprSubscripts (/home/lujingwei/DB-HA-Manager/frontend/node_modules/@babel/parser/lib/index.js:11081:23)
      at TypeScriptParserMixin.parseUpdate (/home/lujingwei/DB-HA-Manager/frontend/node_modules/@babel/parser/lib/index.js:11066:21)
      at TypeScriptParserMixin.parseMaybeUnary (/home/lujingwei/DB-HA-Manager/frontend/node_modules/@babel/parser/lib/index.js:11046:23)
      at TypeScriptParserMixin.parseMaybeUnary (/home/lujingwei/DB-HA-Manager/frontend/node_modules/@babel/parser/lib/index.js:9837:18)
      at TypeScriptParserMixin.parseMaybeUnaryOrPrivate (/home/lujingwei/DB-HA-Manager/frontend/node_modules/@babel/parser/lib/index.js:10899:61)
      at TypeScriptParserMixin.parseExprOps (/home/lujingwei/DB-HA-Manager/frontend/node_modules/@babel/parser/lib/index.js:10904:23)
      at TypeScriptParserMixin.parseMaybeConditional (/home/lujingwei/DB-HA-Manager/frontend/node_modules/@babel/parser/lib/index.js:10881:23)
      at TypeScriptParserMixin.parseMaybeAssign (/home/lujingwei/DB-HA-Manager/frontend/node_modules/@babel/parser/lib/index.js:10831:21)
      at TypeScriptParserMixin.parseMaybeAssign (/home/lujingwei/DB-HA-Manager/frontend/node_modules/@babel/parser/lib/index.js:9786:20)
      at /home/lujingwei/DB-HA-Manager/frontend/node_modules/@babel/parser/lib/index.js:10800:39
      at TypeScriptParserMixin.allowInAnd (/home/lujingwei/DB-HA-Manager/frontend/node_modules/@babel/parser/lib/index.js:12426:12)
      at TypeScriptParserMixin.parseMaybeAssignAllowIn (/home/lujingwei/DB-HA-Manager/frontend/node_modules/@babel/parser/lib/index.js:10800:17)
      at TypeScriptParserMixin.parseMaybeAssignAllowInOrVoidPattern (/home/lujingwei/DB-HA-Manager/frontend/node_modules/@babel/parser/lib/index.js:12493:17)
      at TypeScriptParserMixin.parseObjectProperty (/home/lujingwei/DB-HA-Manager/frontend/node_modules/@babel/parser/lib/index.js:11950:83)
      at TypeScriptParserMixin.parseObjPropValue (/home/lujingwei/DB-HA-Manager/frontend/node_modules/@babel/parser/lib/index.js:11978:100)
4:04:48 PM [vite] Pre-transform error: /home/lujingwei/DB-HA-Manager/frontend/src/pages/SetupWizard.tsx: Expecting Unicode escape sequence \uXXXX. (998:28)

   996 |         title: '主备 IP 相同',
   997 |         content: (
>  998 |           <Space direction=\"vertical\" size={8}>
       |                             ^
   999 |             <Text>主备同机存在数据风险，请确认您已理解风险。</Text>
  1000 |             <Text type=\"secondary\">继续将沿用单机路径策略，请确保具备隔离与备份计划。</Text>
  1001 |           </Space>
4:04:48 PM [vite] Internal server error: /home/lujingwei/DB-HA-Manager/frontend/src/pages/SetupWizard.tsx: Expecting Unicode escape sequence \uXXXX. (998:28)

   996 |         title: '主备 IP 相同',
   997 |         content: (
>  998 |           <Space direction=\"vertical\" size={8}>
       |                             ^
   999 |             <Text>主备同机存在数据风险，请确认您已理解风险。</Text>
  1000 |             <Text type=\"secondary\">继续将沿用单机路径策略，请确保具备隔离与备份计划。</Text>
  1001 |           </Space>
  Plugin: vite:react-babel
  File: /home/lujingwei/DB-HA-Manager/frontend/src/pages/SetupWizard.tsx:998:28
  996|          title: '主备 IP 相同',
  997|          content: (
  998|            <Space direction=\"vertical\" size={8}>
     |                              ^
  999|              <Text>主备同机存在数据风险，请确认您已理解风险。</Text>
  1000|              <Text type=\"secondary\">继续将沿用单机路径策略，请确保具备隔离与备份计划。</Text>
      at constructor (/home/lujingwei/DB-HA-Manager/frontend/node_modules/@babel/parser/lib/index.js:365:19)
      at TypeScriptParserMixin.raise (/home/lujingwei/DB-HA-Manager/frontend/node_modules/@babel/parser/lib/index.js:6599:19)
      at TypeScriptParserMixin.readWord1 (/home/lujingwei/DB-HA-Manager/frontend/node_modules/@babel/parser/lib/index.js:6559:16)
      at TypeScriptParserMixin.readWord (/home/lujingwei/DB-HA-Manager/frontend/node_modules/@babel/parser/lib/index.js:6579:23)
      at TypeScriptParserMixin.getTokenFromCode (/home/lujingwei/DB-HA-Manager/frontend/node_modules/@babel/parser/lib/index.js:6298:14)
      at TypeScriptParserMixin.getTokenFromCode (/home/lujingwei/DB-HA-Manager/frontend/node_modules/@babel/parser/lib/index.js:4797:11)
      at TypeScriptParserMixin.getTokenFromCode (/home/lujingwei/DB-HA-Manager/frontend/node_modules/@babel/parser/lib/index.js:9987:11)
      at TypeScriptParserMixin.nextToken (/home/lujingwei/DB-HA-Manager/frontend/node_modules/@babel/parser/lib/index.js:5782:10)
      at TypeScriptParserMixin.next (/home/lujingwei/DB-HA-Manager/frontend/node_modules/@babel/parser/lib/index.js:5692:10)
      at TypeScriptParserMixin.eat (/home/lujingwei/DB-HA-Manager/frontend/node_modules/@babel/parser/lib/index.js:5696:12)
      at TypeScriptParserMixin.jsxParseAttribute (/home/lujingwei/DB-HA-Manager/frontend/node_modules/@babel/parser/lib/index.js:4653:23)
      at TypeScriptParserMixin.jsxParseOpeningElementAfterName (/home/lujingwei/DB-HA-Manager/frontend/node_modules/@babel/parser/lib/index.js:4667:28)
      at TypeScriptParserMixin.jsxParseOpeningElementAfterName (/home/lujingwei/DB-HA-Manager/frontend/node_modules/@babel/parser/lib/index.js:10043:18)
      at TypeScriptParserMixin.jsxParseOpeningElementAt (/home/lujingwei/DB-HA-Manager/frontend/node_modules/@babel/parser/lib/index.js:4662:17)
      at TypeScriptParserMixin.jsxParseElementAt (/home/lujingwei/DB-HA-Manager/frontend/node_modules/@babel/parser/lib/index.js:4686:33)
      at TypeScriptParserMixin.jsxParseElement (/home/lujingwei/DB-HA-Manager/frontend/node_modules/@babel/parser/lib/index.js:4749:17)
      at TypeScriptParserMixin.parseExprAtom (/home/lujingwei/DB-HA-Manager/frontend/node_modules/@babel/parser/lib/index.js:4759:19)
      at TypeScriptParserMixin.parseExprSubscripts (/home/lujingwei/DB-HA-Manager/frontend/node_modules/@babel/parser/lib/index.js:11081:23)
      at TypeScriptParserMixin.parseUpdate (/home/lujingwei/DB-HA-Manager/frontend/node_modules/@babel/parser/lib/index.js:11066:21)
      at TypeScriptParserMixin.parseMaybeUnary (/home/lujingwei/DB-HA-Manager/frontend/node_modules/@babel/parser/lib/index.js:11046:23)
      at TypeScriptParserMixin.parseMaybeUnary (/home/lujingwei/DB-HA-Manager/frontend/node_modules/@babel/parser/lib/index.js:9837:18)
      at TypeScriptParserMixin.parseMaybeUnaryOrPrivate (/home/lujingwei/DB-HA-Manager/frontend/node_modules/@babel/parser/lib/index.js:10899:61)
      at TypeScriptParserMixin.parseExprOps (/home/lujingwei/DB-HA-Manager/frontend/node_modules/@babel/parser/lib/index.js:10904:23)
      at TypeScriptParserMixin.parseMaybeConditional (/home/lujingwei/DB-HA-Manager/frontend/node_modules/@babel/parser/lib/index.js:10881:23)
      at TypeScriptParserMixin.parseMaybeAssign (/home/lujingwei/DB-HA-Manager/frontend/node_modules/@babel/parser/lib/index.js:10831:21)
      at /home/lujingwei/DB-HA-Manager/frontend/node_modules/@babel/parser/lib/index.js:9775:39
      at TypeScriptParserMixin.tryParse (/home/lujingwei/DB-HA-Manager/frontend/node_modules/@babel/parser/lib/index.js:6907:20)
      at TypeScriptParserMixin.parseMaybeAssign (/home/lujingwei/DB-HA-Manager/frontend/node_modules/@babel/parser/lib/index.js:9775:18)
      at /home/lujingwei/DB-HA-Manager/frontend/node_modules/@babel/parser/lib/index.js:10800:39
      at TypeScriptParserMixin.allowInAnd (/home/lujingwei/DB-HA-Manager/frontend/node_modules/@babel/parser/lib/index.js:12426:12)
      at TypeScriptParserMixin.parseMaybeAssignAllowIn (/home/lujingwei/DB-HA-Manager/frontend/node_modules/@babel/parser/lib/index.js:10800:17)
      at TypeScriptParserMixin.parseMaybeAssignAllowInOrVoidPattern (/home/lujingwei/DB-HA-Manager/frontend/node_modules/@babel/parser/lib/index.js:12493:17)
      at TypeScriptParserMixin.parseParenAndDistinguishExpression (/home/lujingwei/DB-HA-Manager/frontend/node_modules/@babel/parser/lib/index.js:11675:28)
      at TypeScriptParserMixin.parseExprAtom (/home/lujingwei/DB-HA-Manager/frontend/node_modules/@babel/parser/lib/index.js:11331:23)
      at TypeScriptParserMixin.parseExprAtom (/home/lujingwei/DB-HA-Manager/frontend/node_modules/@babel/parser/lib/index.js:4764:20)
      at TypeScriptParserMixin.parseExprSubscripts (/home/lujingwei/DB-HA-Manager/frontend/node_modules/@babel/parser/lib/index.js:11081:23)
      at TypeScriptParserMixin.parseUpdate (/home/lujingwei/DB-HA-Manager/frontend/node_modules/@babel/parser/lib/index.js:11066:21)
      at TypeScriptParserMixin.parseMaybeUnary (/home/lujingwei/DB-HA-Manager/frontend/node_modules/@babel/parser/lib/index.js:11046:23)
      at TypeScriptParserMixin.parseMaybeUnary (/home/lujingwei/DB-HA-Manager/frontend/node_modules/@babel/parser/lib/index.js:9837:18)
      at TypeScriptParserMixin.parseMaybeUnaryOrPrivate (/home/lujingwei/DB-HA-Manager/frontend/node_modules/@babel/parser/lib/index.js:10899:61)
      at TypeScriptParserMixin.parseExprOps (/home/lujingwei/DB-HA-Manager/frontend/node_modules/@babel/parser/lib/index.js:10904:23)
      at TypeScriptParserMixin.parseMaybeConditional (/home/lujingwei/DB-HA-Manager/frontend/node_modules/@babel/parser/lib/index.js:10881:23)
      at TypeScriptParserMixin.parseMaybeAssign (/home/lujingwei/DB-HA-Manager/frontend/node_modules/@babel/parser/lib/index.js:10831:21)
      at TypeScriptParserMixin.parseMaybeAssign (/home/lujingwei/DB-HA-Manager/frontend/node_modules/@babel/parser/lib/index.js:9786:20)
      at /home/lujingwei/DB-HA-Manager/frontend/node_modules/@babel/parser/lib/index.js:10800:39
      at TypeScriptParserMixin.allowInAnd (/home/lujingwei/DB-HA-Manager/frontend/node_modules/@babel/parser/lib/index.js:12426:12)
      at TypeScriptParserMixin.parseMaybeAssignAllowIn (/home/lujingwei/DB-HA-Manager/frontend/node_modules/@babel/parser/lib/index.js:10800:17)
      at TypeScriptParserMixin.parseMaybeAssignAllowInOrVoidPattern (/home/lujingwei/DB-HA-Manager/frontend/node_modules/@babel/parser/lib/index.js:12493:17)
      at TypeScriptParserMixin.parseObjectProperty (/home/lujingwei/DB-HA-Manager/frontend/node_modules/@babel/parser/lib/index.js:11950:83)
      at TypeScriptParserMixin.parseObjPropValue (/home/lujingwei/DB-HA-Manager/frontend/node_modules/@babel/parser/lib/index.js:11978:100)
4:04:50 PM [vite] Internal server error: /home/lujingwei/DB-HA-Manager/frontend/src/pages/SetupWizard.tsx: Expecting Unicode escape sequence \uXXXX. (998:28)

   996 |         title: '主备 IP 相同',
   997 |         content: (
>  998 |           <Space direction=\"vertical\" size={8}>
       |                             ^
   999 |             <Text>主备同机存在数据风险，请确认您已理解风险。</Text>
  1000 |             <Text type=\"secondary\">继续将沿用单机路径策略，请确保具备隔离与备份计划。</Text>
  1001 |           </Space>
  Plugin: vite:react-babel
  File: /home/lujingwei/DB-HA-Manager/frontend/src/pages/SetupWizard.tsx:998:28
  996|          title: '主备 IP 相同',
  997|          content: (
  998|            <Space direction=\"vertical\" size={8}>
     |                              ^
  999|              <Text>主备同机存在数据风险，请确认您已理解风险。</Text>
  1000|              <Text type=\"secondary\">继续将沿用单机路径策略，请确保具备隔离与备份计划。</Text>
      at constructor (/home/lujingwei/DB-HA-Manager/frontend/node_modules/@babel/parser/lib/index.js:365:19)
      at TypeScriptParserMixin.raise (/home/lujingwei/DB-HA-Manager/frontend/node_modules/@babel/parser/lib/index.js:6599:19)
      at TypeScriptParserMixin.readWord1 (/home/lujingwei/DB-HA-Manager/frontend/node_modules/@babel/parser/lib/index.js:6559:16)
      at TypeScriptParserMixin.readWord (/home/lujingwei/DB-HA-Manager/frontend/node_modules/@babel/parser/lib/index.js:6579:23)
      at TypeScriptParserMixin.getTokenFromCode (/home/lujingwei/DB-HA-Manager/frontend/node_modules/@babel/parser/lib/index.js:6298:14)
      at TypeScriptParserMixin.getTokenFromCode (/home/lujingwei/DB-HA-Manager/frontend/node_modules/@babel/parser/lib/index.js:4797:11)
      at TypeScriptParserMixin.getTokenFromCode (/home/lujingwei/DB-HA-Manager/frontend/node_modules/@babel/parser/lib/index.js:9987:11)
      at TypeScriptParserMixin.nextToken (/home/lujingwei/DB-HA-Manager/frontend/node_modules/@babel/parser/lib/index.js:5782:10)
      at TypeScriptParserMixin.next (/home/lujingwei/DB-HA-Manager/frontend/node_modules/@babel/parser/lib/index.js:5692:10)
      at TypeScriptParserMixin.eat (/home/lujingwei/DB-HA-Manager/frontend/node_modules/@babel/parser/lib/index.js:5696:12)
      at TypeScriptParserMixin.jsxParseAttribute (/home/lujingwei/DB-HA-Manager/frontend/node_modules/@babel/parser/lib/index.js:4653:23)
      at TypeScriptParserMixin.jsxParseOpeningElementAfterName (/home/lujingwei/DB-HA-Manager/frontend/node_modules/@babel/parser/lib/index.js:4667:28)
      at TypeScriptParserMixin.jsxParseOpeningElementAfterName (/home/lujingwei/DB-HA-Manager/frontend/node_modules/@babel/parser/lib/index.js:10043:18)
      at TypeScriptParserMixin.jsxParseOpeningElementAt (/home/lujingwei/DB-HA-Manager/frontend/node_modules/@babel/parser/lib/index.js:4662:17)
      at TypeScriptParserMixin.jsxParseElementAt (/home/lujingwei/DB-HA-Manager/frontend/node_modules/@babel/parser/lib/index.js:4686:33)
      at TypeScriptParserMixin.jsxParseElement (/home/lujingwei/DB-HA-Manager/frontend/node_modules/@babel/parser/lib/index.js:4749:17)
      at TypeScriptParserMixin.parseExprAtom (/home/lujingwei/DB-HA-Manager/frontend/node_modules/@babel/parser/lib/index.js:4759:19)
      at TypeScriptParserMixin.parseExprSubscripts (/home/lujingwei/DB-HA-Manager/frontend/node_modules/@babel/parser/lib/index.js:11081:23)
      at TypeScriptParserMixin.parseUpdate (/home/lujingwei/DB-HA-Manager/frontend/node_modules/@babel/parser/lib/index.js:11066:21)
      at TypeScriptParserMixin.parseMaybeUnary (/home/lujingwei/DB-HA-Manager/frontend/node_modules/@babel/parser/lib/index.js:11046:23)
      at TypeScriptParserMixin.parseMaybeUnary (/home/lujingwei/DB-HA-Manager/frontend/node_modules/@babel/parser/lib/index.js:9837:18)
      at TypeScriptParserMixin.parseMaybeUnaryOrPrivate (/home/lujingwei/DB-HA-Manager/frontend/node_modules/@babel/parser/lib/index.js:10899:61)
      at TypeScriptParserMixin.parseExprOps (/home/lujingwei/DB-HA-Manager/frontend/node_modules/@babel/parser/lib/index.js:10904:23)
      at TypeScriptParserMixin.parseMaybeConditional (/home/lujingwei/DB-HA-Manager/frontend/node_modules/@babel/parser/lib/index.js:10881:23)
      at TypeScriptParserMixin.parseMaybeAssign (/home/lujingwei/DB-HA-Manager/frontend/node_modules/@babel/parser/lib/index.js:10831:21)
      at /home/lujingwei/DB-HA-Manager/frontend/node_modules/@babel/parser/lib/index.js:9775:39
      at TypeScriptParserMixin.tryParse (/home/lujingwei/DB-HA-Manager/frontend/node_modules/@babel/parser/lib/index.js:6907:20)
      at TypeScriptParserMixin.parseMaybeAssign (/home/lujingwei/DB-HA-Manager/frontend/node_modules/@babel/parser/lib/index.js:9775:18)
      at /home/lujingwei/DB-HA-Manager/frontend/node_modules/@babel/parser/lib/index.js:10800:39
      at TypeScriptParserMixin.allowInAnd (/home/lujingwei/DB-HA-Manager/frontend/node_modules/@babel/parser/lib/index.js:12426:12)
      at TypeScriptParserMixin.parseMaybeAssignAllowIn (/home/lujingwei/DB-HA-Manager/frontend/node_modules/@babel/parser/lib/index.js:10800:17)
      at TypeScriptParserMixin.parseMaybeAssignAllowInOrVoidPattern (/home/lujingwei/DB-HA-Manager/frontend/node_modules/@babel/parser/lib/index.js:12493:17)
      at TypeScriptParserMixin.parseParenAndDistinguishExpression (/home/lujingwei/DB-HA-Manager/frontend/node_modules/@babel/parser/lib/index.js:11675:28)
      at TypeScriptParserMixin.parseExprAtom (/home/lujingwei/DB-HA-Manager/frontend/node_modules/@babel/parser/lib/index.js:11331:23)
      at TypeScriptParserMixin.parseExprAtom (/home/lujingwei/DB-HA-Manager/frontend/node_modules/@babel/parser/lib/index.js:4764:20)
      at TypeScriptParserMixin.parseExprSubscripts (/home/lujingwei/DB-HA-Manager/frontend/node_modules/@babel/parser/lib/index.js:11081:23)
      at TypeScriptParserMixin.parseUpdate (/home/lujingwei/DB-HA-Manager/frontend/node_modules/@babel/parser/lib/index.js:11066:21)
      at TypeScriptParserMixin.parseMaybeUnary (/home/lujingwei/DB-HA-Manager/frontend/node_modules/@babel/parser/lib/index.js:11046:23)
      at TypeScriptParserMixin.parseMaybeUnary (/home/lujingwei/DB-HA-Manager/frontend/node_modules/@babel/parser/lib/index.js:9837:18)
      at TypeScriptParserMixin.parseMaybeUnaryOrPrivate (/home/lujingwei/DB-HA-Manager/frontend/node_modules/@babel/parser/lib/index.js:10899:61)
      at TypeScriptParserMixin.parseExprOps (/home/lujingwei/DB-HA-Manager/frontend/node_modules/@babel/parser/lib/index.js:10904:23)
      at TypeScriptParserMixin.parseMaybeConditional (/home/lujingwei/DB-HA-Manager/frontend/node_modules/@babel/parser/lib/index.js:10881:23)
      at TypeScriptParserMixin.parseMaybeAssign (/home/lujingwei/DB-HA-Manager/frontend/node_modules/@babel/parser/lib/index.js:10831:21)
      at TypeScriptParserMixin.parseMaybeAssign (/home/lujingwei/DB-HA-Manager/frontend/node_modules/@babel/parser/lib/index.js:9786:20)
      at /home/lujingwei/DB-HA-Manager/frontend/node_modules/@babel/parser/lib/index.js:10800:39
      at TypeScriptParserMixin.allowInAnd (/home/lujingwei/DB-HA-Manager/frontend/node_modules/@babel/parser/lib/index.js:12426:12)
      at TypeScriptParserMixin.parseMaybeAssignAllowIn (/home/lujingwei/DB-HA-Manager/frontend/node_modules/@babel/parser/lib/index.js:10800:17)
      at TypeScriptParserMixin.parseMaybeAssignAllowInOrVoidPattern (/home/lujingwei/DB-HA-Manager/frontend/node_modules/@babel/parser/lib/index.js:12493:17)
      at TypeScriptParserMixin.parseObjectProperty (/home/lujingwei/DB-HA-Manager/frontend/node_modules/@babel/parser/lib/index.js:11950:83)
      at TypeScriptParserMixin.parseObjPropValue (/home/lujingwei/DB-HA-Manager/frontend/node_modules/@babel/parser/lib/index.js:11978:100)
4:04:52 PM [vite] Internal server error: /home/lujingwei/DB-HA-Manager/frontend/src/pages/SetupWizard.tsx: Expecting Unicode escape sequence \uXXXX. (998:28)

   996 |         title: '主备 IP 相同',
   997 |         content: (
>  998 |           <Space direction=\"vertical\" size={8}>
       |                             ^
   999 |             <Text>主备同机存在数据风险，请确认您已理解风险。</Text>
  1000 |             <Text type=\"secondary\">继续将沿用单机路径策略，请确保具备隔离与备份计划。</Text>
  1001 |           </Space>
  Plugin: vite:react-babel
  File: /home/lujingwei/DB-HA-Manager/frontend/src/pages/SetupWizard.tsx:998:28
  996|          title: '主备 IP 相同',
  997|          content: (
  998|            <Space direction=\"vertical\" size={8}>
     |                              ^
  999|              <Text>主备同机存在数据风险，请确认您已理解风险。</Text>
  1000|              <Text type=\"secondary\">继续将沿用单机路径策略，请确保具备隔离与备份计划。</Text>
      at constructor (/home/lujingwei/DB-HA-Manager/frontend/node_modules/@babel/parser/lib/index.js:365:19)
      at TypeScriptParserMixin.raise (/home/lujingwei/DB-HA-Manager/frontend/node_modules/@babel/parser/lib/index.js:6599:19)
      at TypeScriptParserMixin.readWord1 (/home/lujingwei/DB-HA-Manager/frontend/node_modules/@babel/parser/lib/index.js:6559:16)
      at TypeScriptParserMixin.readWord (/home/lujingwei/DB-HA-Manager/frontend/node_modules/@babel/parser/lib/index.js:6579:23)
      at TypeScriptParserMixin.getTokenFromCode (/home/lujingwei/DB-HA-Manager/frontend/node_modules/@babel/parser/lib/index.js:6298:14)
      at TypeScriptParserMixin.getTokenFromCode (/home/lujingwei/DB-HA-Manager/frontend/node_modules/@babel/parser/lib/index.js:4797:11)
      at TypeScriptParserMixin.getTokenFromCode (/home/lujingwei/DB-HA-Manager/frontend/node_modules/@babel/parser/lib/index.js:9987:11)
      at TypeScriptParserMixin.nextToken (/home/lujingwei/DB-HA-Manager/frontend/node_modules/@babel/parser/lib/index.js:5782:10)
      at TypeScriptParserMixin.next (/home/lujingwei/DB-HA-Manager/frontend/node_modules/@babel/parser/lib/index.js:5692:10)
      at TypeScriptParserMixin.eat (/home/lujingwei/DB-HA-Manager/frontend/node_modules/@babel/parser/lib/index.js:5696:12)
      at TypeScriptParserMixin.jsxParseAttribute (/home/lujingwei/DB-HA-Manager/frontend/node_modules/@babel/parser/lib/index.js:4653:23)
      at TypeScriptParserMixin.jsxParseOpeningElementAfterName (/home/lujingwei/DB-HA-Manager/frontend/node_modules/@babel/parser/lib/index.js:4667:28)
      at TypeScriptParserMixin.jsxParseOpeningElementAfterName (/home/lujingwei/DB-HA-Manager/frontend/node_modules/@babel/parser/lib/index.js:10043:18)
      at TypeScriptParserMixin.jsxParseOpeningElementAt (/home/lujingwei/DB-HA-Manager/frontend/node_modules/@babel/parser/lib/index.js:4662:17)
      at TypeScriptParserMixin.jsxParseElementAt (/home/lujingwei/DB-HA-Manager/frontend/node_modules/@babel/parser/lib/index.js:4686:33)
      at TypeScriptParserMixin.jsxParseElement (/home/lujingwei/DB-HA-Manager/frontend/node_modules/@babel/parser/lib/index.js:4749:17)
      at TypeScriptParserMixin.parseExprAtom (/home/lujingwei/DB-HA-Manager/frontend/node_modules/@babel/parser/lib/index.js:4759:19)
      at TypeScriptParserMixin.parseExprSubscripts (/home/lujingwei/DB-HA-Manager/frontend/node_modules/@babel/parser/lib/index.js:11081:23)
      at TypeScriptParserMixin.parseUpdate (/home/lujingwei/DB-HA-Manager/frontend/node_modules/@babel/parser/lib/index.js:11066:21)
      at TypeScriptParserMixin.parseMaybeUnary (/home/lujingwei/DB-HA-Manager/frontend/node_modules/@babel/parser/lib/index.js:11046:23)
      at TypeScriptParserMixin.parseMaybeUnary (/home/lujingwei/DB-HA-Manager/frontend/node_modules/@babel/parser/lib/index.js:9837:18)
      at TypeScriptParserMixin.parseMaybeUnaryOrPrivate (/home/lujingwei/DB-HA-Manager/frontend/node_modules/@babel/parser/lib/index.js:10899:61)
      at TypeScriptParserMixin.parseExprOps (/home/lujingwei/DB-HA-Manager/frontend/node_modules/@babel/parser/lib/index.js:10904:23)
      at TypeScriptParserMixin.parseMaybeConditional (/home/lujingwei/DB-HA-Manager/frontend/node_modules/@babel/parser/lib/index.js:10881:23)
      at TypeScriptParserMixin.parseMaybeAssign (/home/lujingwei/DB-HA-Manager/frontend/node_modules/@babel/parser/lib/index.js:10831:21)
      at /home/lujingwei/DB-HA-Manager/frontend/node_modules/@babel/parser/lib/index.js:9775:39
      at TypeScriptParserMixin.tryParse (/home/lujingwei/DB-HA-Manager/frontend/node_modules/@babel/parser/lib/index.js:6907:20)
      at TypeScriptParserMixin.parseMaybeAssign (/home/lujingwei/DB-HA-Manager/frontend/node_modules/@babel/parser/lib/index.js:9775:18)
      at /home/lujingwei/DB-HA-Manager/frontend/node_modules/@babel/parser/lib/index.js:10800:39
      at TypeScriptParserMixin.allowInAnd (/home/lujingwei/DB-HA-Manager/frontend/node_modules/@babel/parser/lib/index.js:12426:12)
      at TypeScriptParserMixin.parseMaybeAssignAllowIn (/home/lujingwei/DB-HA-Manager/frontend/node_modules/@babel/parser/lib/index.js:10800:17)
      at TypeScriptParserMixin.parseMaybeAssignAllowInOrVoidPattern (/home/lujingwei/DB-HA-Manager/frontend/node_modules/@babel/parser/lib/index.js:12493:17)
      at TypeScriptParserMixin.parseParenAndDistinguishExpression (/home/lujingwei/DB-HA-Manager/frontend/node_modules/@babel/parser/lib/index.js:11675:28)
      at TypeScriptParserMixin.parseExprAtom (/home/lujingwei/DB-HA-Manager/frontend/node_modules/@babel/parser/lib/index.js:11331:23)
      at TypeScriptParserMixin.parseExprAtom (/home/lujingwei/DB-HA-Manager/frontend/node_modules/@babel/parser/lib/index.js:4764:20)
      at TypeScriptParserMixin.parseExprSubscripts (/home/lujingwei/DB-HA-Manager/frontend/node_modules/@babel/parser/lib/index.js:11081:23)
      at TypeScriptParserMixin.parseUpdate (/home/lujingwei/DB-HA-Manager/frontend/node_modules/@babel/parser/lib/index.js:11066:21)
      at TypeScriptParserMixin.parseMaybeUnary (/home/lujingwei/DB-HA-Manager/frontend/node_modules/@babel/parser/lib/index.js:11046:23)
      at TypeScriptParserMixin.parseMaybeUnary (/home/lujingwei/DB-HA-Manager/frontend/node_modules/@babel/parser/lib/index.js:9837:18)
      at TypeScriptParserMixin.parseMaybeUnaryOrPrivate (/home/lujingwei/DB-HA-Manager/frontend/node_modules/@babel/parser/lib/index.js:10899:61)
      at TypeScriptParserMixin.parseExprOps (/home/lujingwei/DB-HA-Manager/frontend/node_modules/@babel/parser/lib/index.js:10904:23)
      at TypeScriptParserMixin.parseMaybeConditional (/home/lujingwei/DB-HA-Manager/frontend/node_modules/@babel/parser/lib/index.js:10881:23)
      at TypeScriptParserMixin.parseMaybeAssign (/home/lujingwei/DB-HA-Manager/frontend/node_modules/@babel/parser/lib/index.js:10831:21)
      at TypeScriptParserMixin.parseMaybeAssign (/home/lujingwei/DB-HA-Manager/frontend/node_modules/@babel/parser/lib/index.js:9786:20)
      at /home/lujingwei/DB-HA-Manager/frontend/node_modules/@babel/parser/lib/index.js:10800:39
      at TypeScriptParserMixin.allowInAnd (/home/lujingwei/DB-HA-Manager/frontend/node_modules/@babel/parser/lib/index.js:12426:12)
      at TypeScriptParserMixin.parseMaybeAssignAllowIn (/home/lujingwei/DB-HA-Manager/frontend/node_modules/@babel/parser/lib/index.js:10800:17)
      at TypeScriptParserMixin.parseMaybeAssignAllowInOrVoidPattern (/home/lujingwei/DB-HA-Manager/frontend/node_modules/@babel/parser/lib/index.js:12493:17)
      at TypeScriptParserMixin.parseObjectProperty (/home/lujingwei/DB-HA-Manager/frontend/node_modules/@babel/parser/lib/index.js:11950:83)
      at TypeScriptParserMixin.parseObjPropValue (/home/lujingwei/DB-HA-Manager/frontend/node_modules/@babel/parser/lib/index.js:11978:100)
4:06:42 PM [vite] Internal server error: /home/lujingwei/DB-HA-Manager/frontend/src/pages/SetupWizard.tsx: Expecting Unicode escape sequence \uXXXX. (998:28)

   996 |         title: '主备 IP 相同',
   997 |         content: (
>  998 |           <Space direction=\"vertical\" size={8}>
       |                             ^
   999 |             <Text>主备同机存在数据风险，请确认您已理解风险。</Text>
  1000 |             <Text type=\"secondary\">继续将沿用单机路径策略，请确保具备隔离与备份计划。</Text>
  1001 |           </Space>
  Plugin: vite:react-babel
  File: /home/lujingwei/DB-HA-Manager/frontend/src/pages/SetupWizard.tsx:998:28
  996|          title: '主备 IP 相同',
  997|          content: (
  998|            <Space direction=\"vertical\" size={8}>
     |                              ^
  999|              <Text>主备同机存在数据风险，请确认您已理解风险。</Text>
  1000|              <Text type=\"secondary\">继续将沿用单机路径策略，请确保具备隔离与备份计划。</Text>
      at constructor (/home/lujingwei/DB-HA-Manager/frontend/node_modules/@babel/parser/lib/index.js:365:19)
      at TypeScriptParserMixin.raise (/home/lujingwei/DB-HA-Manager/frontend/node_modules/@babel/parser/lib/index.js:6599:19)
      at TypeScriptParserMixin.readWord1 (/home/lujingwei/DB-HA-Manager/frontend/node_modules/@babel/parser/lib/index.js:6559:16)
      at TypeScriptParserMixin.readWord (/home/lujingwei/DB-HA-Manager/frontend/node_modules/@babel/parser/lib/index.js:6579:23)
      at TypeScriptParserMixin.getTokenFromCode (/home/lujingwei/DB-HA-Manager/frontend/node_modules/@babel/parser/lib/index.js:6298:14)
      at TypeScriptParserMixin.getTokenFromCode (/home/lujingwei/DB-HA-Manager/frontend/node_modules/@babel/parser/lib/index.js:4797:11)
      at TypeScriptParserMixin.getTokenFromCode (/home/lujingwei/DB-HA-Manager/frontend/node_modules/@babel/parser/lib/index.js:9987:11)
      at TypeScriptParserMixin.nextToken (/home/lujingwei/DB-HA-Manager/frontend/node_modules/@babel/parser/lib/index.js:5782:10)
      at TypeScriptParserMixin.next (/home/lujingwei/DB-HA-Manager/frontend/node_modules/@babel/parser/lib/index.js:5692:10)
      at TypeScriptParserMixin.eat (/home/lujingwei/DB-HA-Manager/frontend/node_modules/@babel/parser/lib/index.js:5696:12)
      at TypeScriptParserMixin.jsxParseAttribute (/home/lujingwei/DB-HA-Manager/frontend/node_modules/@babel/parser/lib/index.js:4653:23)
      at TypeScriptParserMixin.jsxParseOpeningElementAfterName (/home/lujingwei/DB-HA-Manager/frontend/node_modules/@babel/parser/lib/index.js:4667:28)
      at TypeScriptParserMixin.jsxParseOpeningElementAfterName (/home/lujingwei/DB-HA-Manager/frontend/node_modules/@babel/parser/lib/index.js:10043:18)
      at TypeScriptParserMixin.jsxParseOpeningElementAt (/home/lujingwei/DB-HA-Manager/frontend/node_modules/@babel/parser/lib/index.js:4662:17)
      at TypeScriptParserMixin.jsxParseElementAt (/home/lujingwei/DB-HA-Manager/frontend/node_modules/@babel/parser/lib/index.js:4686:33)
      at TypeScriptParserMixin.jsxParseElement (/home/lujingwei/DB-HA-Manager/frontend/node_modules/@babel/parser/lib/index.js:4749:17)
      at TypeScriptParserMixin.parseExprAtom (/home/lujingwei/DB-HA-Manager/frontend/node_modules/@babel/parser/lib/index.js:4759:19)
      at TypeScriptParserMixin.parseExprSubscripts (/home/lujingwei/DB-HA-Manager/frontend/node_modules/@babel/parser/lib/index.js:11081:23)
      at TypeScriptParserMixin.parseUpdate (/home/lujingwei/DB-HA-Manager/frontend/node_modules/@babel/parser/lib/index.js:11066:21)
      at TypeScriptParserMixin.parseMaybeUnary (/home/lujingwei/DB-HA-Manager/frontend/node_modules/@babel/parser/lib/index.js:11046:23)
      at TypeScriptParserMixin.parseMaybeUnary (/home/lujingwei/DB-HA-Manager/frontend/node_modules/@babel/parser/lib/index.js:9837:18)
      at TypeScriptParserMixin.parseMaybeUnaryOrPrivate (/home/lujingwei/DB-HA-Manager/frontend/node_modules/@babel/parser/lib/index.js:10899:61)
      at TypeScriptParserMixin.parseExprOps (/home/lujingwei/DB-HA-Manager/frontend/node_modules/@babel/parser/lib/index.js:10904:23)
      at TypeScriptParserMixin.parseMaybeConditional (/home/lujingwei/DB-HA-Manager/frontend/node_modules/@babel/parser/lib/index.js:10881:23)
      at TypeScriptParserMixin.parseMaybeAssign (/home/lujingwei/DB-HA-Manager/frontend/node_modules/@babel/parser/lib/index.js:10831:21)
      at /home/lujingwei/DB-HA-Manager/frontend/node_modules/@babel/parser/lib/index.js:9775:39
      at TypeScriptParserMixin.tryParse (/home/lujingwei/DB-HA-Manager/frontend/node_modules/@babel/parser/lib/index.js:6907:20)
      at TypeScriptParserMixin.parseMaybeAssign (/home/lujingwei/DB-HA-Manager/frontend/node_modules/@babel/parser/lib/index.js:9775:18)
      at /home/lujingwei/DB-HA-Manager/frontend/node_modules/@babel/parser/lib/index.js:10800:39
      at TypeScriptParserMixin.allowInAnd (/home/lujingwei/DB-HA-Manager/frontend/node_modules/@babel/parser/lib/index.js:12426:12)
      at TypeScriptParserMixin.parseMaybeAssignAllowIn (/home/lujingwei/DB-HA-Manager/frontend/node_modules/@babel/parser/lib/index.js:10800:17)
      at TypeScriptParserMixin.parseMaybeAssignAllowInOrVoidPattern (/home/lujingwei/DB-HA-Manager/frontend/node_modules/@babel/parser/lib/index.js:12493:17)
      at TypeScriptParserMixin.parseParenAndDistinguishExpression (/home/lujingwei/DB-HA-Manager/frontend/node_modules/@babel/parser/lib/index.js:11675:28)
      at TypeScriptParserMixin.parseExprAtom (/home/lujingwei/DB-HA-Manager/frontend/node_modules/@babel/parser/lib/index.js:11331:23)
      at TypeScriptParserMixin.parseExprAtom (/home/lujingwei/DB-HA-Manager/frontend/node_modules/@babel/parser/lib/index.js:4764:20)
      at TypeScriptParserMixin.parseExprSubscripts (/home/lujingwei/DB-HA-Manager/frontend/node_modules/@babel/parser/lib/index.js:11081:23)
      at TypeScriptParserMixin.parseUpdate (/home/lujingwei/DB-HA-Manager/frontend/node_modules/@babel/parser/lib/index.js:11066:21)
      at TypeScriptParserMixin.parseMaybeUnary (/home/lujingwei/DB-HA-Manager/frontend/node_modules/@babel/parser/lib/index.js:11046:23)
      at TypeScriptParserMixin.parseMaybeUnary (/home/lujingwei/DB-HA-Manager/frontend/node_modules/@babel/parser/lib/index.js:9837:18)
      at TypeScriptParserMixin.parseMaybeUnaryOrPrivate (/home/lujingwei/DB-HA-Manager/frontend/node_modules/@babel/parser/lib/index.js:10899:61)
      at TypeScriptParserMixin.parseExprOps (/home/lujingwei/DB-HA-Manager/frontend/node_modules/@babel/parser/lib/index.js:10904:23)
      at TypeScriptParserMixin.parseMaybeConditional (/home/lujingwei/DB-HA-Manager/frontend/node_modules/@babel/parser/lib/index.js:10881:23)
      at TypeScriptParserMixin.parseMaybeAssign (/home/lujingwei/DB-HA-Manager/frontend/node_modules/@babel/parser/lib/index.js:10831:21)
      at TypeScriptParserMixin.parseMaybeAssign (/home/lujingwei/DB-HA-Manager/frontend/node_modules/@babel/parser/lib/index.js:9786:20)
      at /home/lujingwei/DB-HA-Manager/frontend/node_modules/@babel/parser/lib/index.js:10800:39
      at TypeScriptParserMixin.allowInAnd (/home/lujingwei/DB-HA-Manager/frontend/node_modules/@babel/parser/lib/index.js:12426:12)
      at TypeScriptParserMixin.parseMaybeAssignAllowIn (/home/lujingwei/DB-HA-Manager/frontend/node_modules/@babel/parser/lib/index.js:10800:17)
      at TypeScriptParserMixin.parseMaybeAssignAllowInOrVoidPattern (/home/lujingwei/DB-HA-Manager/frontend/node_modules/@babel/parser/lib/index.js:12493:17)
      at TypeScriptParserMixin.parseObjectProperty (/home/lujingwei/DB-HA-Manager/frontend/node_modules/@babel/parser/lib/index.js:11950:83)
      at TypeScriptParserMixin.parseObjPropValue (/home/lujingwei/DB-HA-Manager/frontend/node_modules/@babel/parser/lib/index.js:11978:100)
4:08:25 PM [vite] hmr update /src/pages/SetupWizard.tsx
4:08:25 PM [vite] Pre-transform error: /home/lujingwei/DB-HA-Manager/frontend/src/pages/SetupWizard.tsx: Expecting Unicode escape sequence \uXXXX. (998:28)

   996 |         title: '主备 IP 相同',
   997 |         content: (
>  998 |           <Space direction=\"vertical\" size={8}>
       |                             ^
   999 |             <Text>主备同机存在数据风险，请确认您已理解风险。</Text>
  1000 |             <Text type=\"secondary\">继续将沿用单机路径策略，请确保具备隔离与备份计划。</Text>
  1001 |           </Space>
4:08:25 PM [vite] Internal server error: /home/lujingwei/DB-HA-Manager/frontend/src/pages/SetupWizard.tsx: Expecting Unicode escape sequence \uXXXX. (998:28)

   996 |         title: '主备 IP 相同',
   997 |         content: (
>  998 |           <Space direction=\"vertical\" size={8}>
       |                             ^
   999 |             <Text>主备同机存在数据风险，请确认您已理解风险。</Text>
  1000 |             <Text type=\"secondary\">继续将沿用单机路径策略，请确保具备隔离与备份计划。</Text>
  1001 |           </Space>
  Plugin: vite:react-babel
  File: /home/lujingwei/DB-HA-Manager/frontend/src/pages/SetupWizard.tsx:998:28
  996|          title: '主备 IP 相同',
  997|          content: (
  998|            <Space direction=\"vertical\" size={8}>
     |                              ^
  999|              <Text>主备同机存在数据风险，请确认您已理解风险。</Text>
  1000|              <Text type=\"secondary\">继续将沿用单机路径策略，请确保具备隔离与备份计划。</Text>
      at constructor (/home/lujingwei/DB-HA-Manager/frontend/node_modules/@babel/parser/lib/index.js:365:19)
      at TypeScriptParserMixin.raise (/home/lujingwei/DB-HA-Manager/frontend/node_modules/@babel/parser/lib/index.js:6599:19)
      at TypeScriptParserMixin.readWord1 (/home/lujingwei/DB-HA-Manager/frontend/node_modules/@babel/parser/lib/index.js:6559:16)
      at TypeScriptParserMixin.readWord (/home/lujingwei/DB-HA-Manager/frontend/node_modules/@babel/parser/lib/index.js:6579:23)
      at TypeScriptParserMixin.getTokenFromCode (/home/lujingwei/DB-HA-Manager/frontend/node_modules/@babel/parser/lib/index.js:6298:14)
      at TypeScriptParserMixin.getTokenFromCode (/home/lujingwei/DB-HA-Manager/frontend/node_modules/@babel/parser/lib/index.js:4797:11)
      at TypeScriptParserMixin.getTokenFromCode (/home/lujingwei/DB-HA-Manager/frontend/node_modules/@babel/parser/lib/index.js:9987:11)
      at TypeScriptParserMixin.nextToken (/home/lujingwei/DB-HA-Manager/frontend/node_modules/@babel/parser/lib/index.js:5782:10)
      at TypeScriptParserMixin.next (/home/lujingwei/DB-HA-Manager/frontend/node_modules/@babel/parser/lib/index.js:5692:10)
      at TypeScriptParserMixin.eat (/home/lujingwei/DB-HA-Manager/frontend/node_modules/@babel/parser/lib/index.js:5696:12)
      at TypeScriptParserMixin.jsxParseAttribute (/home/lujingwei/DB-HA-Manager/frontend/node_modules/@babel/parser/lib/index.js:4653:23)
      at TypeScriptParserMixin.jsxParseOpeningElementAfterName (/home/lujingwei/DB-HA-Manager/frontend/node_modules/@babel/parser/lib/index.js:4667:28)
      at TypeScriptParserMixin.jsxParseOpeningElementAfterName (/home/lujingwei/DB-HA-Manager/frontend/node_modules/@babel/parser/lib/index.js:10043:18)
      at TypeScriptParserMixin.jsxParseOpeningElementAt (/home/lujingwei/DB-HA-Manager/frontend/node_modules/@babel/parser/lib/index.js:4662:17)
      at TypeScriptParserMixin.jsxParseElementAt (/home/lujingwei/DB-HA-Manager/frontend/node_modules/@babel/parser/lib/index.js:4686:33)
      at TypeScriptParserMixin.jsxParseElement (/home/lujingwei/DB-HA-Manager/frontend/node_modules/@babel/parser/lib/index.js:4749:17)
      at TypeScriptParserMixin.parseExprAtom (/home/lujingwei/DB-HA-Manager/frontend/node_modules/@babel/parser/lib/index.js:4759:19)
      at TypeScriptParserMixin.parseExprSubscripts (/home/lujingwei/DB-HA-Manager/frontend/node_modules/@babel/parser/lib/index.js:11081:23)
      at TypeScriptParserMixin.parseUpdate (/home/lujingwei/DB-HA-Manager/frontend/node_modules/@babel/parser/lib/index.js:11066:21)
      at TypeScriptParserMixin.parseMaybeUnary (/home/lujingwei/DB-HA-Manager/frontend/node_modules/@babel/parser/lib/index.js:11046:23)
      at TypeScriptParserMixin.parseMaybeUnary (/home/lujingwei/DB-HA-Manager/frontend/node_modules/@babel/parser/lib/index.js:9837:18)
      at TypeScriptParserMixin.parseMaybeUnaryOrPrivate (/home/lujingwei/DB-HA-Manager/frontend/node_modules/@babel/parser/lib/index.js:10899:61)
      at TypeScriptParserMixin.parseExprOps (/home/lujingwei/DB-HA-Manager/frontend/node_modules/@babel/parser/lib/index.js:10904:23)
      at TypeScriptParserMixin.parseMaybeConditional (/home/lujingwei/DB-HA-Manager/frontend/node_modules/@babel/parser/lib/index.js:10881:23)
      at TypeScriptParserMixin.parseMaybeAssign (/home/lujingwei/DB-HA-Manager/frontend/node_modules/@babel/parser/lib/index.js:10831:21)
      at /home/lujingwei/DB-HA-Manager/frontend/node_modules/@babel/parser/lib/index.js:9775:39
      at TypeScriptParserMixin.tryParse (/home/lujingwei/DB-HA-Manager/frontend/node_modules/@babel/parser/lib/index.js:6907:20)
      at TypeScriptParserMixin.parseMaybeAssign (/home/lujingwei/DB-HA-Manager/frontend/node_modules/@babel/parser/lib/index.js:9775:18)
      at /home/lujingwei/DB-HA-Manager/frontend/node_modules/@babel/parser/lib/index.js:10800:39
      at TypeScriptParserMixin.allowInAnd (/home/lujingwei/DB-HA-Manager/frontend/node_modules/@babel/parser/lib/index.js:12426:12)
      at TypeScriptParserMixin.parseMaybeAssignAllowIn (/home/lujingwei/DB-HA-Manager/frontend/node_modules/@babel/parser/lib/index.js:10800:17)
      at TypeScriptParserMixin.parseMaybeAssignAllowInOrVoidPattern (/home/lujingwei/DB-HA-Manager/frontend/node_modules/@babel/parser/lib/index.js:12493:17)
      at TypeScriptParserMixin.parseParenAndDistinguishExpression (/home/lujingwei/DB-HA-Manager/frontend/node_modules/@babel/parser/lib/index.js:11675:28)
      at TypeScriptParserMixin.parseExprAtom (/home/lujingwei/DB-HA-Manager/frontend/node_modules/@babel/parser/lib/index.js:11331:23)
      at TypeScriptParserMixin.parseExprAtom (/home/lujingwei/DB-HA-Manager/frontend/node_modules/@babel/parser/lib/index.js:4764:20)
      at TypeScriptParserMixin.parseExprSubscripts (/home/lujingwei/DB-HA-Manager/frontend/node_modules/@babel/parser/lib/index.js:11081:23)
      at TypeScriptParserMixin.parseUpdate (/home/lujingwei/DB-HA-Manager/frontend/node_modules/@babel/parser/lib/index.js:11066:21)
      at TypeScriptParserMixin.parseMaybeUnary (/home/lujingwei/DB-HA-Manager/frontend/node_modules/@babel/parser/lib/index.js:11046:23)
      at TypeScriptParserMixin.parseMaybeUnary (/home/lujingwei/DB-HA-Manager/frontend/node_modules/@babel/parser/lib/index.js:9837:18)
      at TypeScriptParserMixin.parseMaybeUnaryOrPrivate (/home/lujingwei/DB-HA-Manager/frontend/node_modules/@babel/parser/lib/index.js:10899:61)
      at TypeScriptParserMixin.parseExprOps (/home/lujingwei/DB-HA-Manager/frontend/node_modules/@babel/parser/lib/index.js:10904:23)
      at TypeScriptParserMixin.parseMaybeConditional (/home/lujingwei/DB-HA-Manager/frontend/node_modules/@babel/parser/lib/index.js:10881:23)
      at TypeScriptParserMixin.parseMaybeAssign (/home/lujingwei/DB-HA-Manager/frontend/node_modules/@babel/parser/lib/index.js:10831:21)
      at TypeScriptParserMixin.parseMaybeAssign (/home/lujingwei/DB-HA-Manager/frontend/node_modules/@babel/parser/lib/index.js:9786:20)
      at /home/lujingwei/DB-HA-Manager/frontend/node_modules/@babel/parser/lib/index.js:10800:39
      at TypeScriptParserMixin.allowInAnd (/home/lujingwei/DB-HA-Manager/frontend/node_modules/@babel/parser/lib/index.js:12426:12)
      at TypeScriptParserMixin.parseMaybeAssignAllowIn (/home/lujingwei/DB-HA-Manager/frontend/node_modules/@babel/parser/lib/index.js:10800:17)
      at TypeScriptParserMixin.parseMaybeAssignAllowInOrVoidPattern (/home/lujingwei/DB-HA-Manager/frontend/node_modules/@babel/parser/lib/index.js:12493:17)
      at TypeScriptParserMixin.parseObjectProperty (/home/lujingwei/DB-HA-Manager/frontend/node_modules/@babel/parser/lib/index.js:11950:83)
      at TypeScriptParserMixin.parseObjPropValue (/home/lujingwei/DB-HA-Manager/frontend/node_modules/@babel/parser/lib/index.js:11978:100)
4:08:44 PM [vite] Internal server error: /home/lujingwei/DB-HA-Manager/frontend/src/pages/SetupWizard.tsx: Expecting Unicode escape sequence \uXXXX. (998:28)

   996 |         title: '主备 IP 相同',
   997 |         content: (
>  998 |           <Space direction=\"vertical\" size={8}>
       |                             ^
   999 |             <Text>主备同机存在数据风险，请确认您已理解风险。</Text>
  1000 |             <Text type=\"secondary\">继续将沿用单机路径策略，请确保具备隔离与备份计划。</Text>
  1001 |           </Space>
  Plugin: vite:react-babel
  File: /home/lujingwei/DB-HA-Manager/frontend/src/pages/SetupWizard.tsx:998:28
  996|          title: '主备 IP 相同',
  997|          content: (
  998|            <Space direction=\"vertical\" size={8}>
     |                              ^
  999|              <Text>主备同机存在数据风险，请确认您已理解风险。</Text>
  1000|              <Text type=\"secondary\">继续将沿用单机路径策略，请确保具备隔离与备份计划。</Text>
      at constructor (/home/lujingwei/DB-HA-Manager/frontend/node_modules/@babel/parser/lib/index.js:365:19)
      at TypeScriptParserMixin.raise (/home/lujingwei/DB-HA-Manager/frontend/node_modules/@babel/parser/lib/index.js:6599:19)
      at TypeScriptParserMixin.readWord1 (/home/lujingwei/DB-HA-Manager/frontend/node_modules/@babel/parser/lib/index.js:6559:16)
      at TypeScriptParserMixin.readWord (/home/lujingwei/DB-HA-Manager/frontend/node_modules/@babel/parser/lib/index.js:6579:23)
      at TypeScriptParserMixin.getTokenFromCode (/home/lujingwei/DB-HA-Manager/frontend/node_modules/@babel/parser/lib/index.js:6298:14)
      at TypeScriptParserMixin.getTokenFromCode (/home/lujingwei/DB-HA-Manager/frontend/node_modules/@babel/parser/lib/index.js:4797:11)
      at TypeScriptParserMixin.getTokenFromCode (/home/lujingwei/DB-HA-Manager/frontend/node_modules/@babel/parser/lib/index.js:9987:11)
      at TypeScriptParserMixin.nextToken (/home/lujingwei/DB-HA-Manager/frontend/node_modules/@babel/parser/lib/index.js:5782:10)
      at TypeScriptParserMixin.next (/home/lujingwei/DB-HA-Manager/frontend/node_modules/@babel/parser/lib/index.js:5692:10)
      at TypeScriptParserMixin.eat (/home/lujingwei/DB-HA-Manager/frontend/node_modules/@babel/parser/lib/index.js:5696:12)
      at TypeScriptParserMixin.jsxParseAttribute (/home/lujingwei/DB-HA-Manager/frontend/node_modules/@babel/parser/lib/index.js:4653:23)
      at TypeScriptParserMixin.jsxParseOpeningElementAfterName (/home/lujingwei/DB-HA-Manager/frontend/node_modules/@babel/parser/lib/index.js:4667:28)
      at TypeScriptParserMixin.jsxParseOpeningElementAfterName (/home/lujingwei/DB-HA-Manager/frontend/node_modules/@babel/parser/lib/index.js:10043:18)
      at TypeScriptParserMixin.jsxParseOpeningElementAt (/home/lujingwei/DB-HA-Manager/frontend/node_modules/@babel/parser/lib/index.js:4662:17)
      at TypeScriptParserMixin.jsxParseElementAt (/home/lujingwei/DB-HA-Manager/frontend/node_modules/@babel/parser/lib/index.js:4686:33)
      at TypeScriptParserMixin.jsxParseElement (/home/lujingwei/DB-HA-Manager/frontend/node_modules/@babel/parser/lib/index.js:4749:17)
      at TypeScriptParserMixin.parseExprAtom (/home/lujingwei/DB-HA-Manager/frontend/node_modules/@babel/parser/lib/index.js:4759:19)
      at TypeScriptParserMixin.parseExprSubscripts (/home/lujingwei/DB-HA-Manager/frontend/node_modules/@babel/parser/lib/index.js:11081:23)
      at TypeScriptParserMixin.parseUpdate (/home/lujingwei/DB-HA-Manager/frontend/node_modules/@babel/parser/lib/index.js:11066:21)
      at TypeScriptParserMixin.parseMaybeUnary (/home/lujingwei/DB-HA-Manager/frontend/node_modules/@babel/parser/lib/index.js:11046:23)
      at TypeScriptParserMixin.parseMaybeUnary (/home/lujingwei/DB-HA-Manager/frontend/node_modules/@babel/parser/lib/index.js:9837:18)
      at TypeScriptParserMixin.parseMaybeUnaryOrPrivate (/home/lujingwei/DB-HA-Manager/frontend/node_modules/@babel/parser/lib/index.js:10899:61)
      at TypeScriptParserMixin.parseExprOps (/home/lujingwei/DB-HA-Manager/frontend/node_modules/@babel/parser/lib/index.js:10904:23)
      at TypeScriptParserMixin.parseMaybeConditional (/home/lujingwei/DB-HA-Manager/frontend/node_modules/@babel/parser/lib/index.js:10881:23)
      at TypeScriptParserMixin.parseMaybeAssign (/home/lujingwei/DB-HA-Manager/frontend/node_modules/@babel/parser/lib/index.js:10831:21)
      at /home/lujingwei/DB-HA-Manager/frontend/node_modules/@babel/parser/lib/index.js:9775:39
      at TypeScriptParserMixin.tryParse (/home/lujingwei/DB-HA-Manager/frontend/node_modules/@babel/parser/lib/index.js:6907:20)
      at TypeScriptParserMixin.parseMaybeAssign (/home/lujingwei/DB-HA-Manager/frontend/node_modules/@babel/parser/lib/index.js:9775:18)
      at /home/lujingwei/DB-HA-Manager/frontend/node_modules/@babel/parser/lib/index.js:10800:39
      at TypeScriptParserMixin.allowInAnd (/home/lujingwei/DB-HA-Manager/frontend/node_modules/@babel/parser/lib/index.js:12426:12)
      at TypeScriptParserMixin.parseMaybeAssignAllowIn (/home/lujingwei/DB-HA-Manager/frontend/node_modules/@babel/parser/lib/index.js:10800:17)
      at TypeScriptParserMixin.parseMaybeAssignAllowInOrVoidPattern (/home/lujingwei/DB-HA-Manager/frontend/node_modules/@babel/parser/lib/index.js:12493:17)
      at TypeScriptParserMixin.parseParenAndDistinguishExpression (/home/lujingwei/DB-HA-Manager/frontend/node_modules/@babel/parser/lib/index.js:11675:28)
      at TypeScriptParserMixin.parseExprAtom (/home/lujingwei/DB-HA-Manager/frontend/node_modules/@babel/parser/lib/index.js:11331:23)
      at TypeScriptParserMixin.parseExprAtom (/home/lujingwei/DB-HA-Manager/frontend/node_modules/@babel/parser/lib/index.js:4764:20)
      at TypeScriptParserMixin.parseExprSubscripts (/home/lujingwei/DB-HA-Manager/frontend/node_modules/@babel/parser/lib/index.js:11081:23)
      at TypeScriptParserMixin.parseUpdate (/home/lujingwei/DB-HA-Manager/frontend/node_modules/@babel/parser/lib/index.js:11066:21)
      at TypeScriptParserMixin.parseMaybeUnary (/home/lujingwei/DB-HA-Manager/frontend/node_modules/@babel/parser/lib/index.js:11046:23)
      at TypeScriptParserMixin.parseMaybeUnary (/home/lujingwei/DB-HA-Manager/frontend/node_modules/@babel/parser/lib/index.js:9837:18)
      at TypeScriptParserMixin.parseMaybeUnaryOrPrivate (/home/lujingwei/DB-HA-Manager/frontend/node_modules/@babel/parser/lib/index.js:10899:61)
      at TypeScriptParserMixin.parseExprOps (/home/lujingwei/DB-HA-Manager/frontend/node_modules/@babel/parser/lib/index.js:10904:23)
      at TypeScriptParserMixin.parseMaybeConditional (/home/lujingwei/DB-HA-Manager/frontend/node_modules/@babel/parser/lib/index.js:10881:23)
      at TypeScriptParserMixin.parseMaybeAssign (/home/lujingwei/DB-HA-Manager/frontend/node_modules/@babel/parser/lib/index.js:10831:21)
      at TypeScriptParserMixin.parseMaybeAssign (/home/lujingwei/DB-HA-Manager/frontend/node_modules/@babel/parser/lib/index.js:9786:20)
      at /home/lujingwei/DB-HA-Manager/frontend/node_modules/@babel/parser/lib/index.js:10800:39
      at TypeScriptParserMixin.allowInAnd (/home/lujingwei/DB-HA-Manager/frontend/node_modules/@babel/parser/lib/index.js:12426:12)
      at TypeScriptParserMixin.parseMaybeAssignAllowIn (/home/lujingwei/DB-HA-Manager/frontend/node_modules/@babel/parser/lib/index.js:10800:17)
      at TypeScriptParserMixin.parseMaybeAssignAllowInOrVoidPattern (/home/lujingwei/DB-HA-Manager/frontend/node_modules/@babel/parser/lib/index.js:12493:17)
      at TypeScriptParserMixin.parseObjectProperty (/home/lujingwei/DB-HA-Manager/frontend/node_modules/@babel/parser/lib/index.js:11950:83)
      at TypeScriptParserMixin.parseObjPropValue (/home/lujingwei/DB-HA-Manager/frontend/node_modules/@babel/parser/lib/index.js:11978:100)
4:11:17 PM [vite] hmr update /src/pages/SetupWizard.tsx
4:12:55 PM [vite] hmr update /src/pages/SetupWizard.tsx
4:13:24 PM [vite] hmr update /src/pages/SetupWizard.tsx
4:14:56 PM [vite] hmr update /src/pages/SetupWizard.tsx
4:15:28 PM [vite] hmr update /src/pages/SetupWizard.tsx
4:16:15 PM [vite] hmr update /src/pages/SetupWizard.tsx
4:16:58 PM [vite] hmr update /src/pages/SetupWizard.tsx
4:35:04 PM [vite] hmr update /src/pages/SetupWizard.tsx
4:35:13 PM [vite] hmr update /src/pages/SetupWizard.tsx
4:39:44 PM [vite] hmr update /src/pages/SetupWizard.tsx
4:40:22 PM [vite] hmr update /src/pages/SetupWizard.tsx
4:41:39 PM [vite] hmr update /src/pages/SetupWizard.tsx
4:42:29 PM [vite] hmr update /src/pages/SetupWizard.tsx
4:46:33 PM [vite] hmr update /src/pages/SetupWizard.tsx
4:46:58 PM [vite] hmr update /src/pages/SetupWizard.tsx
4:50:34 PM [vite] hmr update /src/pages/SetupWizard.tsx
4:51:18 PM [vite] hmr update /src/pages/SetupWizard.tsx
5:00:30 PM [vite] hmr update /src/pages/SetupWizard.tsx
